dataset,algorithm,k,d,trial,step,instantaneous_loss,cumulative_loss,n_leaves,elapsed_s
MNIST,FTRL,10,50,0,0,0.184943,0.184943,1,0.002
MNIST,FTRL,10,50,0,1,0.561028,0.745971,1,0.002
MNIST,FTRL,10,50,0,2,0.377098,1.123069,1,0.002
MNIST,FTRL,10,50,0,3,0.556401,1.679470,1,0.002
MNIST,FTRL,10,50,0,4,0.488544,2.168013,1,0.002
MNIST,FTRL,10,50,0,5,0.385650,2.553664,1,0.002
MNIST,FTRL,10,50,0,6,0.361042,2.914706,1,0.002
MNIST,FTRL,10,50,0,7,0.249035,3.163741,1,0.002
MNIST,FTRL,10,50,0,8,0.305313,3.469053,1,0.002
MNIST,FTRL,10,50,0,9,0.464076,3.933129,1,0.003
MNIST,FTRL,10,50,0,10,0.528962,4.462090,1,0.003
MNIST,FTRL,10,50,0,11,0.614682,5.076772,1,0.003
MNIST,FTRL,10,50,0,12,0.319194,5.395967,1,0.003
MNIST,FTRL,10,50,0,13,0.443599,5.839566,1,0.003
MNIST,FTRL,10,50,0,14,0.384692,6.224258,1,0.003
MNIST,FTRL,10,50,0,15,0.371421,6.595679,1,0.003
MNIST,FTRL,10,50,0,16,0.258273,6.853952,1,0.004
MNIST,FTRL,10,50,0,17,0.452254,7.306206,1,0.004
MNIST,FTRL,10,50,0,18,0.663664,7.969870,1,0.004
MNIST,FTRL,10,50,0,19,0.563791,8.533661,1,0.004
MNIST,FTRL,10,50,0,20,0.147605,8.681266,1,0.004
MNIST,FTRL,10,50,0,21,0.334046,9.015311,1,0.004
MNIST,FTRL,10,50,0,22,0.350444,9.365756,1,0.004
MNIST,FTRL,10,50,0,23,0.288773,9.654529,1,0.005
MNIST,FTRL,10,50,0,24,0.318689,9.973217,1,0.005
MNIST,FTRL,10,50,0,25,0.193471,10.166688,1,0.005
MNIST,FTRL,10,50,0,26,0.513513,10.680201,1,0.005
MNIST,FTRL,10,50,0,27,0.490253,11.170455,1,0.005
MNIST,FTRL,10,50,0,28,0.179396,11.349850,1,0.005
MNIST,FTRL,10,50,0,29,0.192511,11.542361,1,0.005
MNIST,FTRL,10,50,0,30,0.495042,12.037404,1,0.005
MNIST,FTRL,10,50,0,31,0.141155,12.178559,1,0.006
MNIST,FTRL,10,50,0,32,0.262416,12.440976,1,0.006
MNIST,FTRL,10,50,0,33,0.202342,12.643318,1,0.006
MNIST,FTRL,10,50,0,34,0.206865,12.850182,1,0.006
MNIST,FTRL,10,50,0,35,0.289490,13.139673,1,0.006
MNIST,FTRL,10,50,0,36,0.184810,13.324483,1,0.006
MNIST,FTRL,10,50,0,37,0.471016,13.795499,1,0.006
MNIST,FTRL,10,50,0,38,0.108391,13.903890,1,0.007
MNIST,FTRL,10,50,0,39,0.302070,14.205959,1,0.007
MNIST,FTRL,10,50,0,40,0.198816,14.404776,1,0.007
MNIST,FTRL,10,50,0,41,0.366446,14.771222,1,0.007
MNIST,FTRL,10,50,0,42,0.497123,15.268346,1,0.007
MNIST,FTRL,10,50,0,43,0.307561,15.575907,1,0.007
MNIST,FTRL,10,50,0,44,0.311221,15.887128,1,0.007
MNIST,FTRL,10,50,0,45,0.445087,16.332215,1,0.007
MNIST,FTRL,10,50,0,46,0.348406,16.680621,1,0.008
MNIST,FTRL,10,50,0,47,0.209407,16.890028,1,0.008
MNIST,FTRL,10,50,0,48,0.433800,17.323828,1,0.008
MNIST,FTRL,10,50,0,49,0.416760,17.740588,1,0.008
MNIST,FTRL,10,50,0,50,0.218436,17.959024,1,0.008
MNIST,FTRL,10,50,0,51,0.358679,18.317703,1,0.009
MNIST,FTRL,10,50,0,52,0.498463,18.816166,1,0.009
MNIST,FTRL,10,50,0,53,0.415857,19.232023,1,0.009
MNIST,FTRL,10,50,0,54,0.311065,19.543088,1,0.009
MNIST,FTRL,10,50,0,55,0.264812,19.807900,1,0.009
MNIST,FTRL,10,50,0,56,0.197244,20.005144,1,0.009
MNIST,FTRL,10,50,0,57,0.312352,20.317497,1,0.010
MNIST,FTRL,10,50,0,58,0.357747,20.675244,1,0.010
MNIST,FTRL,10,50,0,59,0.198754,20.873998,1,0.010
MNIST,FTRL,10,50,0,60,0.223214,21.097212,1,0.010
MNIST,FTRL,10,50,0,61,0.207212,21.304424,1,0.010
MNIST,FTRL,10,50,0,62,0.255158,21.559582,1,0.010
MNIST,FTRL,10,50,0,63,0.410216,21.969798,1,0.010
MNIST,FTRL,10,50,0,64,0.296549,22.266348,1,0.011
MNIST,FTRL,10,50,0,65,0.257212,22.523560,1,0.011
MNIST,FTRL,10,50,0,66,0.329639,22.853199,1,0.011
MNIST,FTRL,10,50,0,67,0.104669,22.957868,1,0.011
MNIST,FTRL,10,50,0,68,0.338879,23.296747,1,0.011
MNIST,FTRL,10,50,0,69,0.175114,23.471861,1,0.011
MNIST,FTRL,10,50,0,70,0.202649,23.674511,1,0.012
MNIST,FTRL,10,50,0,71,0.152636,23.827147,1,0.012
MNIST,FTRL,10,50,0,72,0.332921,24.160068,1,0.012
MNIST,FTRL,10,50,0,73,0.094184,24.254252,1,0.012
MNIST,FTRL,10,50,0,74,0.465841,24.720093,1,0.012
MNIST,FTRL,10,50,0,75,0.343255,25.063348,1,0.013
MNIST,FTRL,10,50,0,76,0.263715,25.327063,1,0.013
MNIST,FTRL,10,50,0,77,0.152506,25.479569,1,0.013
MNIST,FTRL,10,50,0,78,0.418077,25.897646,1,0.013
MNIST,FTRL,10,50,0,79,0.428237,26.325883,1,0.013
MNIST,FTRL,10,50,0,80,0.057039,26.382922,1,0.013
MNIST,FTRL,10,50,0,81,0.382933,26.765856,1,0.014
MNIST,FTRL,10,50,0,82,0.258885,27.024741,1,0.014
MNIST,FTRL,10,50,0,83,0.276990,27.301730,1,0.014
MNIST,FTRL,10,50,0,84,0.264389,27.566120,1,0.014
MNIST,FTRL,10,50,0,85,0.316513,27.882633,1,0.014
MNIST,FTRL,10,50,0,86,0.108463,27.991096,1,0.015
MNIST,FTRL,10,50,0,87,0.304957,28.296053,1,0.015
MNIST,FTRL,10,50,0,88,0.241950,28.538003,1,0.015
MNIST,FTRL,10,50,0,89,0.369841,28.907844,1,0.015
MNIST,FTRL,10,50,0,90,0.355871,29.263714,1,0.015
MNIST,FTRL,10,50,0,91,0.251539,29.515253,1,0.016
MNIST,FTRL,10,50,0,92,0.285525,29.800779,1,0.016
MNIST,FTRL,10,50,0,93,0.283680,30.084459,1,0.016
MNIST,FTRL,10,50,0,94,0.284955,30.369414,1,0.016
MNIST,FTRL,10,50,0,95,0.382980,30.752395,1,0.016
MNIST,FTRL,10,50,0,96,0.301149,31.053543,1,0.016
MNIST,FTRL,10,50,0,97,0.425804,31.479347,1,0.017
MNIST,FTRL,10,50,0,98,0.275267,31.754614,1,0.017
MNIST,FTRL,10,50,0,99,0.374510,32.129124,1,0.017
MNIST,FTRL,10,50,0,100,0.153437,32.282561,1,0.017
MNIST,FTRL,10,50,0,101,0.356018,32.638579,1,0.017
MNIST,FTRL,10,50,0,102,0.131003,32.769582,1,0.017
MNIST,FTRL,10,50,0,103,0.238653,33.008235,1,0.018
MNIST,FTRL,10,50,0,104,0.261172,33.269407,1,0.018
MNIST,FTRL,10,50,0,105,0.392006,33.661413,1,0.018
MNIST,FTRL,10,50,0,106,0.376121,34.037534,1,0.018
MNIST,FTRL,10,50,0,107,0.400332,34.437866,1,0.018
MNIST,FTRL,10,50,0,108,0.110834,34.548700,1,0.018
MNIST,FTRL,10,50,0,109,0.336435,34.885135,1,0.019
MNIST,FTRL,10,50,0,110,0.277572,35.162707,1,0.019
MNIST,FTRL,10,50,0,111,0.117641,35.280348,1,0.019
MNIST,FTRL,10,50,0,112,0.278907,35.559255,1,0.019
MNIST,FTRL,10,50,0,113,0.236833,35.796087,1,0.019
MNIST,FTRL,10,50,0,114,0.285398,36.081486,1,0.019
MNIST,FTRL,10,50,0,115,0.362627,36.444113,1,0.020
MNIST,FTRL,10,50,0,116,0.270667,36.714779,1,0.020
MNIST,FTRL,10,50,0,117,0.231980,36.946760,1,0.020
MNIST,FTRL,10,50,0,118,0.365548,37.312307,1,0.020
MNIST,FTRL,10,50,0,119,0.420458,37.732765,1,0.020
MNIST,FTRL,10,50,0,120,0.226329,37.959095,1,0.020
MNIST,FTRL,10,50,0,121,0.379131,38.338226,1,0.021
MNIST,FTRL,10,50,0,122,0.330998,38.669224,1,0.021
MNIST,FTRL,10,50,0,123,0.165391,38.834615,1,0.021
MNIST,FTRL,10,50,0,124,0.364714,39.199329,1,0.021
MNIST,FTRL,10,50,0,125,0.191936,39.391265,1,0.021
MNIST,FTRL,10,50,0,126,0.318930,39.710196,1,0.021
MNIST,FTRL,10,50,0,127,0.248219,39.958415,1,0.021
MNIST,FTRL,10,50,0,128,0.117911,40.076326,1,0.022
MNIST,FTRL,10,50,0,129,0.183179,40.259505,1,0.022
MNIST,FTRL,10,50,0,130,0.369439,40.628943,1,0.022
MNIST,FTRL,10,50,0,131,0.329676,40.958620,1,0.022
MNIST,FTRL,10,50,0,132,0.410897,41.369517,1,0.022
MNIST,FTRL,10,50,0,133,0.326049,41.695566,1,0.022
MNIST,FTRL,10,50,0,134,0.213974,41.909540,1,0.023
MNIST,FTRL,10,50,0,135,0.320002,42.229542,1,0.023
MNIST,FTRL,10,50,0,136,0.308056,42.537598,1,0.023
MNIST,FTRL,10,50,0,137,0.196750,42.734348,1,0.023
MNIST,FTRL,10,50,0,138,0.220662,42.955010,1,0.023
MNIST,FTRL,10,50,0,139,0.229981,43.184991,1,0.023
MNIST,FTRL,10,50,0,140,0.280266,43.465258,1,0.023
MNIST,FTRL,10,50,0,141,0.273209,43.738466,1,0.024
MNIST,FTRL,10,50,0,142,0.135227,43.873693,1,0.024
MNIST,FTRL,10,50,0,143,0.316214,44.189908,1,0.024
MNIST,FTRL,10,50,0,144,0.287453,44.477361,1,0.024
MNIST,FTRL,10,50,0,145,0.193880,44.671241,1,0.024
MNIST,FTRL,10,50,0,146,0.203558,44.874799,1,0.024
MNIST,FTRL,10,50,0,147,0.199992,45.074791,1,0.025
MNIST,FTRL,10,50,0,148,0.150732,45.225524,1,0.025
MNIST,FTRL,10,50,0,149,0.380120,45.605644,1,0.025
MNIST,FTRL,10,50,0,150,0.166994,45.772637,1,0.025
MNIST,FTRL,10,50,0,151,0.253947,46.026584,1,0.025
MNIST,FTRL,10,50,0,152,0.285098,46.311682,1,0.025
MNIST,FTRL,10,50,0,153,0.456115,46.767798,1,0.026
MNIST,FTRL,10,50,0,154,0.292933,47.060731,1,0.026
MNIST,FTRL,10,50,0,155,0.207218,47.267949,1,0.026
MNIST,FTRL,10,50,0,156,0.130333,47.398282,1,0.026
MNIST,FTRL,10,50,0,157,0.182609,47.580891,1,0.026
MNIST,FTRL,10,50,0,158,0.429342,48.010233,1,0.026
MNIST,FTRL,10,50,0,159,0.275432,48.285665,1,0.027
MNIST,FTRL,10,50,0,160,0.274117,48.559783,1,0.027
MNIST,FTRL,10,50,0,161,0.205997,48.765780,1,0.027
MNIST,FTRL,10,50,0,162,0.333561,49.099341,1,0.027
MNIST,FTRL,10,50,0,163,0.134470,49.233811,1,0.027
MNIST,FTRL,10,50,0,164,0.233017,49.466828,1,0.027
MNIST,FTRL,10,50,0,165,0.206826,49.673654,1,0.028
MNIST,FTRL,10,50,0,166,0.434297,50.107951,1,0.028
MNIST,FTRL,10,50,0,167,0.199744,50.307695,1,0.028
MNIST,FTRL,10,50,0,168,0.214859,50.522554,1,0.028
MNIST,FTRL,10,50,0,169,0.290408,50.812962,1,0.028
MNIST,FTRL,10,50,0,170,0.309231,51.122193,1,0.029
MNIST,FTRL,10,50,0,171,0.254048,51.376241,1,0.029
MNIST,FTRL,10,50,0,172,0.253049,51.629290,1,0.029
MNIST,FTRL,10,50,0,173,0.320713,51.950003,1,0.029
MNIST,FTRL,10,50,0,174,0.161986,52.111989,1,0.029
MNIST,FTRL,10,50,0,175,0.209176,52.321165,1,0.029
MNIST,FTRL,10,50,0,176,0.164975,52.486140,1,0.030
MNIST,FTRL,10,50,0,177,0.161738,52.647879,1,0.030
MNIST,FTRL,10,50,0,178,0.264273,52.912151,1,0.030
MNIST,FTRL,10,50,0,179,0.209635,53.121786,1,0.030
MNIST,FTRL,10,50,0,180,0.257914,53.379700,1,0.030
MNIST,FTRL,10,50,0,181,0.105162,53.484862,1,0.030
MNIST,FTRL,10,50,0,182,0.284593,53.769456,1,0.030
MNIST,FTRL,10,50,0,183,0.282060,54.051516,1,0.031
MNIST,FTRL,10,50,0,184,0.331139,54.382655,1,0.031
MNIST,FTRL,10,50,0,185,0.131167,54.513822,1,0.031
MNIST,FTRL,10,50,0,186,0.136265,54.650087,1,0.031
MNIST,FTRL,10,50,0,187,0.431289,55.081377,1,0.031
MNIST,FTRL,10,50,0,188,0.304121,55.385498,1,0.031
MNIST,FTRL,10,50,0,189,0.460226,55.845724,1,0.032
MNIST,FTRL,10,50,0,190,0.236841,56.082565,1,0.032
MNIST,FTRL,10,50,0,191,0.155651,56.238216,1,0.032
MNIST,FTRL,10,50,0,192,0.161572,56.399788,1,0.032
MNIST,FTRL,10,50,0,193,0.161959,56.561747,1,0.032
MNIST,FTRL,10,50,0,194,0.219774,56.781521,1,0.032
MNIST,FTRL,10,50,0,195,0.463441,57.244962,1,0.032
MNIST,FTRL,10,50,0,196,0.242902,57.487864,1,0.033
MNIST,FTRL,10,50,0,197,0.454846,57.942710,1,0.033
MNIST,FTRL,10,50,0,198,0.416259,58.358969,1,0.033
MNIST,FTRL,10,50,0,199,0.247560,58.606529,1,0.033
MNIST,FTRL,10,50,0,200,0.363615,58.970145,1,0.033
MNIST,FTRL,10,50,0,201,0.233639,59.203784,1,0.034
MNIST,FTRL,10,50,0,202,0.335065,59.538849,1,0.034
MNIST,FTRL,10,50,0,203,0.280563,59.819412,1,0.034
MNIST,FTRL,10,50,0,204,0.286557,60.105968,1,0.034
MNIST,FTRL,10,50,0,205,0.258395,60.364363,1,0.034
MNIST,FTRL,10,50,0,206,0.417929,60.782292,1,0.034
MNIST,FTRL,10,50,0,207,0.377946,61.160238,1,0.035
MNIST,FTRL,10,50,0,208,0.186878,61.347116,1,0.035
MNIST,FTRL,10,50,0,209,0.152121,61.499237,1,0.035
MNIST,FTRL,10,50,0,210,0.225156,61.724393,1,0.035
MNIST,FTRL,10,50,0,211,0.396922,62.121315,1,0.035
MNIST,FTRL,10,50,0,212,0.108233,62.229548,1,0.035
MNIST,FTRL,10,50,0,213,0.243477,62.473025,1,0.035
MNIST,FTRL,10,50,0,214,0.117263,62.590288,1,0.036
MNIST,FTRL,10,50,0,215,0.136918,62.727206,1,0.036
MNIST,FTRL,10,50,0,216,0.140376,62.867582,1,0.036
MNIST,FTRL,10,50,0,217,0.113056,62.980638,1,0.036
MNIST,FTRL,10,50,0,218,0.265154,63.245792,1,0.036
MNIST,FTRL,10,50,0,219,0.266155,63.511947,1,0.036
MNIST,FTRL,10,50,0,220,0.329007,63.840953,1,0.037
MNIST,FTRL,10,50,0,221,0.219892,64.060846,1,0.037
MNIST,FTRL,10,50,0,222,0.372297,64.433143,1,0.037
MNIST,FTRL,10,50,0,223,0.254561,64.687704,1,0.037
MNIST,FTRL,10,50,0,224,0.138258,64.825962,1,0.037
MNIST,FTRL,10,50,0,225,0.362754,65.188716,1,0.037
MNIST,FTRL,10,50,0,226,0.280345,65.469061,1,0.037
MNIST,FTRL,10,50,0,227,0.300973,65.770034,1,0.038
MNIST,FTRL,10,50,0,228,0.382595,66.152629,1,0.038
MNIST,FTRL,10,50,0,229,0.202425,66.355053,1,0.038
MNIST,FTRL,10,50,0,230,0.458544,66.813597,1,0.038
MNIST,FTRL,10,50,0,231,0.460177,67.273774,1,0.038
MNIST,FTRL,10,50,0,232,0.332487,67.606261,1,0.038
MNIST,FTRL,10,50,0,233,0.144239,67.750500,1,0.039
MNIST,FTRL,10,50,0,234,0.150141,67.900642,1,0.039
MNIST,FTRL,10,50,0,235,0.136025,68.036666,1,0.039
MNIST,FTRL,10,50,0,236,0.224752,68.261418,1,0.039
MNIST,FTRL,10,50,0,237,0.281439,68.542856,1,0.039
MNIST,FTRL,10,50,0,238,0.368302,68.911159,1,0.039
MNIST,FTRL,10,50,0,239,0.324368,69.235527,1,0.039
MNIST,FTRL,10,50,0,240,0.304947,69.540474,1,0.040
MNIST,FTRL,10,50,0,241,0.251072,69.791546,1,0.040
MNIST,FTRL,10,50,0,242,0.233530,70.025076,1,0.040
MNIST,FTRL,10,50,0,243,0.098144,70.123220,1,0.040
MNIST,FTRL,10,50,0,244,0.250895,70.374115,1,0.040
MNIST,FTRL,10,50,0,245,0.278248,70.652363,1,0.040
MNIST,FTRL,10,50,0,246,0.513548,71.165911,1,0.041
MNIST,FTRL,10,50,0,247,0.384677,71.550588,1,0.041
MNIST,FTRL,10,50,0,248,0.166993,71.717582,1,0.041
MNIST,FTRL,10,50,0,249,0.200841,71.918423,1,0.041
MNIST,FTRL,10,50,0,250,0.156305,72.074728,1,0.041
MNIST,FTRL,10,50,0,251,0.361664,72.436392,1,0.042
MNIST,FTRL,10,50,0,252,0.136471,72.572863,1,0.042
MNIST,FTRL,10,50,0,253,0.117245,72.690108,1,0.042
MNIST,FTRL,10,50,0,254,0.317129,73.007237,1,0.042
MNIST,FTRL,10,50,0,255,0.278428,73.285665,1,0.042
MNIST,FTRL,10,50,0,256,0.333234,73.618899,1,0.042
MNIST,FTRL,10,50,0,257,0.234445,73.853343,1,0.043
MNIST,FTRL,10,50,0,258,0.339815,74.193159,1,0.043
MNIST,FTRL,10,50,0,259,0.201055,74.394214,1,0.043
MNIST,FTRL,10,50,0,260,0.323086,74.717300,1,0.043
MNIST,FTRL,10,50,0,261,0.248777,74.966077,1,0.043
MNIST,FTRL,10,50,0,262,0.201418,75.167494,1,0.043
MNIST,FTRL,10,50,0,263,0.305870,75.473364,1,0.044
MNIST,FTRL,10,50,0,264,0.272861,75.746225,1,0.044
MNIST,FTRL,10,50,0,265,0.227449,75.973674,1,0.044
MNIST,FTRL,10,50,0,266,0.203341,76.177016,1,0.044
MNIST,FTRL,10,50,0,267,0.401679,76.578694,1,0.044
MNIST,FTRL,10,50,0,268,0.509017,77.087711,1,0.044
MNIST,FTRL,10,50,0,269,0.174514,77.262225,1,0.044
MNIST,FTRL,10,50,0,270,0.163350,77.425575,1,0.045
MNIST,FTRL,10,50,0,271,0.283220,77.708795,1,0.045
MNIST,FTRL,10,50,0,272,0.484553,78.193348,1,0.045
MNIST,FTRL,10,50,0,273,0.319734,78.513082,1,0.045
MNIST,FTRL,10,50,0,274,0.146204,78.659286,1,0.045
MNIST,FTRL,10,50,0,275,0.222640,78.881925,1,0.045
MNIST,FTRL,10,50,0,276,0.378380,79.260306,1,0.046
MNIST,FTRL,10,50,0,277,0.234414,79.494720,1,0.046
MNIST,FTRL,10,50,0,278,0.246804,79.741524,1,0.046
MNIST,FTRL,10,50,0,279,0.148837,79.890362,1,0.046
MNIST,FTRL,10,50,0,280,0.094081,79.984443,1,0.046
MNIST,FTRL,10,50,0,281,0.300914,80.285357,1,0.046
MNIST,FTRL,10,50,0,282,0.217466,80.502823,1,0.046
MNIST,FTRL,10,50,0,283,0.210332,80.713155,1,0.047
MNIST,FTRL,10,50,0,284,0.230604,80.943759,1,0.047
MNIST,FTRL,10,50,0,285,0.267058,81.210817,1,0.047
MNIST,FTRL,10,50,0,286,0.224508,81.435325,1,0.047
MNIST,FTRL,10,50,0,287,0.199025,81.634349,1,0.047
MNIST,FTRL,10,50,0,288,0.187828,81.822177,1,0.047
MNIST,FTRL,10,50,0,289,0.319000,82.141177,1,0.048
MNIST,FTRL,10,50,0,290,0.429761,82.570939,1,0.048
MNIST,FTRL,10,50,0,291,0.413704,82.984643,1,0.048
MNIST,FTRL,10,50,0,292,0.436110,83.420752,1,0.048
MNIST,FTRL,10,50,0,293,0.265579,83.686331,1,0.048
MNIST,FTRL,10,50,0,294,0.344047,84.030378,1,0.048
MNIST,FTRL,10,50,0,295,0.185778,84.216156,1,0.048
MNIST,FTRL,10,50,0,296,0.132770,84.348926,1,0.049
MNIST,FTRL,10,50,0,297,0.358762,84.707688,1,0.049
MNIST,FTRL,10,50,0,298,0.135964,84.843652,1,0.049
MNIST,FTRL,10,50,0,299,0.304039,85.147691,1,0.049
MNIST,FTRL,10,50,0,300,0.206482,85.354173,1,0.049
MNIST,FTRL,10,50,0,301,0.142713,85.496886,1,0.049
MNIST,FTRL,10,50,0,302,0.376192,85.873078,1,0.050
MNIST,FTRL,10,50,0,303,0.146183,86.019261,1,0.050
MNIST,FTRL,10,50,0,304,0.257675,86.276936,1,0.050
MNIST,FTRL,10,50,0,305,0.411953,86.688889,1,0.050
MNIST,FTRL,10,50,0,306,0.265355,86.954244,1,0.050
MNIST,FTRL,10,50,0,307,0.185627,87.139871,1,0.050
MNIST,FTRL,10,50,0,308,0.247219,87.387090,1,0.051
MNIST,FTRL,10,50,0,309,0.247762,87.634853,1,0.051
MNIST,FTRL,10,50,0,310,0.231835,87.866688,1,0.051
MNIST,FTRL,10,50,0,311,0.299846,88.166533,1,0.051
MNIST,FTRL,10,50,0,312,0.141426,88.307959,1,0.051
MNIST,FTRL,10,50,0,313,0.200421,88.508381,1,0.051
MNIST,FTRL,10,50,0,314,0.359185,88.867566,1,0.052
MNIST,FTRL,10,50,0,315,0.135718,89.003284,1,0.052
MNIST,FTRL,10,50,0,316,0.245035,89.248320,1,0.052
MNIST,FTRL,10,50,0,317,0.220877,89.469196,1,0.052
MNIST,FTRL,10,50,0,318,0.379954,89.849151,1,0.052
MNIST,FTRL,10,50,0,319,0.189535,90.038686,1,0.052
MNIST,FTRL,10,50,0,320,0.487179,90.525865,1,0.052
MNIST,FTRL,10,50,0,321,0.210189,90.736054,1,0.053
MNIST,FTRL,10,50,0,322,0.409953,91.146007,1,0.053
MNIST,FTRL,10,50,0,323,0.374684,91.520691,1,0.053
MNIST,FTRL,10,50,0,324,0.178994,91.699685,1,0.053
MNIST,FTRL,10,50,0,325,0.178945,91.878630,1,0.053
MNIST,FTRL,10,50,0,326,0.200897,92.079527,1,0.053
MNIST,FTRL,10,50,0,327,0.278778,92.358305,1,0.054
MNIST,FTRL,10,50,0,328,0.270840,92.629145,1,0.054
MNIST,FTRL,10,50,0,329,0.199980,92.829125,1,0.054
MNIST,FTRL,10,50,0,330,0.270490,93.099615,1,0.054
MNIST,FTRL,10,50,0,331,0.436712,93.536328,1,0.054
MNIST,FTRL,10,50,0,332,0.235360,93.771687,1,0.054
MNIST,FTRL,10,50,0,333,0.281347,94.053034,1,0.055
MNIST,FTRL,10,50,0,334,0.306347,94.359381,1,0.055
MNIST,FTRL,10,50,0,335,0.216436,94.575817,1,0.055
MNIST,FTRL,10,50,0,336,0.210479,94.786296,1,0.055
MNIST,FTRL,10,50,0,337,0.399687,95.185984,1,0.055
MNIST,FTRL,10,50,0,338,0.298053,95.484037,1,0.055
MNIST,FTRL,10,50,0,339,0.404395,95.888432,1,0.056
MNIST,FTRL,10,50,0,340,0.211561,96.099993,1,0.056
MNIST,FTRL,10,50,0,341,0.281431,96.381425,1,0.056
MNIST,FTRL,10,50,0,342,0.213685,96.595110,1,0.056
MNIST,FTRL,10,50,0,343,0.197334,96.792444,1,0.056
MNIST,FTRL,10,50,0,344,0.134588,96.927032,1,0.056
MNIST,FTRL,10,50,0,345,0.404402,97.331434,1,0.056
MNIST,FTRL,10,50,0,346,0.163813,97.495247,1,0.057
MNIST,FTRL,10,50,0,347,0.250561,97.745808,1,0.057
MNIST,FTRL,10,50,0,348,0.339348,98.085156,1,0.057
MNIST,FTRL,10,50,0,349,0.220995,98.306151,1,0.057
MNIST,FTRL,10,50,0,350,0.192861,98.499012,1,0.057
MNIST,FTRL,10,50,0,351,0.321686,98.820698,1,0.058
MNIST,FTRL,10,50,0,352,0.220750,99.041447,1,0.058
MNIST,FTRL,10,50,0,353,0.305679,99.347126,1,0.058
MNIST,FTRL,10,50,0,354,0.175431,99.522558,1,0.058
MNIST,FTRL,10,50,0,355,0.260312,99.782870,1,0.058
MNIST,FTRL,10,50,0,356,0.307928,100.090797,1,0.058
MNIST,FTRL,10,50,0,357,0.185000,100.275798,1,0.059
MNIST,FTRL,10,50,0,358,0.282316,100.558113,1,0.059
MNIST,FTRL,10,50,0,359,0.352731,100.910845,1,0.059
MNIST,FTRL,10,50,0,360,0.274704,101.185549,1,0.059
MNIST,FTRL,10,50,0,361,0.252166,101.437715,1,0.059
MNIST,FTRL,10,50,0,362,0.175559,101.613274,1,0.059
MNIST,FTRL,10,50,0,363,0.300329,101.913603,1,0.060
MNIST,FTRL,10,50,0,364,0.141568,102.055171,1,0.060
MNIST,FTRL,10,50,0,365,0.619268,102.674439,1,0.060
MNIST,FTRL,10,50,0,366,0.323509,102.997948,1,0.060
MNIST,FTRL,10,50,0,367,0.210074,103.208021,1,0.060
MNIST,FTRL,10,50,0,368,0.090188,103.298210,1,0.060
MNIST,FTRL,10,50,0,369,0.292758,103.590967,1,0.060
MNIST,FTRL,10,50,0,370,0.265271,103.856238,1,0.061
MNIST,FTRL,10,50,0,371,0.108639,103.964877,1,0.061
MNIST,FTRL,10,50,0,372,0.320886,104.285764,1,0.061
MNIST,FTRL,10,50,0,373,0.329499,104.615263,1,0.061
MNIST,FTRL,10,50,0,374,0.240406,104.855668,1,0.061
MNIST,FTRL,10,50,0,375,0.360285,105.215954,1,0.061
MNIST,FTRL,10,50,0,376,0.327207,105.543161,1,0.062
MNIST,FTRL,10,50,0,377,0.108263,105.651424,1,0.062
MNIST,FTRL,10,50,0,378,0.095065,105.746489,1,0.062
MNIST,FTRL,10,50,0,379,0.142253,105.888742,1,0.062
MNIST,FTRL,10,50,0,380,0.119745,106.008486,1,0.062
MNIST,FTRL,10,50,0,381,0.292544,106.301031,1,0.062
MNIST,FTRL,10,50,0,382,0.107024,106.408055,1,0.062
MNIST,FTRL,10,50,0,383,0.120995,106.529050,1,0.063
MNIST,FTRL,10,50,0,384,0.331950,106.861000,1,0.063
MNIST,FTRL,10,50,0,385,0.271321,107.132320,1,0.063
MNIST,FTRL,10,50,0,386,0.239062,107.371383,1,0.063
MNIST,FTRL,10,50,0,387,0.294618,107.666001,1,0.063
MNIST,FTRL,10,50,0,388,0.204616,107.870617,1,0.063
MNIST,FTRL,10,50,0,389,0.178632,108.049249,1,0.064
MNIST,FTRL,10,50,0,390,0.206402,108.255651,1,0.064
MNIST,FTRL,10,50,0,391,0.330094,108.585745,1,0.064
MNIST,FTRL,10,50,0,392,0.222314,108.808059,1,0.064
MNIST,FTRL,10,50,0,393,0.078991,108.887050,1,0.064
MNIST,FTRL,10,50,0,394,0.425502,109.312553,1,0.064
MNIST,FTRL,10,50,0,395,0.471033,109.783586,1,0.064
MNIST,FTRL,10,50,0,396,0.303746,110.087332,1,0.065
MNIST,FTRL,10,50,0,397,0.322473,110.409805,1,0.065
MNIST,FTRL,10,50,0,398,0.328048,110.737854,1,0.065
MNIST,FTRL,10,50,0,399,0.132102,110.869956,1,0.065
MNIST,FTRL,10,50,0,400,0.082774,110.952729,1,0.065
MNIST,FTRL,10,50,0,401,0.331195,111.283925,1,0.066
MNIST,FTRL,10,50,0,402,0.427307,111.711232,1,0.066
MNIST,FTRL,10,50,0,403,0.173687,111.884919,1,0.066
MNIST,FTRL,10,50,0,404,0.337592,112.222511,1,0.066
MNIST,FTRL,10,50,0,405,0.203427,112.425937,1,0.066
MNIST,FTRL,10,50,0,406,0.134599,112.560537,1,0.066
MNIST,FTRL,10,50,0,407,0.328843,112.889380,1,0.067
MNIST,FTRL,10,50,0,408,0.162657,113.052037,1,0.067
MNIST,FTRL,10,50,0,409,0.272259,113.324296,1,0.067
MNIST,FTRL,10,50,0,410,0.271840,113.596137,1,0.067
MNIST,FTRL,10,50,0,411,0.413565,114.009702,1,0.067
MNIST,FTRL,10,50,0,412,0.188751,114.198454,1,0.067
MNIST,FTRL,10,50,0,413,0.134049,114.332503,1,0.068
MNIST,FTRL,10,50,0,414,0.262596,114.595099,1,0.068
MNIST,FTRL,10,50,0,415,0.112467,114.707566,1,0.068
MNIST,FTRL,10,50,0,416,0.255480,114.963046,1,0.068
MNIST,FTRL,10,50,0,417,0.312936,115.275982,1,0.068
MNIST,FTRL,10,50,0,418,0.169750,115.445732,1,0.068
MNIST,FTRL,10,50,0,419,0.300300,115.746031,1,0.069
MNIST,FTRL,10,50,0,420,0.268303,116.014334,1,0.069
MNIST,FTRL,10,50,0,421,0.298715,116.313049,1,0.069
MNIST,FTRL,10,50,0,422,0.201542,116.514591,1,0.069
MNIST,FTRL,10,50,0,423,0.453736,116.968327,1,0.069
MNIST,FTRL,10,50,0,424,0.376750,117.345077,1,0.070
MNIST,FTRL,10,50,0,425,0.263842,117.608919,1,0.070
MNIST,FTRL,10,50,0,426,0.365500,117.974419,1,0.070
MNIST,FTRL,10,50,0,427,0.363660,118.338078,1,0.070
MNIST,FTRL,10,50,0,428,0.201633,118.539712,1,0.070
MNIST,FTRL,10,50,0,429,0.298920,118.838632,1,0.070
MNIST,FTRL,10,50,0,430,0.134954,118.973586,1,0.070
MNIST,FTRL,10,50,0,431,0.063195,119.036781,1,0.071
MNIST,FTRL,10,50,0,432,0.534941,119.571721,1,0.071
MNIST,FTRL,10,50,0,433,0.310856,119.882577,1,0.071
MNIST,FTRL,10,50,0,434,0.167590,120.050167,1,0.071
MNIST,FTRL,10,50,0,435,0.302134,120.352301,1,0.071
MNIST,FTRL,10,50,0,436,0.208862,120.561163,1,0.071
MNIST,FTRL,10,50,0,437,0.316181,120.877344,1,0.072
MNIST,FTRL,10,50,0,438,0.357979,121.235323,1,0.072
MNIST,FTRL,10,50,0,439,0.133076,121.368399,1,0.072
MNIST,FTRL,10,50,0,440,0.162798,121.531197,1,0.072
MNIST,FTRL,10,50,0,441,0.212826,121.744023,1,0.072
MNIST,FTRL,10,50,0,442,0.162075,121.906098,1,0.072
MNIST,FTRL,10,50,0,443,0.085602,121.991700,1,0.072
MNIST,FTRL,10,50,0,444,0.285602,122.277302,1,0.073
MNIST,FTRL,10,50,0,445,0.235848,122.513150,1,0.073
MNIST,FTRL,10,50,0,446,0.271807,122.784957,1,0.073
MNIST,FTRL,10,50,0,447,0.326059,123.111015,1,0.073
MNIST,FTRL,10,50,0,448,0.159011,123.270027,1,0.073
MNIST,FTRL,10,50,0,449,0.152520,123.422547,1,0.073
MNIST,FTRL,10,50,0,450,0.130952,123.553499,1,0.074
MNIST,FTRL,10,50,0,451,0.258757,123.812255,1,0.074
MNIST,FTRL,10,50,0,452,0.349744,124.161999,1,0.074
MNIST,FTRL,10,50,0,453,0.148943,124.310942,1,0.074
MNIST,FTRL,10,50,0,454,0.228912,124.539854,1,0.074
MNIST,FTRL,10,50,0,455,0.163987,124.703841,1,0.074
MNIST,FTRL,10,50,0,456,0.224842,124.928683,1,0.075
MNIST,FTRL,10,50,0,457,0.528077,125.456760,1,0.075
MNIST,FTRL,10,50,0,458,0.112697,125.569457,1,0.075
MNIST,FTRL,10,50,0,459,0.184046,125.753503,1,0.075
MNIST,FTRL,10,50,0,460,0.185836,125.939339,1,0.075
MNIST,FTRL,10,50,0,461,0.241287,126.180626,1,0.075
MNIST,FTRL,10,50,0,462,0.250820,126.431446,1,0.076
MNIST,FTRL,10,50,0,463,0.349233,126.780679,1,0.076
MNIST,FTRL,10,50,0,464,0.296836,127.077515,1,0.076
MNIST,FTRL,10,50,0,465,0.167210,127.244725,1,0.076
MNIST,FTRL,10,50,0,466,0.208113,127.452838,1,0.076
MNIST,FTRL,10,50,0,467,0.341036,127.793874,1,0.076
MNIST,FTRL,10,50,0,468,0.053666,127.847540,1,0.076
MNIST,FTRL,10,50,0,469,0.261792,128.109332,1,0.077
MNIST,FTRL,10,50,0,470,0.223490,128.332823,1,0.077
MNIST,FTRL,10,50,0,471,0.288274,128.621097,1,0.077
MNIST,FTRL,10,50,0,472,0.213269,128.834366,1,0.077
MNIST,FTRL,10,50,0,473,0.312199,129.146565,1,0.077
MNIST,FTRL,10,50,0,474,0.200060,129.346625,1,0.077
MNIST,FTRL,10,50,0,475,0.218607,129.565232,1,0.078
MNIST,FTRL,10,50,0,476,0.131838,129.697070,1,0.078
MNIST,FTRL,10,50,0,477,0.289413,129.986483,1,0.078
MNIST,FTRL,10,50,0,478,0.226488,130.212971,1,0.078
MNIST,FTRL,10,50,0,479,0.248140,130.461111,1,0.078
MNIST,FTRL,10,50,0,480,0.243668,130.704778,1,0.078
MNIST,FTRL,10,50,0,481,0.303736,131.008514,1,0.078
MNIST,FTRL,10,50,0,482,0.209441,131.217955,1,0.079
MNIST,FTRL,10,50,0,483,0.083584,131.301539,1,0.079
MNIST,FTRL,10,50,0,484,0.297257,131.598796,1,0.079
MNIST,FTRL,10,50,0,485,0.140012,131.738808,1,0.079
MNIST,FTRL,10,50,0,486,0.261141,131.999949,1,0.079
MNIST,FTRL,10,50,0,487,0.306635,132.306583,1,0.079
MNIST,FTRL,10,50,0,488,0.376996,132.683579,1,0.080
MNIST,FTRL,10,50,0,489,0.242848,132.926428,1,0.080
MNIST,FTRL,10,50,0,490,0.161792,133.088220,1,0.080
MNIST,FTRL,10,50,0,491,0.125509,133.213728,1,0.080
MNIST,FTRL,10,50,0,492,0.285203,133.498931,1,0.080
MNIST,FTRL,10,50,0,493,0.435494,133.934426,1,0.080
MNIST,FTRL,10,50,0,494,0.198222,134.132648,1,0.080
MNIST,FTRL,10,50,0,495,0.263005,134.395653,1,0.081
MNIST,FTRL,10,50,0,496,0.294782,134.690435,1,0.081
MNIST,FTRL,10,50,0,497,0.401860,135.092295,1,0.081
MNIST,FTRL,10,50,0,498,0.306336,135.398631,1,0.081
MNIST,FTRL,10,50,0,499,0.224972,135.623604,1,0.081
MNIST,FTRL,10,50,0,500,0.221950,135.845553,1,0.082
MNIST,FTRL,10,50,0,501,0.156487,136.002040,1,0.082
MNIST,FTRL,10,50,0,502,0.204471,136.206511,1,0.082
MNIST,FTRL,10,50,0,503,0.324155,136.530666,1,0.082
MNIST,FTRL,10,50,0,504,0.313250,136.843916,1,0.082
MNIST,FTRL,10,50,0,505,0.224481,137.068397,1,0.082
MNIST,FTRL,10,50,0,506,0.331008,137.399405,1,0.083
MNIST,FTRL,10,50,0,507,0.262219,137.661625,1,0.083
MNIST,FTRL,10,50,0,508,0.265604,137.927228,1,0.083
MNIST,FTRL,10,50,0,509,0.198900,138.126128,1,0.083
MNIST,FTRL,10,50,0,510,0.178161,138.304290,1,0.083
MNIST,FTRL,10,50,0,511,0.280654,138.584944,1,0.083
MNIST,FTRL,10,50,0,512,0.093663,138.678607,1,0.084
MNIST,FTRL,10,50,0,513,0.403111,139.081718,1,0.084
MNIST,FTRL,10,50,0,514,0.308453,139.390171,1,0.084
MNIST,FTRL,10,50,0,515,0.143853,139.534024,1,0.084
MNIST,FTRL,10,50,0,516,0.134392,139.668416,1,0.084
MNIST,FTRL,10,50,0,517,0.349739,140.018155,1,0.084
MNIST,FTRL,10,50,0,518,0.175939,140.194094,1,0.084
MNIST,FTRL,10,50,0,519,0.269551,140.463646,1,0.085
MNIST,FTRL,10,50,0,520,0.343944,140.807590,1,0.085
MNIST,FTRL,10,50,0,521,0.116459,140.924048,1,0.085
MNIST,FTRL,10,50,0,522,0.215424,141.139473,1,0.085
MNIST,FTRL,10,50,0,523,0.220527,141.359999,1,0.085
MNIST,FTRL,10,50,0,524,0.142111,141.502111,1,0.085
MNIST,FTRL,10,50,0,525,0.310915,141.813025,1,0.086
MNIST,FTRL,10,50,0,526,0.239006,142.052031,1,0.086
MNIST,FTRL,10,50,0,527,0.210811,142.262842,1,0.086
MNIST,FTRL,10,50,0,528,0.103236,142.366078,1,0.086
MNIST,FTRL,10,50,0,529,0.298403,142.664481,1,0.086
MNIST,FTRL,10,50,0,530,0.113408,142.777888,1,0.086
MNIST,FTRL,10,50,0,531,0.299797,143.077686,1,0.086
MNIST,FTRL,10,50,0,532,0.133372,143.211058,1,0.087
MNIST,FTRL,10,50,0,533,0.243480,143.454538,1,0.087
MNIST,FTRL,10,50,0,534,0.432706,143.887244,1,0.087
MNIST,FTRL,10,50,0,535,0.224459,144.111704,1,0.087
MNIST,FTRL,10,50,0,536,0.281597,144.393300,1,0.087
MNIST,FTRL,10,50,0,537,0.147716,144.541016,1,0.087
MNIST,FTRL,10,50,0,538,0.322935,144.863952,1,0.088
MNIST,FTRL,10,50,0,539,0.216311,145.080262,1,0.088
MNIST,FTRL,10,50,0,540,0.151893,145.232155,1,0.088
MNIST,FTRL,10,50,0,541,0.141091,145.373246,1,0.088
MNIST,FTRL,10,50,0,542,0.228581,145.601828,1,0.088
MNIST,FTRL,10,50,0,543,0.302407,145.904235,1,0.088
MNIST,FTRL,10,50,0,544,0.094865,145.999100,1,0.088
MNIST,FTRL,10,50,0,545,0.195104,146.194204,1,0.089
MNIST,FTRL,10,50,0,546,0.289132,146.483336,1,0.089
MNIST,FTRL,10,50,0,547,0.269640,146.752976,1,0.089
MNIST,FTRL,10,50,0,548,0.264961,147.017937,1,0.089
MNIST,FTRL,10,50,0,549,0.105976,147.123912,1,0.089
MNIST,FTRL,10,50,0,550,0.299349,147.423261,1,0.089
MNIST,FTRL,10,50,0,551,0.147644,147.570905,1,0.090
MNIST,FTRL,10,50,0,552,0.135216,147.706121,1,0.090
MNIST,FTRL,10,50,0,553,0.169407,147.875528,1,0.090
MNIST,FTRL,10,50,0,554,0.074134,147.949663,1,0.090
MNIST,FTRL,10,50,0,555,0.179243,148.128906,1,0.090
MNIST,FTRL,10,50,0,556,0.089262,148.218168,1,0.090
MNIST,FTRL,10,50,0,557,0.398183,148.616351,1,0.091
MNIST,FTRL,10,50,0,558,0.235659,148.852010,1,0.091
MNIST,FTRL,10,50,0,559,0.194148,149.046158,1,0.091
MNIST,FTRL,10,50,0,560,0.328575,149.374733,1,0.091
MNIST,FTRL,10,50,0,561,0.203519,149.578252,1,0.091
MNIST,FTRL,10,50,0,562,0.188316,149.766568,1,0.091
MNIST,FTRL,10,50,0,563,0.536557,150.303124,1,0.091
MNIST,FTRL,10,50,0,564,0.118668,150.421792,1,0.092
MNIST,FTRL,10,50,0,565,0.219461,150.641254,1,0.092
MNIST,FTRL,10,50,0,566,0.358746,151.000000,1,0.092
MNIST,FTRL,10,50,0,567,0.274574,151.274574,1,0.092
MNIST,FTRL,10,50,0,568,0.203969,151.478543,1,0.092
MNIST,FTRL,10,50,0,569,0.354465,151.833008,1,0.092
MNIST,FTRL,10,50,0,570,0.118091,151.951099,1,0.093
MNIST,FTRL,10,50,0,571,0.242510,152.193609,1,0.093
MNIST,FTRL,10,50,0,572,0.350678,152.544286,1,0.093
MNIST,FTRL,10,50,0,573,0.193533,152.737820,1,0.093
MNIST,FTRL,10,50,0,574,0.262058,152.999878,1,0.093
MNIST,FTRL,10,50,0,575,0.239916,153.239794,1,0.093
MNIST,FTRL,10,50,0,576,0.385114,153.624907,1,0.093
MNIST,FTRL,10,50,0,577,0.323084,153.947991,1,0.094
MNIST,FTRL,10,50,0,578,0.300735,154.248726,1,0.094
MNIST,FTRL,10,50,0,579,0.134025,154.382751,1,0.094
MNIST,FTRL,10,50,0,580,0.177846,154.560597,1,0.094
MNIST,FTRL,10,50,0,581,0.280198,154.840795,1,0.094
MNIST,FTRL,10,50,0,582,0.244690,155.085484,1,0.094
MNIST,FTRL,10,50,0,583,0.195830,155.281315,1,0.095
MNIST,FTRL,10,50,0,584,0.265891,155.547206,1,0.095
MNIST,FTRL,10,50,0,585,0.175797,155.723003,1,0.095
MNIST,FTRL,10,50,0,586,0.311220,156.034223,1,0.095
MNIST,FTRL,10,50,0,587,0.186935,156.221158,1,0.095
MNIST,FTRL,10,50,0,588,0.177959,156.399117,1,0.095
MNIST,FTRL,10,50,0,589,0.115834,156.514951,1,0.096
MNIST,FTRL,10,50,0,590,0.170892,156.685843,1,0.096
MNIST,FTRL,10,50,0,591,0.210134,156.895977,1,0.096
MNIST,FTRL,10,50,0,592,0.284618,157.180595,1,0.096
MNIST,FTRL,10,50,0,593,0.164719,157.345313,1,0.096
MNIST,FTRL,10,50,0,594,0.194265,157.539578,1,0.096
MNIST,FTRL,10,50,0,595,0.400026,157.939604,1,0.096
MNIST,FTRL,10,50,0,596,0.187465,158.127069,1,0.097
MNIST,FTRL,10,50,0,597,0.206846,158.333915,1,0.097
MNIST,FTRL,10,50,0,598,0.206514,158.540429,1,0.097
MNIST,FTRL,10,50,0,599,0.124310,158.664739,1,0.097
MNIST,FTRL,10,50,0,600,0.190570,158.855309,1,0.097
MNIST,FTRL,10,50,0,601,0.158430,159.013739,1,0.098
MNIST,FTRL,10,50,0,602,0.131755,159.145494,1,0.098
MNIST,FTRL,10,50,0,603,0.168226,159.313720,1,0.098
MNIST,FTRL,10,50,0,604,0.272761,159.586480,1,0.098
MNIST,FTRL,10,50,0,605,0.246691,159.833172,1,0.098
MNIST,FTRL,10,50,0,606,0.111287,159.944459,1,0.098
MNIST,FTRL,10,50,0,607,0.279379,160.223838,1,0.098
MNIST,FTRL,10,50,0,608,0.211927,160.435765,1,0.099
MNIST,FTRL,10,50,0,609,0.234874,160.670640,1,0.099
MNIST,FTRL,10,50,0,610,0.214357,160.884996,1,0.099
MNIST,FTRL,10,50,0,611,0.084829,160.969826,1,0.099
MNIST,FTRL,10,50,0,612,0.143509,161.113334,1,0.099
MNIST,FTRL,10,50,0,613,0.366352,161.479687,1,0.099
MNIST,FTRL,10,50,0,614,0.157958,161.637644,1,0.100
MNIST,FTRL,10,50,0,615,0.226957,161.864602,1,0.100
MNIST,FTRL,10,50,0,616,0.318366,162.182967,1,0.100
MNIST,FTRL,10,50,0,617,0.364647,162.547614,1,0.100
MNIST,FTRL,10,50,0,618,0.250723,162.798337,1,0.100
MNIST,FTRL,10,50,0,619,0.305404,163.103741,1,0.100
MNIST,FTRL,10,50,0,620,0.225841,163.329582,1,0.100
MNIST,FTRL,10,50,0,621,0.144700,163.474282,1,0.101
MNIST,FTRL,10,50,0,622,0.364472,163.838755,1,0.101
MNIST,FTRL,10,50,0,623,0.089161,163.927916,1,0.101
MNIST,FTRL,10,50,0,624,0.389814,164.317730,1,0.101
MNIST,FTRL,10,50,0,625,0.338478,164.656208,1,0.101
MNIST,FTRL,10,50,0,626,0.477851,165.134059,1,0.101
MNIST,FTRL,10,50,0,627,0.236295,165.370354,1,0.102
MNIST,FTRL,10,50,0,628,0.304284,165.674638,1,0.102
MNIST,FTRL,10,50,0,629,0.145402,165.820040,1,0.102
MNIST,FTRL,10,50,0,630,0.212558,166.032599,1,0.102
MNIST,FTRL,10,50,0,631,0.400805,166.433403,1,0.102
MNIST,FTRL,10,50,0,632,0.082178,166.515582,1,0.102
MNIST,FTRL,10,50,0,633,0.361198,166.876780,1,0.102
MNIST,FTRL,10,50,0,634,0.064797,166.941576,1,0.103
MNIST,FTRL,10,50,0,635,0.324734,167.266310,1,0.103
MNIST,FTRL,10,50,0,636,0.246979,167.513289,1,0.103
MNIST,FTRL,10,50,0,637,0.133543,167.646832,1,0.103
MNIST,FTRL,10,50,0,638,0.363451,168.010283,1,0.103
MNIST,FTRL,10,50,0,639,0.210101,168.220384,1,0.103
MNIST,FTRL,10,50,0,640,0.334937,168.555321,1,0.104
MNIST,FTRL,10,50,0,641,0.364124,168.919445,1,0.104
MNIST,FTRL,10,50,0,642,0.328071,169.247516,1,0.104
MNIST,FTRL,10,50,0,643,0.350076,169.597592,1,0.104
MNIST,FTRL,10,50,0,644,0.249553,169.847146,1,0.104
MNIST,FTRL,10,50,0,645,0.251847,170.098993,1,0.104
MNIST,FTRL,10,50,0,646,0.473411,170.572403,1,0.104
MNIST,FTRL,10,50,0,647,0.285411,170.857814,1,0.105
MNIST,FTRL,10,50,0,648,0.133289,170.991104,1,0.105
MNIST,FTRL,10,50,0,649,0.483984,171.475088,1,0.105
MNIST,FTRL,10,50,0,650,0.226540,171.701628,1,0.105
MNIST,FTRL,10,50,0,651,0.118915,171.820543,1,0.105
MNIST,FTRL,10,50,0,652,0.323997,172.144540,1,0.105
MNIST,FTRL,10,50,0,653,0.092093,172.236633,1,0.106
MNIST,FTRL,10,50,0,654,0.353000,172.589633,1,0.106
MNIST,FTRL,10,50,0,655,0.310276,172.899909,1,0.106
MNIST,FTRL,10,50,0,656,0.159304,173.059213,1,0.106
MNIST,FTRL,10,50,0,657,0.298896,173.358109,1,0.106
MNIST,FTRL,10,50,0,658,0.303040,173.661149,1,0.106
MNIST,FTRL,10,50,0,659,0.188309,173.849458,1,0.107
MNIST,FTRL,10,50,0,660,0.150732,174.000190,1,0.107
MNIST,FTRL,10,50,0,661,0.218835,174.219025,1,0.107
MNIST,FTRL,10,50,0,662,0.212074,174.431099,1,0.107
MNIST,FTRL,10,50,0,663,0.164615,174.595714,1,0.107
MNIST,FTRL,10,50,0,664,0.205350,174.801064,1,0.107
MNIST,FTRL,10,50,0,665,0.195613,174.996676,1,0.107
MNIST,FTRL,10,50,0,666,0.228759,175.225435,1,0.108
MNIST,FTRL,10,50,0,667,0.207118,175.432553,1,0.108
MNIST,FTRL,10,50,0,668,0.203528,175.636082,1,0.108
MNIST,FTRL,10,50,0,669,0.177494,175.813576,1,0.108
MNIST,FTRL,10,50,0,670,0.120076,175.933652,1,0.108
MNIST,FTRL,10,50,0,671,0.293666,176.227318,1,0.108
MNIST,FTRL,10,50,0,672,0.219870,176.447188,1,0.109
MNIST,FTRL,10,50,0,673,0.169404,176.616592,1,0.109
MNIST,FTRL,10,50,0,674,0.118701,176.735293,1,0.109
MNIST,FTRL,10,50,0,675,0.311307,177.046600,1,0.109
MNIST,FTRL,10,50,0,676,0.544839,177.591439,1,0.109
MNIST,FTRL,10,50,0,677,0.158236,177.749676,1,0.109
MNIST,FTRL,10,50,0,678,0.214824,177.964500,1,0.110
MNIST,FTRL,10,50,0,679,0.350829,178.315329,1,0.110
MNIST,FTRL,10,50,0,680,0.219339,178.534668,1,0.110
MNIST,FTRL,10,50,0,681,0.276926,178.811594,1,0.110
MNIST,FTRL,10,50,0,682,0.271106,179.082700,1,0.110
MNIST,FTRL,10,50,0,683,0.248117,179.330817,1,0.110
MNIST,FTRL,10,50,0,684,0.398084,179.728901,1,0.110
MNIST,FTRL,10,50,0,685,0.253115,179.982016,1,0.111
MNIST,FTRL,10,50,0,686,0.170115,180.152131,1,0.111
MNIST,FTRL,10,50,0,687,0.215983,180.368113,1,0.111
MNIST,FTRL,10,50,0,688,0.156079,180.524192,1,0.111
MNIST,FTRL,10,50,0,689,0.352529,180.876722,1,0.111
MNIST,FTRL,10,50,0,690,0.359604,181.236326,1,0.111
MNIST,FTRL,10,50,0,691,0.368777,181.605103,1,0.112
MNIST,FTRL,10,50,0,692,0.275489,181.880592,1,0.112
MNIST,FTRL,10,50,0,693,0.325527,182.206119,1,0.112
MNIST,FTRL,10,50,0,694,0.186196,182.392315,1,0.112
MNIST,FTRL,10,50,0,695,0.137177,182.529492,1,0.112
MNIST,FTRL,10,50,0,696,0.262821,182.792313,1,0.112
MNIST,FTRL,10,50,0,697,0.291453,183.083766,1,0.112
MNIST,FTRL,10,50,0,698,0.250842,183.334608,1,0.113
MNIST,FTRL,10,50,0,699,0.194738,183.529346,1,0.113
MNIST,FTRL,10,50,0,700,0.129577,183.658923,1,0.113
MNIST,FTRL,10,50,0,701,0.217710,183.876633,1,0.113
MNIST,FTRL,10,50,0,702,0.167180,184.043813,1,0.113
MNIST,FTRL,10,50,0,703,0.240230,184.284042,1,0.113
MNIST,FTRL,10,50,0,704,0.223492,184.507534,1,0.114
MNIST,FTRL,10,50,0,705,0.445264,184.952798,1,0.114
MNIST,FTRL,10,50,0,706,0.223458,185.176257,1,0.114
MNIST,FTRL,10,50,0,707,0.288464,185.464720,1,0.114
MNIST,FTRL,10,50,0,708,0.284161,185.748881,1,0.114
MNIST,FTRL,10,50,0,709,0.188173,185.937054,1,0.114
MNIST,FTRL,10,50,0,710,0.278169,186.215223,1,0.115
MNIST,FTRL,10,50,0,711,0.330932,186.546156,1,0.115
MNIST,FTRL,10,50,0,712,0.279683,186.825838,1,0.115
MNIST,FTRL,10,50,0,713,0.236012,187.061850,1,0.115
MNIST,FTRL,10,50,0,714,0.301605,187.363456,1,0.115
MNIST,FTRL,10,50,0,715,0.244978,187.608434,1,0.115
MNIST,FTRL,10,50,0,716,0.184469,187.792902,1,0.116
MNIST,FTRL,10,50,0,717,0.415241,188.208143,1,0.116
MNIST,FTRL,10,50,0,718,0.270923,188.479066,1,0.116
MNIST,FTRL,10,50,0,719,0.179138,188.658203,1,0.116
MNIST,FTRL,10,50,0,720,0.287122,188.945326,1,0.116
MNIST,FTRL,10,50,0,721,0.304959,189.250285,1,0.116
MNIST,FTRL,10,50,0,722,0.098029,189.348314,1,0.116
MNIST,FTRL,10,50,0,723,0.247012,189.595326,1,0.117
MNIST,FTRL,10,50,0,724,0.209168,189.804494,1,0.117
MNIST,FTRL,10,50,0,725,0.365428,190.169923,1,0.117
MNIST,FTRL,10,50,0,726,0.267944,190.437867,1,0.117
MNIST,FTRL,10,50,0,727,0.310505,190.748371,1,0.117
MNIST,FTRL,10,50,0,728,0.367478,191.115849,1,0.117
MNIST,FTRL,10,50,0,729,0.300729,191.416579,1,0.118
MNIST,FTRL,10,50,0,730,0.170562,191.587140,1,0.118
MNIST,FTRL,10,50,0,731,0.318234,191.905374,1,0.118
MNIST,FTRL,10,50,0,732,0.344043,192.249417,1,0.118
MNIST,FTRL,10,50,0,733,0.216031,192.465449,1,0.118
MNIST,FTRL,10,50,0,734,0.135222,192.600670,1,0.118
MNIST,FTRL,10,50,0,735,0.354734,192.955404,1,0.118
MNIST,FTRL,10,50,0,736,0.209571,193.164975,1,0.119
MNIST,FTRL,10,50,0,737,0.096384,193.261359,1,0.119
MNIST,FTRL,10,50,0,738,0.115427,193.376786,1,0.119
MNIST,FTRL,10,50,0,739,0.181035,193.557821,1,0.119
MNIST,FTRL,10,50,0,740,0.253696,193.811516,1,0.119
MNIST,FTRL,10,50,0,741,0.326862,194.138378,1,0.119
MNIST,FTRL,10,50,0,742,0.246240,194.384618,1,0.119
MNIST,FTRL,10,50,0,743,0.288553,194.673171,1,0.120
MNIST,FTRL,10,50,0,744,0.138991,194.812162,1,0.120
MNIST,FTRL,10,50,0,745,0.111396,194.923558,1,0.120
MNIST,FTRL,10,50,0,746,0.236188,195.159746,1,0.120
MNIST,FTRL,10,50,0,747,0.318204,195.477950,1,0.120
MNIST,FTRL,10,50,0,748,0.378407,195.856357,1,0.120
MNIST,FTRL,10,50,0,749,0.222889,196.079246,1,0.121
MNIST,FTRL,10,50,0,750,0.194327,196.273573,1,0.121
MNIST,FTRL,10,50,0,751,0.200970,196.474543,1,0.121
MNIST,FTRL,10,50,0,752,0.363159,196.837702,1,0.121
MNIST,FTRL,10,50,0,753,0.268829,197.106530,1,0.121
MNIST,FTRL,10,50,0,754,0.290968,197.397498,1,0.122
MNIST,FTRL,10,50,0,755,0.245110,197.642608,1,0.122
MNIST,FTRL,10,50,0,756,0.242289,197.884898,1,0.122
MNIST,FTRL,10,50,0,757,0.231658,198.116555,1,0.122
MNIST,FTRL,10,50,0,758,0.646004,198.762560,1,0.122
MNIST,FTRL,10,50,0,759,0.317096,199.079656,1,0.122
MNIST,FTRL,10,50,0,760,0.225119,199.304775,1,0.122
MNIST,FTRL,10,50,0,761,0.293107,199.597882,1,0.123
MNIST,FTRL,10,50,0,762,0.313428,199.911310,1,0.123
MNIST,FTRL,10,50,0,763,0.286923,200.198233,1,0.123
MNIST,FTRL,10,50,0,764,0.236441,200.434674,1,0.123
MNIST,FTRL,10,50,0,765,0.195424,200.630098,1,0.123
MNIST,FTRL,10,50,0,766,0.180809,200.810907,1,0.123
MNIST,FTRL,10,50,0,767,0.286526,201.097433,1,0.124
MNIST,FTRL,10,50,0,768,0.206862,201.304295,1,0.124
MNIST,FTRL,10,50,0,769,0.243252,201.547547,1,0.124
MNIST,FTRL,10,50,0,770,0.233484,201.781031,1,0.124
MNIST,FTRL,10,50,0,771,0.082760,201.863791,1,0.124
MNIST,FTRL,10,50,0,772,0.217106,202.080897,1,0.124
MNIST,FTRL,10,50,0,773,0.075749,202.156646,1,0.124
MNIST,FTRL,10,50,0,774,0.462808,202.619454,1,0.125
MNIST,FTRL,10,50,0,775,0.224464,202.843919,1,0.125
MNIST,FTRL,10,50,0,776,0.230389,203.074308,1,0.125
MNIST,FTRL,10,50,0,777,0.166392,203.240700,1,0.125
MNIST,FTRL,10,50,0,778,0.401121,203.641821,1,0.125
MNIST,FTRL,10,50,0,779,0.300087,203.941907,1,0.125
MNIST,FTRL,10,50,0,780,0.343839,204.285746,1,0.126
MNIST,FTRL,10,50,0,781,0.366861,204.652607,1,0.126
MNIST,FTRL,10,50,0,782,0.163358,204.815965,1,0.126
MNIST,FTRL,10,50,0,783,0.274149,205.090114,1,0.126
MNIST,FTRL,10,50,0,784,0.311022,205.401136,1,0.126
MNIST,FTRL,10,50,0,785,0.260713,205.661850,1,0.126
MNIST,FTRL,10,50,0,786,0.299527,205.961376,1,0.126
MNIST,FTRL,10,50,0,787,0.447165,206.408541,1,0.127
MNIST,FTRL,10,50,0,788,0.156537,206.565078,1,0.127
MNIST,FTRL,10,50,0,789,0.205976,206.771054,1,0.127
MNIST,FTRL,10,50,0,790,0.201368,206.972422,1,0.127
MNIST,FTRL,10,50,0,791,0.312753,207.285176,1,0.127
MNIST,FTRL,10,50,0,792,0.282598,207.567774,1,0.127
MNIST,FTRL,10,50,0,793,0.165885,207.733659,1,0.127
MNIST,FTRL,10,50,0,794,0.238919,207.972578,1,0.128
MNIST,FTRL,10,50,0,795,0.190242,208.162819,1,0.128
MNIST,FTRL,10,50,0,796,0.399916,208.562735,1,0.128
MNIST,FTRL,10,50,0,797,0.298451,208.861186,1,0.128
MNIST,FTRL,10,50,0,798,0.392300,209.253486,1,0.128
MNIST,FTRL,10,50,0,799,0.290779,209.544265,1,0.128
MNIST,FTRL,10,50,0,800,0.248666,209.792931,1,0.129
MNIST,FTRL,10,50,0,801,0.278488,210.071418,1,0.129
MNIST,FTRL,10,50,0,802,0.145530,210.216949,1,0.129
MNIST,FTRL,10,50,0,803,0.259690,210.476639,1,0.129
MNIST,FTRL,10,50,0,804,0.324661,210.801299,1,0.129
MNIST,FTRL,10,50,0,805,0.238001,211.039300,1,0.129
MNIST,FTRL,10,50,0,806,0.290821,211.330121,1,0.130
MNIST,FTRL,10,50,0,807,0.313392,211.643513,1,0.130
MNIST,FTRL,10,50,0,808,0.323673,211.967185,1,0.130
MNIST,FTRL,10,50,0,809,0.237153,212.204338,1,0.130
MNIST,FTRL,10,50,0,810,0.284097,212.488435,1,0.130
MNIST,FTRL,10,50,0,811,0.383523,212.871958,1,0.130
MNIST,FTRL,10,50,0,812,0.240527,213.112485,1,0.131
MNIST,FTRL,10,50,0,813,0.380525,213.493010,1,0.131
MNIST,FTRL,10,50,0,814,0.160137,213.653147,1,0.131
MNIST,FTRL,10,50,0,815,0.276462,213.929609,1,0.131
MNIST,FTRL,10,50,0,816,0.246255,214.175864,1,0.131
MNIST,FTRL,10,50,0,817,0.256825,214.432689,1,0.131
MNIST,FTRL,10,50,0,818,0.234172,214.666861,1,0.132
MNIST,FTRL,10,50,0,819,0.273537,214.940399,1,0.132
MNIST,FTRL,10,50,0,820,0.241588,215.181987,1,0.132
MNIST,FTRL,10,50,0,821,0.257751,215.439738,1,0.132
MNIST,FTRL,10,50,0,822,0.222873,215.662611,1,0.132
MNIST,FTRL,10,50,0,823,0.400026,216.062637,1,0.132
MNIST,FTRL,10,50,0,824,0.230678,216.293315,1,0.132
MNIST,FTRL,10,50,0,825,0.249825,216.543140,1,0.133
MNIST,FTRL,10,50,0,826,0.190373,216.733513,1,0.133
MNIST,FTRL,10,50,0,827,0.264400,216.997914,1,0.133
MNIST,FTRL,10,50,0,828,0.152326,217.150240,1,0.133
MNIST,FTRL,10,50,0,829,0.190740,217.340980,1,0.133
MNIST,FTRL,10,50,0,830,0.223767,217.564746,1,0.133
MNIST,FTRL,10,50,0,831,0.157897,217.722643,1,0.133
MNIST,FTRL,10,50,0,832,0.198715,217.921358,1,0.134
MNIST,FTRL,10,50,0,833,0.379471,218.300830,1,0.134
MNIST,FTRL,10,50,0,834,0.196988,218.497818,1,0.134
MNIST,FTRL,10,50,0,835,0.277254,218.775071,1,0.134
MNIST,FTRL,10,50,0,836,0.363091,219.138162,1,0.134
MNIST,FTRL,10,50,0,837,0.426646,219.564808,1,0.135
MNIST,FTRL,10,50,0,838,0.221740,219.786548,1,0.135
MNIST,FTRL,10,50,0,839,0.210007,219.996554,1,0.135
MNIST,FTRL,10,50,0,840,0.274494,220.271048,1,0.135
MNIST,FTRL,10,50,0,841,0.110061,220.381109,1,0.135
MNIST,FTRL,10,50,0,842,0.191789,220.572898,1,0.135
MNIST,FTRL,10,50,0,843,0.112498,220.685395,1,0.135
MNIST,FTRL,10,50,0,844,0.204532,220.889927,1,0.136
MNIST,FTRL,10,50,0,845,0.252534,221.142462,1,0.136
MNIST,FTRL,10,50,0,846,0.123148,221.265610,1,0.136
MNIST,FTRL,10,50,0,847,0.229902,221.495512,1,0.136
MNIST,FTRL,10,50,0,848,0.216738,221.712250,1,0.136
MNIST,FTRL,10,50,0,849,0.249155,221.961404,1,0.136
MNIST,FTRL,10,50,0,850,0.292142,222.253546,1,0.137
MNIST,FTRL,10,50,0,851,0.227488,222.481034,1,0.137
MNIST,FTRL,10,50,0,852,0.315254,222.796287,1,0.137
MNIST,FTRL,10,50,0,853,0.171226,222.967513,1,0.137
MNIST,FTRL,10,50,0,854,0.209972,223.177485,1,0.137
MNIST,FTRL,10,50,0,855,0.256539,223.434023,1,0.137
MNIST,FTRL,10,50,0,856,0.220985,223.655008,1,0.138
MNIST,FTRL,10,50,0,857,0.162610,223.817619,1,0.138
MNIST,FTRL,10,50,0,858,0.324109,224.141728,1,0.138
MNIST,FTRL,10,50,0,859,0.133878,224.275606,1,0.138
MNIST,FTRL,10,50,0,860,0.182510,224.458116,1,0.138
MNIST,FTRL,10,50,0,861,0.362478,224.820594,1,0.138
MNIST,FTRL,10,50,0,862,0.171035,224.991628,1,0.138
MNIST,FTRL,10,50,0,863,0.155450,225.147078,1,0.139
MNIST,FTRL,10,50,0,864,0.109872,225.256949,1,0.139
MNIST,FTRL,10,50,0,865,0.209962,225.466912,1,0.139
MNIST,FTRL,10,50,0,866,0.214075,225.680987,1,0.139
MNIST,FTRL,10,50,0,867,0.337454,226.018441,1,0.139
MNIST,FTRL,10,50,0,868,0.121795,226.140236,1,0.139
MNIST,FTRL,10,50,0,869,0.335617,226.475853,1,0.140
MNIST,FTRL,10,50,0,870,0.147067,226.622920,1,0.140
MNIST,FTRL,10,50,0,871,0.244625,226.867544,1,0.140
MNIST,FTRL,10,50,0,872,0.136909,227.004453,1,0.140
MNIST,FTRL,10,50,0,873,0.230607,227.235060,1,0.140
MNIST,FTRL,10,50,0,874,0.127200,227.362260,1,0.140
MNIST,FTRL,10,50,0,875,0.120420,227.482679,1,0.140
MNIST,FTRL,10,50,0,876,0.255367,227.738047,1,0.141
MNIST,FTRL,10,50,0,877,0.090399,227.828445,1,0.141
MNIST,FTRL,10,50,0,878,0.227003,228.055448,1,0.141
MNIST,FTRL,10,50,0,879,0.097966,228.153414,1,0.141
MNIST,FTRL,10,50,0,880,0.380692,228.534106,1,0.141
MNIST,FTRL,10,50,0,881,0.204472,228.738578,1,0.141
MNIST,FTRL,10,50,0,882,0.191218,228.929796,1,0.142
MNIST,FTRL,10,50,0,883,0.099802,229.029599,1,0.142
MNIST,FTRL,10,50,0,884,0.207947,229.237546,1,0.142
MNIST,FTRL,10,50,0,885,0.155279,229.392825,1,0.142
MNIST,FTRL,10,50,0,886,0.272040,229.664864,1,0.142
MNIST,FTRL,10,50,0,887,0.176780,229.841645,1,0.142
MNIST,FTRL,10,50,0,888,0.151947,229.993591,1,0.142
MNIST,FTRL,10,50,0,889,0.348654,230.342246,1,0.143
MNIST,FTRL,10,50,0,890,0.219886,230.562132,1,0.143
MNIST,FTRL,10,50,0,891,0.163675,230.725807,1,0.143
MNIST,FTRL,10,50,0,892,0.167119,230.892926,1,0.143
MNIST,FTRL,10,50,0,893,0.329847,231.222773,1,0.143
MNIST,FTRL,10,50,0,894,0.141660,231.364433,1,0.143
MNIST,FTRL,10,50,0,895,0.174272,231.538706,1,0.143
MNIST,FTRL,10,50,0,896,0.290082,231.828787,1,0.144
MNIST,FTRL,10,50,0,897,0.344842,232.173630,1,0.144
MNIST,FTRL,10,50,0,898,0.104651,232.278281,1,0.144
MNIST,FTRL,10,50,0,899,0.371870,232.650151,1,0.144
MNIST,FTRL,10,50,0,900,0.300945,232.951096,1,0.144
MNIST,FTRL,10,50,0,901,0.226422,233.177518,1,0.145
MNIST,FTRL,10,50,0,902,0.336716,233.514234,1,0.145
MNIST,FTRL,10,50,0,903,0.366594,233.880827,1,0.145
MNIST,FTRL,10,50,0,904,0.319801,234.200628,1,0.145
MNIST,FTRL,10,50,0,905,0.151386,234.352015,1,0.145
MNIST,FTRL,10,50,0,906,0.100404,234.452419,1,0.145
MNIST,FTRL,10,50,0,907,0.208061,234.660480,1,0.146
MNIST,FTRL,10,50,0,908,0.247582,234.908062,1,0.146
MNIST,FTRL,10,50,0,909,0.206257,235.114319,1,0.146
MNIST,FTRL,10,50,0,910,0.270503,235.384822,1,0.146
MNIST,FTRL,10,50,0,911,0.229807,235.614629,1,0.146
MNIST,FTRL,10,50,0,912,0.202882,235.817511,1,0.146
MNIST,FTRL,10,50,0,913,0.209779,236.027290,1,0.147
MNIST,FTRL,10,50,0,914,0.156894,236.184184,1,0.147
MNIST,FTRL,10,50,0,915,0.187601,236.371785,1,0.147
MNIST,FTRL,10,50,0,916,0.214989,236.586775,1,0.147
MNIST,FTRL,10,50,0,917,0.393827,236.980601,1,0.147
MNIST,FTRL,10,50,0,918,0.256048,237.236649,1,0.147
MNIST,FTRL,10,50,0,919,0.176440,237.413089,1,0.148
MNIST,FTRL,10,50,0,920,0.150408,237.563498,1,0.148
MNIST,FTRL,10,50,0,921,0.175097,237.738594,1,0.148
MNIST,FTRL,10,50,0,922,0.092197,237.830791,1,0.148
MNIST,FTRL,10,50,0,923,0.330685,238.161476,1,0.148
MNIST,FTRL,10,50,0,924,0.316580,238.478056,1,0.149
MNIST,FTRL,10,50,0,925,0.387183,238.865238,1,0.149
MNIST,FTRL,10,50,0,926,0.090757,238.955996,1,0.149
MNIST,FTRL,10,50,0,927,0.408312,239.364308,1,0.149
MNIST,FTRL,10,50,0,928,0.206215,239.570523,1,0.149
MNIST,FTRL,10,50,0,929,0.230246,239.800768,1,0.149
MNIST,FTRL,10,50,0,930,0.113731,239.914500,1,0.150
MNIST,FTRL,10,50,0,931,0.116039,240.030539,1,0.150
MNIST,FTRL,10,50,0,932,0.357793,240.388332,1,0.150
MNIST,FTRL,10,50,0,933,0.181614,240.569945,1,0.150
MNIST,FTRL,10,50,0,934,0.269534,240.839479,1,0.150
MNIST,FTRL,10,50,0,935,0.227884,241.067363,1,0.150
MNIST,FTRL,10,50,0,936,0.054270,241.121633,1,0.150
MNIST,FTRL,10,50,0,937,0.258898,241.380531,1,0.151
MNIST,FTRL,10,50,0,938,0.185995,241.566527,1,0.151
MNIST,FTRL,10,50,0,939,0.309859,241.876385,1,0.151
MNIST,FTRL,10,50,0,940,0.212455,242.088840,1,0.151
MNIST,FTRL,10,50,0,941,0.275029,242.363869,1,0.151
MNIST,FTRL,10,50,0,942,0.244507,242.608376,1,0.151
MNIST,FTRL,10,50,0,943,0.255077,242.863453,1,0.152
MNIST,FTRL,10,50,0,944,0.212870,243.076323,1,0.152
MNIST,FTRL,10,50,0,945,0.287739,243.364062,1,0.152
MNIST,FTRL,10,50,0,946,0.120232,243.484293,1,0.152
MNIST,FTRL,10,50,0,947,0.286800,243.771094,1,0.152
MNIST,FTRL,10,50,0,948,0.272898,244.043992,1,0.152
MNIST,FTRL,10,50,0,949,0.330848,244.374840,1,0.152
MNIST,FTRL,10,50,0,950,0.235086,244.609927,1,0.153
MNIST,FTRL,10,50,0,951,0.388835,244.998762,1,0.153
MNIST,FTRL,10,50,0,952,0.407550,245.406311,1,0.153
MNIST,FTRL,10,50,0,953,0.368505,245.774817,1,0.153
MNIST,FTRL,10,50,0,954,0.404009,246.178826,1,0.153
MNIST,FTRL,10,50,0,955,0.297760,246.476586,1,0.153
MNIST,FTRL,10,50,0,956,0.273266,246.749851,1,0.154
MNIST,FTRL,10,50,0,957,0.197871,246.947722,1,0.154
MNIST,FTRL,10,50,0,958,0.238171,247.185894,1,0.154
MNIST,FTRL,10,50,0,959,0.154814,247.340708,1,0.154
MNIST,FTRL,10,50,0,960,0.285819,247.626527,1,0.154
MNIST,FTRL,10,50,0,961,0.354398,247.980924,1,0.154
MNIST,FTRL,10,50,0,962,0.262848,248.243772,1,0.155
MNIST,FTRL,10,50,0,963,0.245378,248.489150,1,0.155
MNIST,FTRL,10,50,0,964,0.412139,248.901289,1,0.155
MNIST,FTRL,10,50,0,965,0.226877,249.128166,1,0.155
MNIST,FTRL,10,50,0,966,0.179522,249.307688,1,0.155
MNIST,FTRL,10,50,0,967,0.056780,249.364468,1,0.155
MNIST,FTRL,10,50,0,968,0.305853,249.670321,1,0.156
MNIST,FTRL,10,50,0,969,0.279338,249.949659,1,0.156
MNIST,FTRL,10,50,0,970,0.273246,250.222905,1,0.156
MNIST,FTRL,10,50,0,971,0.277933,250.500838,1,0.156
MNIST,FTRL,10,50,0,972,0.416625,250.917462,1,0.156
MNIST,FTRL,10,50,0,973,0.345169,251.262632,1,0.156
MNIST,FTRL,10,50,0,974,0.266987,251.529619,1,0.156
MNIST,FTRL,10,50,0,975,0.261408,251.791027,1,0.157
MNIST,FTRL,10,50,0,976,0.159665,251.950692,1,0.157
MNIST,FTRL,10,50,0,977,0.215693,252.166384,1,0.157
MNIST,FTRL,10,50,0,978,0.174826,252.341210,1,0.157
MNIST,FTRL,10,50,0,979,0.333865,252.675076,1,0.157
MNIST,FTRL,10,50,0,980,0.284904,252.959979,1,0.157
MNIST,FTRL,10,50,0,981,0.460393,253.420372,1,0.157
MNIST,FTRL,10,50,0,982,0.381601,253.801974,1,0.158
MNIST,FTRL,10,50,0,983,0.352603,254.154577,1,0.158
MNIST,FTRL,10,50,0,984,0.276972,254.431549,1,0.158
MNIST,FTRL,10,50,0,985,0.200488,254.632037,1,0.158
MNIST,FTRL,10,50,0,986,0.227504,254.859541,1,0.158
MNIST,FTRL,10,50,0,987,0.263411,255.122951,1,0.158
MNIST,FTRL,10,50,0,988,0.196814,255.319766,1,0.159
MNIST,FTRL,10,50,0,989,0.070937,255.390703,1,0.159
MNIST,FTRL,10,50,0,990,0.259264,255.649967,1,0.159
MNIST,FTRL,10,50,0,991,0.266554,255.916521,1,0.159
MNIST,FTRL,10,50,0,992,0.393737,256.310259,1,0.159
MNIST,FTRL,10,50,0,993,0.362236,256.672495,1,0.159
MNIST,FTRL,10,50,0,994,0.373958,257.046452,1,0.159
MNIST,FTRL,10,50,0,995,0.185367,257.231819,1,0.160
MNIST,FTRL,10,50,0,996,0.407528,257.639347,1,0.160
MNIST,FTRL,10,50,0,997,0.248321,257.887668,1,0.160
MNIST,FTRL,10,50,0,998,0.189595,258.077263,1,0.160
MNIST,FTRL,10,50,0,999,0.249269,258.326532,1,0.160
MNIST,FTRL,10,50,0,1000,0.298084,258.624616,1,0.161
MNIST,FTRL,10,50,0,1001,0.243338,258.867954,1,0.161
MNIST,FTRL,10,50,0,1002,0.217201,259.085154,1,0.161
MNIST,FTRL,10,50,0,1003,0.271303,259.356457,1,0.162
MNIST,FTRL,10,50,0,1004,0.114593,259.471051,1,0.162
MNIST,FTRL,10,50,0,1005,0.345717,259.816768,1,0.162
MNIST,FTRL,10,50,0,1006,0.116548,259.933316,1,0.162
MNIST,FTRL,10,50,0,1007,0.096903,260.030219,1,0.163
MNIST,FTRL,10,50,0,1008,0.455565,260.485784,1,0.163
MNIST,FTRL,10,50,0,1009,0.166736,260.652520,1,0.163
MNIST,FTRL,10,50,0,1010,0.234441,260.886961,1,0.163
MNIST,FTRL,10,50,0,1011,0.240014,261.126975,1,0.164
MNIST,FTRL,10,50,0,1012,0.339586,261.466562,1,0.164
MNIST,FTRL,10,50,0,1013,0.140196,261.606758,1,0.164
MNIST,FTRL,10,50,0,1014,0.236171,261.842929,1,0.164
MNIST,FTRL,10,50,0,1015,0.255518,262.098447,1,0.164
MNIST,FTRL,10,50,0,1016,0.396434,262.494880,1,0.164
MNIST,FTRL,10,50,0,1017,0.266532,262.761412,1,0.164
MNIST,FTRL,10,50,0,1018,0.213180,262.974592,1,0.165
MNIST,FTRL,10,50,0,1019,0.237416,263.212008,1,0.165
MNIST,FTRL,10,50,0,1020,0.258627,263.470635,1,0.165
MNIST,FTRL,10,50,0,1021,0.319690,263.790325,1,0.165
MNIST,FTRL,10,50,0,1022,0.340548,264.130874,1,0.165
MNIST,FTRL,10,50,0,1023,0.238343,264.369217,1,0.165
MNIST,FTRL,10,50,0,1024,0.249302,264.618519,1,0.166
MNIST,FTRL,10,50,0,1025,0.402463,265.020983,1,0.166
MNIST,FTRL,10,50,0,1026,0.333806,265.354788,1,0.166
MNIST,FTRL,10,50,0,1027,0.257315,265.612103,1,0.166
MNIST,FTRL,10,50,0,1028,0.250526,265.862629,1,0.166
MNIST,FTRL,10,50,0,1029,0.368739,266.231368,1,0.166
MNIST,FTRL,10,50,0,1030,0.259154,266.490522,1,0.167
MNIST,FTRL,10,50,0,1031,0.189605,266.680127,1,0.167
MNIST,FTRL,10,50,0,1032,0.189601,266.869728,1,0.167
MNIST,FTRL,10,50,0,1033,0.188061,267.057789,1,0.167
MNIST,FTRL,10,50,0,1034,0.291913,267.349702,1,0.167
MNIST,FTRL,10,50,0,1035,0.208323,267.558025,1,0.167
MNIST,FTRL,10,50,0,1036,0.266774,267.824799,1,0.167
MNIST,FTRL,10,50,0,1037,0.243948,268.068747,1,0.168
MNIST,FTRL,10,50,0,1038,0.091044,268.159791,1,0.168
MNIST,FTRL,10,50,0,1039,0.226049,268.385840,1,0.168
MNIST,FTRL,10,50,0,1040,0.402308,268.788147,1,0.168
MNIST,FTRL,10,50,0,1041,0.308802,269.096949,1,0.168
MNIST,FTRL,10,50,0,1042,0.208170,269.305118,1,0.168
MNIST,FTRL,10,50,0,1043,0.222853,269.527971,1,0.169
MNIST,FTRL,10,50,0,1044,0.190009,269.717980,1,0.169
MNIST,FTRL,10,50,0,1045,0.315946,270.033926,1,0.169
MNIST,FTRL,10,50,0,1046,0.211567,270.245493,1,0.169
MNIST,FTRL,10,50,0,1047,0.247556,270.493049,1,0.169
MNIST,FTRL,10,50,0,1048,0.166981,270.660030,1,0.169
MNIST,FTRL,10,50,0,1049,0.247032,270.907062,1,0.169
MNIST,FTRL,10,50,0,1050,0.226191,271.133253,1,0.170
MNIST,FTRL,10,50,0,1051,0.313610,271.446863,1,0.170
MNIST,FTRL,10,50,0,1052,0.171571,271.618434,1,0.170
MNIST,FTRL,10,50,0,1053,0.378779,271.997213,1,0.170
MNIST,FTRL,10,50,0,1054,0.293969,272.291182,1,0.170
MNIST,FTRL,10,50,0,1055,0.441277,272.732459,1,0.171
MNIST,FTRL,10,50,0,1056,0.150175,272.882634,1,0.171
MNIST,FTRL,10,50,0,1057,0.501364,273.383998,1,0.171
MNIST,FTRL,10,50,0,1058,0.392915,273.776913,1,0.171
MNIST,FTRL,10,50,0,1059,0.133978,273.910891,1,0.171
MNIST,FTRL,10,50,0,1060,0.414985,274.325876,1,0.171
MNIST,FTRL,10,50,0,1061,0.267317,274.593194,1,0.171
MNIST,FTRL,10,50,0,1062,0.157134,274.750327,1,0.172
MNIST,FTRL,10,50,0,1063,0.219834,274.970161,1,0.172
MNIST,FTRL,10,50,0,1064,0.339615,275.309776,1,0.172
MNIST,FTRL,10,50,0,1065,0.137234,275.447010,1,0.172
MNIST,FTRL,10,50,0,1066,0.247067,275.694077,1,0.172
MNIST,FTRL,10,50,0,1067,0.269961,275.964037,1,0.172
MNIST,FTRL,10,50,0,1068,0.173891,276.137929,1,0.172
MNIST,FTRL,10,50,0,1069,0.352796,276.490725,1,0.173
MNIST,FTRL,10,50,0,1070,0.286563,276.777288,1,0.173
MNIST,FTRL,10,50,0,1071,0.142477,276.919765,1,0.173
MNIST,FTRL,10,50,0,1072,0.221283,277.141048,1,0.173
MNIST,FTRL,10,50,0,1073,0.239273,277.380321,1,0.173
MNIST,FTRL,10,50,0,1074,0.271326,277.651647,1,0.173
MNIST,FTRL,10,50,0,1075,0.229077,277.880723,1,0.174
MNIST,FTRL,10,50,0,1076,0.350257,278.230980,1,0.174
MNIST,FTRL,10,50,0,1077,0.260987,278.491968,1,0.174
MNIST,FTRL,10,50,0,1078,0.122087,278.614055,1,0.174
MNIST,FTRL,10,50,0,1079,0.188323,278.802377,1,0.174
MNIST,FTRL,10,50,0,1080,0.324417,279.126794,1,0.174
MNIST,FTRL,10,50,0,1081,0.306620,279.433414,1,0.174
MNIST,FTRL,10,50,0,1082,0.071007,279.504421,1,0.175
MNIST,FTRL,10,50,0,1083,0.202945,279.707366,1,0.175
MNIST,FTRL,10,50,0,1084,0.116214,279.823580,1,0.175
MNIST,FTRL,10,50,0,1085,0.299255,280.122835,1,0.175
MNIST,FTRL,10,50,0,1086,0.233231,280.356066,1,0.175
MNIST,FTRL,10,50,0,1087,0.235162,280.591228,1,0.175
MNIST,FTRL,10,50,0,1088,0.239117,280.830345,1,0.176
MNIST,FTRL,10,50,0,1089,0.179001,281.009346,1,0.176
MNIST,FTRL,10,50,0,1090,0.311460,281.320806,1,0.176
MNIST,FTRL,10,50,0,1091,0.284321,281.605127,1,0.176
MNIST,FTRL,10,50,0,1092,0.089473,281.694600,1,0.176
MNIST,FTRL,10,50,0,1093,0.273108,281.967707,1,0.176
MNIST,FTRL,10,50,0,1094,0.226013,282.193720,1,0.176
MNIST,FTRL,10,50,0,1095,0.183995,282.377715,1,0.177
MNIST,FTRL,10,50,0,1096,0.239465,282.617180,1,0.177
MNIST,FTRL,10,50,0,1097,0.183297,282.800477,1,0.177
MNIST,FTRL,10,50,0,1098,0.238046,283.038524,1,0.177
MNIST,FTRL,10,50,0,1099,0.233994,283.272518,1,0.177
MNIST,FTRL,10,50,0,1100,0.269467,283.541985,1,0.178
MNIST,FTRL,10,50,0,1101,0.305184,283.847169,1,0.178
MNIST,FTRL,10,50,0,1102,0.309884,284.157053,1,0.178
MNIST,FTRL,10,50,0,1103,0.197403,284.354456,1,0.178
MNIST,FTRL,10,50,0,1104,0.305930,284.660387,1,0.178
MNIST,FTRL,10,50,0,1105,0.244565,284.904951,1,0.178
MNIST,FTRL,10,50,0,1106,0.233761,285.138712,1,0.179
MNIST,FTRL,10,50,0,1107,0.157282,285.295994,1,0.179
MNIST,FTRL,10,50,0,1108,0.093208,285.389202,1,0.179
MNIST,FTRL,10,50,0,1109,0.272701,285.661903,1,0.179
MNIST,FTRL,10,50,0,1110,0.474537,286.136441,1,0.179
MNIST,FTRL,10,50,0,1111,0.135495,286.271936,1,0.179
MNIST,FTRL,10,50,0,1112,0.202215,286.474151,1,0.180
MNIST,FTRL,10,50,0,1113,0.279616,286.753767,1,0.180
MNIST,FTRL,10,50,0,1114,0.293155,287.046922,1,0.180
MNIST,FTRL,10,50,0,1115,0.182726,287.229648,1,0.180
MNIST,FTRL,10,50,0,1116,0.358964,287.588612,1,0.180
MNIST,FTRL,10,50,0,1117,0.269878,287.858490,1,0.180
MNIST,FTRL,10,50,0,1118,0.154699,288.013189,1,0.181
MNIST,FTRL,10,50,0,1119,0.253099,288.266287,1,0.181
MNIST,FTRL,10,50,0,1120,0.213616,288.479903,1,0.181
MNIST,FTRL,10,50,0,1121,0.233683,288.713587,1,0.181
MNIST,FTRL,10,50,0,1122,0.141086,288.854673,1,0.181
MNIST,FTRL,10,50,0,1123,0.286077,289.140750,1,0.181
MNIST,FTRL,10,50,0,1124,0.154611,289.295361,1,0.181
MNIST,FTRL,10,50,0,1125,0.381853,289.677214,1,0.182
MNIST,FTRL,10,50,0,1126,0.185305,289.862519,1,0.182
MNIST,FTRL,10,50,0,1127,0.232346,290.094865,1,0.182
MNIST,FTRL,10,50,0,1128,0.109841,290.204706,1,0.182
MNIST,FTRL,10,50,0,1129,0.140410,290.345116,1,0.182
MNIST,FTRL,10,50,0,1130,0.112363,290.457480,1,0.182
MNIST,FTRL,10,50,0,1131,0.251483,290.708963,1,0.183
MNIST,FTRL,10,50,0,1132,0.433176,291.142139,1,0.183
MNIST,FTRL,10,50,0,1133,0.081784,291.223923,1,0.183
MNIST,FTRL,10,50,0,1134,0.290463,291.514386,1,0.183
MNIST,FTRL,10,50,0,1135,0.283154,291.797540,1,0.183
MNIST,FTRL,10,50,0,1136,0.494569,292.292109,1,0.183
MNIST,FTRL,10,50,0,1137,0.181533,292.473642,1,0.183
MNIST,FTRL,10,50,0,1138,0.141169,292.614812,1,0.184
MNIST,FTRL,10,50,0,1139,0.259241,292.874053,1,0.184
MNIST,FTRL,10,50,0,1140,0.276811,293.150864,1,0.184
MNIST,FTRL,10,50,0,1141,0.304032,293.454896,1,0.184
MNIST,FTRL,10,50,0,1142,0.222374,293.677270,1,0.184
MNIST,FTRL,10,50,0,1143,0.362226,294.039496,1,0.184
MNIST,FTRL,10,50,0,1144,0.224854,294.264350,1,0.185
MNIST,FTRL,10,50,0,1145,0.143720,294.408070,1,0.185
MNIST,FTRL,10,50,0,1146,0.194340,294.602410,1,0.185
MNIST,FTRL,10,50,0,1147,0.334911,294.937321,1,0.185
MNIST,FTRL,10,50,0,1148,0.195896,295.133217,1,0.185
MNIST,FTRL,10,50,0,1149,0.107961,295.241178,1,0.185
MNIST,FTRL,10,50,0,1150,0.203855,295.445033,1,0.186
MNIST,FTRL,10,50,0,1151,0.269058,295.714091,1,0.186
MNIST,FTRL,10,50,0,1152,0.324913,296.039004,1,0.186
MNIST,FTRL,10,50,0,1153,0.296195,296.335199,1,0.186
MNIST,FTRL,10,50,0,1154,0.153756,296.488956,1,0.186
MNIST,FTRL,10,50,0,1155,0.266932,296.755888,1,0.186
MNIST,FTRL,10,50,0,1156,0.159982,296.915869,1,0.187
MNIST,FTRL,10,50,0,1157,0.089143,297.005012,1,0.187
MNIST,FTRL,10,50,0,1158,0.426362,297.431374,1,0.187
MNIST,FTRL,10,50,0,1159,0.190246,297.621620,1,0.187
MNIST,FTRL,10,50,0,1160,0.308675,297.930296,1,0.187
MNIST,FTRL,10,50,0,1161,0.443221,298.373517,1,0.187
MNIST,FTRL,10,50,0,1162,0.403085,298.776602,1,0.187
MNIST,FTRL,10,50,0,1163,0.231389,299.007991,1,0.188
MNIST,FTRL,10,50,0,1164,0.128813,299.136804,1,0.188
MNIST,FTRL,10,50,0,1165,0.142014,299.278818,1,0.188
MNIST,FTRL,10,50,0,1166,0.352778,299.631596,1,0.188
MNIST,FTRL,10,50,0,1167,0.096735,299.728331,1,0.188
MNIST,FTRL,10,50,0,1168,0.114960,299.843292,1,0.189
MNIST,FTRL,10,50,0,1169,0.192788,300.036080,1,0.189
MNIST,FTRL,10,50,0,1170,0.274947,300.311027,1,0.189
MNIST,FTRL,10,50,0,1171,0.200387,300.511414,1,0.189
MNIST,FTRL,10,50,0,1172,0.284571,300.795985,1,0.189
MNIST,FTRL,10,50,0,1173,0.166573,300.962558,1,0.189
MNIST,FTRL,10,50,0,1174,0.135180,301.097739,1,0.190
MNIST,FTRL,10,50,0,1175,0.280686,301.378425,1,0.190
MNIST,FTRL,10,50,0,1176,0.465026,301.843450,1,0.190
MNIST,FTRL,10,50,0,1177,0.095660,301.939111,1,0.190
MNIST,FTRL,10,50,0,1178,0.355093,302.294204,1,0.190
MNIST,FTRL,10,50,0,1179,0.234448,302.528651,1,0.190
MNIST,FTRL,10,50,0,1180,0.295611,302.824262,1,0.190
MNIST,FTRL,10,50,0,1181,0.305481,303.129743,1,0.191
MNIST,FTRL,10,50,0,1182,0.281886,303.411629,1,0.191
MNIST,FTRL,10,50,0,1183,0.330432,303.742061,1,0.191
MNIST,FTRL,10,50,0,1184,0.082214,303.824275,1,0.191
MNIST,FTRL,10,50,0,1185,0.375115,304.199390,1,0.191
MNIST,FTRL,10,50,0,1186,0.112531,304.311921,1,0.191
MNIST,FTRL,10,50,0,1187,0.303853,304.615775,1,0.192
MNIST,FTRL,10,50,0,1188,0.239009,304.854784,1,0.192
MNIST,FTRL,10,50,0,1189,0.195120,305.049904,1,0.192
MNIST,FTRL,10,50,0,1190,0.313141,305.363045,1,0.192
MNIST,FTRL,10,50,0,1191,0.230568,305.593612,1,0.192
MNIST,FTRL,10,50,0,1192,0.302163,305.895775,1,0.192
MNIST,FTRL,10,50,0,1193,0.208455,306.104229,1,0.193
MNIST,FTRL,10,50,0,1194,0.200770,306.304999,1,0.193
MNIST,FTRL,10,50,0,1195,0.230921,306.535920,1,0.193
MNIST,FTRL,10,50,0,1196,0.335446,306.871367,1,0.193
MNIST,FTRL,10,50,0,1197,0.282178,307.153545,1,0.193
MNIST,FTRL,10,50,0,1198,0.295922,307.449467,1,0.193
MNIST,FTRL,10,50,0,1199,0.244728,307.694195,1,0.193
MNIST,FTRL,10,50,0,1200,0.155534,307.849730,1,0.194
MNIST,FTRL,10,50,0,1201,0.427456,308.277185,1,0.194
MNIST,FTRL,10,50,0,1202,0.292936,308.570121,1,0.194
MNIST,FTRL,10,50,0,1203,0.165428,308.735549,1,0.194
MNIST,FTRL,10,50,0,1204,0.317717,309.053266,1,0.194
MNIST,FTRL,10,50,0,1205,0.206457,309.259723,1,0.195
MNIST,FTRL,10,50,0,1206,0.395169,309.654892,1,0.195
MNIST,FTRL,10,50,0,1207,0.239955,309.894847,1,0.195
MNIST,FTRL,10,50,0,1208,0.384992,310.279839,1,0.195
MNIST,FTRL,10,50,0,1209,0.108327,310.388165,1,0.195
MNIST,FTRL,10,50,0,1210,0.318241,310.706406,1,0.195
MNIST,FTRL,10,50,0,1211,0.282962,310.989369,1,0.195
MNIST,FTRL,10,50,0,1212,0.360683,311.350051,1,0.196
MNIST,FTRL,10,50,0,1213,0.218584,311.568636,1,0.196
MNIST,FTRL,10,50,0,1214,0.258404,311.827040,1,0.196
MNIST,FTRL,10,50,0,1215,0.207407,312.034447,1,0.196
MNIST,FTRL,10,50,0,1216,0.347392,312.381838,1,0.196
MNIST,FTRL,10,50,0,1217,0.375016,312.756855,1,0.196
MNIST,FTRL,10,50,0,1218,0.204101,312.960955,1,0.197
MNIST,FTRL,10,50,0,1219,0.221454,313.182410,1,0.197
MNIST,FTRL,10,50,0,1220,0.251224,313.433634,1,0.197
MNIST,FTRL,10,50,0,1221,0.244580,313.678214,1,0.197
MNIST,FTRL,10,50,0,1222,0.258389,313.936603,1,0.197
MNIST,FTRL,10,50,0,1223,0.094229,314.030832,1,0.197
MNIST,FTRL,10,50,0,1224,0.152605,314.183437,1,0.197
MNIST,FTRL,10,50,0,1225,0.326049,314.509487,1,0.198
MNIST,FTRL,10,50,0,1226,0.159928,314.669414,1,0.198
MNIST,FTRL,10,50,0,1227,0.294797,314.964211,1,0.198
MNIST,FTRL,10,50,0,1228,0.216707,315.180917,1,0.198
MNIST,FTRL,10,50,0,1229,0.284378,315.465295,1,0.198
MNIST,FTRL,10,50,0,1230,0.308018,315.773313,1,0.198
MNIST,FTRL,10,50,0,1231,0.355784,316.129097,1,0.198
MNIST,FTRL,10,50,0,1232,0.249065,316.378163,1,0.199
MNIST,FTRL,10,50,0,1233,0.163700,316.541863,1,0.199
MNIST,FTRL,10,50,0,1234,0.093281,316.635144,1,0.199
MNIST,FTRL,10,50,0,1235,0.159305,316.794449,1,0.199
MNIST,FTRL,10,50,0,1236,0.202161,316.996610,1,0.199
MNIST,FTRL,10,50,0,1237,0.548424,317.545034,1,0.199
MNIST,FTRL,10,50,0,1238,0.414479,317.959513,1,0.200
MNIST,FTRL,10,50,0,1239,0.207157,318.166670,1,0.200
MNIST,FTRL,10,50,0,1240,0.323555,318.490225,1,0.200
MNIST,FTRL,10,50,0,1241,0.202339,318.692564,1,0.200
MNIST,FTRL,10,50,0,1242,0.191892,318.884456,1,0.200
MNIST,FTRL,10,50,0,1243,0.130854,319.015309,1,0.200
MNIST,FTRL,10,50,0,1244,0.150420,319.165730,1,0.200
MNIST,FTRL,10,50,0,1245,0.165620,319.331350,1,0.201
MNIST,FTRL,10,50,0,1246,0.230129,319.561478,1,0.201
MNIST,FTRL,10,50,0,1247,0.171258,319.732736,1,0.201
MNIST,FTRL,10,50,0,1248,0.185531,319.918267,1,0.201
MNIST,FTRL,10,50,0,1249,0.136975,320.055242,1,0.201
MNIST,FTRL,10,50,0,1250,0.179377,320.234618,1,0.202
MNIST,FTRL,10,50,0,1251,0.253068,320.487686,1,0.202
MNIST,FTRL,10,50,0,1252,0.117298,320.604984,1,0.202
MNIST,FTRL,10,50,0,1253,0.198853,320.803837,1,0.202
MNIST,FTRL,10,50,0,1254,0.233204,321.037041,1,0.202
MNIST,FTRL,10,50,0,1255,0.203383,321.240424,1,0.202
MNIST,FTRL,10,50,0,1256,0.223636,321.464060,1,0.203
MNIST,FTRL,10,50,0,1257,0.237229,321.701289,1,0.203
MNIST,FTRL,10,50,0,1258,0.269445,321.970734,1,0.203
MNIST,FTRL,10,50,0,1259,0.213240,322.183974,1,0.203
MNIST,FTRL,10,50,0,1260,0.243495,322.427469,1,0.203
MNIST,FTRL,10,50,0,1261,0.189238,322.616707,1,0.203
MNIST,FTRL,10,50,0,1262,0.163148,322.779854,1,0.204
MNIST,FTRL,10,50,0,1263,0.347054,323.126908,1,0.204
MNIST,FTRL,10,50,0,1264,0.096906,323.223814,1,0.204
MNIST,FTRL,10,50,0,1265,0.232234,323.456049,1,0.204
MNIST,FTRL,10,50,0,1266,0.142456,323.598504,1,0.204
MNIST,FTRL,10,50,0,1267,0.199349,323.797853,1,0.204
MNIST,FTRL,10,50,0,1268,0.261140,324.058994,1,0.205
MNIST,FTRL,10,50,0,1269,0.306758,324.365752,1,0.205
MNIST,FTRL,10,50,0,1270,0.306368,324.672119,1,0.205
MNIST,FTRL,10,50,0,1271,0.205339,324.877458,1,0.205
MNIST,FTRL,10,50,0,1272,0.340983,325.218442,1,0.205
MNIST,FTRL,10,50,0,1273,0.199653,325.418094,1,0.205
MNIST,FTRL,10,50,0,1274,0.161599,325.579694,1,0.205
MNIST,FTRL,10,50,0,1275,0.086118,325.665812,1,0.206
MNIST,FTRL,10,50,0,1276,0.271951,325.937763,1,0.206
MNIST,FTRL,10,50,0,1277,0.087303,326.025066,1,0.206
MNIST,FTRL,10,50,0,1278,0.258423,326.283489,1,0.206
MNIST,FTRL,10,50,0,1279,0.191732,326.475221,1,0.206
MNIST,FTRL,10,50,0,1280,0.277266,326.752487,1,0.206
MNIST,FTRL,10,50,0,1281,0.213773,326.966260,1,0.207
MNIST,FTRL,10,50,0,1282,0.163705,327.129965,1,0.207
MNIST,FTRL,10,50,0,1283,0.283437,327.413402,1,0.207
MNIST,FTRL,10,50,0,1284,0.287302,327.700704,1,0.207
MNIST,FTRL,10,50,0,1285,0.193149,327.893854,1,0.207
MNIST,FTRL,10,50,0,1286,0.111809,328.005663,1,0.207
MNIST,FTRL,10,50,0,1287,0.262341,328.268004,1,0.207
MNIST,FTRL,10,50,0,1288,0.132087,328.400091,1,0.208
MNIST,FTRL,10,50,0,1289,0.240605,328.640696,1,0.208
MNIST,FTRL,10,50,0,1290,0.098879,328.739576,1,0.208
MNIST,FTRL,10,50,0,1291,0.332160,329.071735,1,0.208
MNIST,FTRL,10,50,0,1292,0.281208,329.352943,1,0.208
MNIST,FTRL,10,50,0,1293,0.163804,329.516747,1,0.208
MNIST,FTRL,10,50,0,1294,0.195085,329.711832,1,0.209
MNIST,FTRL,10,50,0,1295,0.216808,329.928640,1,0.209
MNIST,FTRL,10,50,0,1296,0.226356,330.154997,1,0.209
MNIST,FTRL,10,50,0,1297,0.156575,330.311572,1,0.209
MNIST,FTRL,10,50,0,1298,0.313590,330.625162,1,0.209
MNIST,FTRL,10,50,0,1299,0.306030,330.931192,1,0.209
MNIST,FTRL,10,50,0,1300,0.265831,331.197024,1,0.210
MNIST,FTRL,10,50,0,1301,0.363215,331.560239,1,0.210
MNIST,FTRL,10,50,0,1302,0.330703,331.890942,1,0.210
MNIST,FTRL,10,50,0,1303,0.393925,332.284866,1,0.210
MNIST,FTRL,10,50,0,1304,0.168118,332.452984,1,0.210
MNIST,FTRL,10,50,0,1305,0.302307,332.755291,1,0.210
MNIST,FTRL,10,50,0,1306,0.289576,333.044867,1,0.211
MNIST,FTRL,10,50,0,1307,0.312971,333.357838,1,0.211
MNIST,FTRL,10,50,0,1308,0.162145,333.519983,1,0.211
MNIST,FTRL,10,50,0,1309,0.168410,333.688393,1,0.211
MNIST,FTRL,10,50,0,1310,0.244913,333.933306,1,0.211
MNIST,FTRL,10,50,0,1311,0.160877,334.094183,1,0.211
MNIST,FTRL,10,50,0,1312,0.092862,334.187045,1,0.211
MNIST,FTRL,10,50,0,1313,0.267376,334.454420,1,0.212
MNIST,FTRL,10,50,0,1314,0.331090,334.785510,1,0.212
MNIST,FTRL,10,50,0,1315,0.240635,335.026145,1,0.212
MNIST,FTRL,10,50,0,1316,0.201729,335.227874,1,0.212
MNIST,FTRL,10,50,0,1317,0.461231,335.689104,1,0.212
MNIST,FTRL,10,50,0,1318,0.186557,335.875662,1,0.212
MNIST,FTRL,10,50,0,1319,0.390738,336.266399,1,0.212
MNIST,FTRL,10,50,0,1320,0.369857,336.636256,1,0.213
MNIST,FTRL,10,50,0,1321,0.235400,336.871656,1,0.213
MNIST,FTRL,10,50,0,1322,0.425256,337.296912,1,0.213
MNIST,FTRL,10,50,0,1323,0.079414,337.376326,1,0.213
MNIST,FTRL,10,50,0,1324,0.124086,337.500412,1,0.213
MNIST,FTRL,10,50,0,1325,0.259080,337.759492,1,0.213
MNIST,FTRL,10,50,0,1326,0.126245,337.885737,1,0.214
MNIST,FTRL,10,50,0,1327,0.313147,338.198884,1,0.214
MNIST,FTRL,10,50,0,1328,0.292928,338.491812,1,0.214
MNIST,FTRL,10,50,0,1329,0.080391,338.572203,1,0.214
MNIST,FTRL,10,50,0,1330,0.144218,338.716421,1,0.214
MNIST,FTRL,10,50,0,1331,0.177602,338.894022,1,0.214
MNIST,FTRL,10,50,0,1332,0.182859,339.076882,1,0.215
MNIST,FTRL,10,50,0,1333,0.237807,339.314689,1,0.215
MNIST,FTRL,10,50,0,1334,0.217957,339.532645,1,0.215
MNIST,FTRL,10,50,0,1335,0.113301,339.645946,1,0.215
MNIST,FTRL,10,50,0,1336,0.230223,339.876169,1,0.215
MNIST,FTRL,10,50,0,1337,0.261886,340.138055,1,0.215
MNIST,FTRL,10,50,0,1338,0.197277,340.335333,1,0.216
MNIST,FTRL,10,50,0,1339,0.353570,340.688903,1,0.216
MNIST,FTRL,10,50,0,1340,0.237710,340.926613,1,0.216
MNIST,FTRL,10,50,0,1341,0.336196,341.262809,1,0.216
MNIST,FTRL,10,50,0,1342,0.164516,341.427325,1,0.216
MNIST,FTRL,10,50,0,1343,0.332879,341.760204,1,0.216
MNIST,FTRL,10,50,0,1344,0.230048,341.990252,1,0.216
MNIST,FTRL,10,50,0,1345,0.247063,342.237315,1,0.217
MNIST,FTRL,10,50,0,1346,0.271362,342.508676,1,0.217
MNIST,FTRL,10,50,0,1347,0.172242,342.680918,1,0.217
MNIST,FTRL,10,50,0,1348,0.315700,342.996618,1,0.217
MNIST,FTRL,10,50,0,1349,0.224176,343.220793,1,0.217
MNIST,FTRL,10,50,0,1350,0.168336,343.389130,1,0.218
MNIST,FTRL,10,50,0,1351,0.137194,343.526324,1,0.218
MNIST,FTRL,10,50,0,1352,0.063208,343.589532,1,0.218
MNIST,FTRL,10,50,0,1353,0.524107,344.113638,1,0.218
MNIST,FTRL,10,50,0,1354,0.308111,344.421750,1,0.218
MNIST,FTRL,10,50,0,1355,0.438013,344.859763,1,0.218
MNIST,FTRL,10,50,0,1356,0.134874,344.994637,1,0.218
MNIST,FTRL,10,50,0,1357,0.164262,345.158899,1,0.219
MNIST,FTRL,10,50,0,1358,0.230184,345.389083,1,0.219
MNIST,FTRL,10,50,0,1359,0.276330,345.665413,1,0.219
MNIST,FTRL,10,50,0,1360,0.107861,345.773274,1,0.219
MNIST,FTRL,10,50,0,1361,0.107631,345.880905,1,0.219
MNIST,FTRL,10,50,0,1362,0.290242,346.171147,1,0.219
MNIST,FTRL,10,50,0,1363,0.344388,346.515535,1,0.220
MNIST,FTRL,10,50,0,1364,0.172895,346.688430,1,0.220
MNIST,FTRL,10,50,0,1365,0.258785,346.947216,1,0.220
MNIST,FTRL,10,50,0,1366,0.227448,347.174664,1,0.220
MNIST,FTRL,10,50,0,1367,0.286356,347.461020,1,0.220
MNIST,FTRL,10,50,0,1368,0.331939,347.792960,1,0.220
MNIST,FTRL,10,50,0,1369,0.241590,348.034550,1,0.220
MNIST,FTRL,10,50,0,1370,0.196355,348.230905,1,0.221
MNIST,FTRL,10,50,0,1371,0.353644,348.584549,1,0.221
MNIST,FTRL,10,50,0,1372,0.217270,348.801819,1,0.221
MNIST,FTRL,10,50,0,1373,0.127910,348.929729,1,0.221
MNIST,FTRL,10,50,0,1374,0.283457,349.213186,1,0.221
MNIST,FTRL,10,50,0,1375,0.236839,349.450025,1,0.221
MNIST,FTRL,10,50,0,1376,0.236439,349.686464,1,0.221
MNIST,FTRL,10,50,0,1377,0.290906,349.977370,1,0.222
MNIST,FTRL,10,50,0,1378,0.188372,350.165742,1,0.222
MNIST,FTRL,10,50,0,1379,0.146022,350.311764,1,0.222
MNIST,FTRL,10,50,0,1380,0.391627,350.703390,1,0.222
MNIST,FTRL,10,50,0,1381,0.191599,350.894989,1,0.222
MNIST,FTRL,10,50,0,1382,0.111295,351.006283,1,0.222
MNIST,FTRL,10,50,0,1383,0.261438,351.267721,1,0.223
MNIST,FTRL,10,50,0,1384,0.243409,351.511130,1,0.223
MNIST,FTRL,10,50,0,1385,0.221426,351.732556,1,0.223
MNIST,FTRL,10,50,0,1386,0.183884,351.916440,1,0.223
MNIST,FTRL,10,50,0,1387,0.238680,352.155119,1,0.223
MNIST,FTRL,10,50,0,1388,0.141437,352.296556,1,0.224
MNIST,FTRL,10,50,0,1389,0.255982,352.552538,1,0.224
MNIST,FTRL,10,50,0,1390,0.165735,352.718273,1,0.224
MNIST,FTRL,10,50,0,1391,0.244263,352.962537,1,0.224
MNIST,FTRL,10,50,0,1392,0.199323,353.161860,1,0.224
MNIST,FTRL,10,50,0,1393,0.235429,353.397289,1,0.224
MNIST,FTRL,10,50,0,1394,0.175367,353.572656,1,0.225
MNIST,FTRL,10,50,0,1395,0.185525,353.758181,1,0.225
MNIST,FTRL,10,50,0,1396,0.360199,354.118380,1,0.225
MNIST,FTRL,10,50,0,1397,0.354735,354.473115,1,0.225
MNIST,FTRL,10,50,0,1398,0.158947,354.632063,1,0.225
MNIST,FTRL,10,50,0,1399,0.171595,354.803657,1,0.225
MNIST,FTRL,10,50,0,1400,0.193281,354.996938,1,0.226
MNIST,FTRL,10,50,0,1401,0.284920,355.281858,1,0.226
MNIST,FTRL,10,50,0,1402,0.121537,355.403395,1,0.226
MNIST,FTRL,10,50,0,1403,0.170609,355.574004,1,0.226
MNIST,FTRL,10,50,0,1404,0.178714,355.752718,1,0.226
MNIST,FTRL,10,50,0,1405,0.265454,356.018172,1,0.226
MNIST,FTRL,10,50,0,1406,0.267295,356.285467,1,0.227
MNIST,FTRL,10,50,0,1407,0.307357,356.592823,1,0.227
MNIST,FTRL,10,50,0,1408,0.281870,356.874694,1,0.227
MNIST,FTRL,10,50,0,1409,0.327587,357.202281,1,0.227
MNIST,FTRL,10,50,0,1410,0.284201,357.486482,1,0.227
MNIST,FTRL,10,50,0,1411,0.301928,357.788410,1,0.227
MNIST,FTRL,10,50,0,1412,0.103836,357.892246,1,0.227
MNIST,FTRL,10,50,0,1413,0.299942,358.192187,1,0.228
MNIST,FTRL,10,50,0,1414,0.221643,358.413831,1,0.228
MNIST,FTRL,10,50,0,1415,0.157275,358.571106,1,0.228
MNIST,FTRL,10,50,0,1416,0.210488,358.781594,1,0.228
MNIST,FTRL,10,50,0,1417,0.387335,359.168930,1,0.228
MNIST,FTRL,10,50,0,1418,0.345122,359.514051,1,0.228
MNIST,FTRL,10,50,0,1419,0.197564,359.711615,1,0.229
MNIST,FTRL,10,50,0,1420,0.181517,359.893132,1,0.229
MNIST,FTRL,10,50,0,1421,0.220316,360.113448,1,0.229
MNIST,FTRL,10,50,0,1422,0.134882,360.248329,1,0.229
MNIST,FTRL,10,50,0,1423,0.287465,360.535795,1,0.229
MNIST,FTRL,10,50,0,1424,0.210275,360.746070,1,0.229
MNIST,FTRL,10,50,0,1425,0.348930,361.095000,1,0.230
MNIST,FTRL,10,50,0,1426,0.083591,361.178591,1,0.230
MNIST,FTRL,10,50,0,1427,0.301128,361.479720,1,0.230
MNIST,FTRL,10,50,0,1428,0.186884,361.666603,1,0.230
MNIST,FTRL,10,50,0,1429,0.319177,361.985781,1,0.230
MNIST,FTRL,10,50,0,1430,0.241740,362.227521,1,0.230
MNIST,FTRL,10,50,0,1431,0.257488,362.485009,1,0.230
MNIST,FTRL,10,50,0,1432,0.119196,362.604205,1,0.231
MNIST,FTRL,10,50,0,1433,0.306325,362.910530,1,0.231
MNIST,FTRL,10,50,0,1434,0.526686,363.437216,1,0.231
MNIST,FTRL,10,50,0,1435,0.315119,363.752335,1,0.231
MNIST,FTRL,10,50,0,1436,0.429752,364.182087,1,0.231
MNIST,FTRL,10,50,0,1437,0.338186,364.520274,1,0.231
MNIST,FTRL,10,50,0,1438,0.325317,364.845591,1,0.232
MNIST,FTRL,10,50,0,1439,0.135499,364.981090,1,0.232
MNIST,FTRL,10,50,0,1440,0.081919,365.063009,1,0.232
MNIST,FTRL,10,50,0,1441,0.104350,365.167359,1,0.232
MNIST,FTRL,10,50,0,1442,0.240904,365.408263,1,0.232
MNIST,FTRL,10,50,0,1443,0.293129,365.701392,1,0.232
MNIST,FTRL,10,50,0,1444,0.267033,365.968425,1,0.232
MNIST,FTRL,10,50,0,1445,0.064606,366.033031,1,0.233
MNIST,FTRL,10,50,0,1446,0.351271,366.384302,1,0.233
MNIST,FTRL,10,50,0,1447,0.137236,366.521538,1,0.233
MNIST,FTRL,10,50,0,1448,0.243267,366.764805,1,0.233
MNIST,FTRL,10,50,0,1449,0.102995,366.867800,1,0.233
MNIST,FTRL,10,50,0,1450,0.111054,366.978854,1,0.233
MNIST,FTRL,10,50,0,1451,0.259500,367.238354,1,0.234
MNIST,FTRL,10,50,0,1452,0.198930,367.437284,1,0.234
MNIST,FTRL,10,50,0,1453,0.280763,367.718048,1,0.234
MNIST,FTRL,10,50,0,1454,0.324132,368.042179,1,0.234
MNIST,FTRL,10,50,0,1455,0.171494,368.213674,1,0.234
MNIST,FTRL,10,50,0,1456,0.246154,368.459827,1,0.234
MNIST,FTRL,10,50,0,1457,0.183885,368.643712,1,0.235
MNIST,FTRL,10,50,0,1458,0.167135,368.810847,1,0.235
MNIST,FTRL,10,50,0,1459,0.121506,368.932353,1,0.235
MNIST,FTRL,10,50,0,1460,0.212633,369.144985,1,0.235
MNIST,FTRL,10,50,0,1461,0.223329,369.368315,1,0.235
MNIST,FTRL,10,50,0,1462,0.104877,369.473191,1,0.235
MNIST,FTRL,10,50,0,1463,0.147870,369.621061,1,0.235
MNIST,FTRL,10,50,0,1464,0.257892,369.878953,1,0.236
MNIST,FTRL,10,50,0,1465,0.272014,370.150967,1,0.236
MNIST,FTRL,10,50,0,1466,0.431434,370.582401,1,0.236
MNIST,FTRL,10,50,0,1467,0.274681,370.857082,1,0.236
MNIST,FTRL,10,50,0,1468,0.175361,371.032443,1,0.236
MNIST,FTRL,10,50,0,1469,0.225025,371.257468,1,0.236
MNIST,FTRL,10,50,0,1470,0.066002,371.323470,1,0.237
MNIST,FTRL,10,50,0,1471,0.265062,371.588532,1,0.237
MNIST,FTRL,10,50,0,1472,0.286565,371.875097,1,0.237
MNIST,FTRL,10,50,0,1473,0.301807,372.176904,1,0.237
MNIST,FTRL,10,50,0,1474,0.287574,372.464478,1,0.237
MNIST,FTRL,10,50,0,1475,0.194381,372.658858,1,0.237
MNIST,FTRL,10,50,0,1476,0.346255,373.005113,1,0.237
MNIST,FTRL,10,50,0,1477,0.468722,373.473834,1,0.238
MNIST,FTRL,10,50,0,1478,0.362255,373.836090,1,0.238
MNIST,FTRL,10,50,0,1479,0.268052,374.104142,1,0.238
MNIST,FTRL,10,50,0,1480,0.539942,374.644085,1,0.238
MNIST,FTRL,10,50,0,1481,0.167726,374.811811,1,0.238
MNIST,FTRL,10,50,0,1482,0.376348,375.188159,1,0.238
MNIST,FTRL,10,50,0,1483,0.224771,375.412929,1,0.238
MNIST,FTRL,10,50,0,1484,0.154481,375.567410,1,0.239
MNIST,FTRL,10,50,0,1485,0.238986,375.806396,1,0.239
MNIST,FTRL,10,50,0,1486,0.310587,376.116983,1,0.239
MNIST,FTRL,10,50,0,1487,0.352426,376.469409,1,0.239
MNIST,FTRL,10,50,0,1488,0.542689,377.012098,1,0.239
MNIST,FTRL,10,50,0,1489,0.212259,377.224357,1,0.239
MNIST,FTRL,10,50,0,1490,0.357693,377.582051,1,0.240
MNIST,FTRL,10,50,0,1491,0.244524,377.826574,1,0.240
MNIST,FTRL,10,50,0,1492,0.206820,378.033394,1,0.240
MNIST,FTRL,10,50,0,1493,0.114755,378.148149,1,0.240
MNIST,FTRL,10,50,0,1494,0.196121,378.344270,1,0.240
MNIST,FTRL,10,50,0,1495,0.275788,378.620058,1,0.240
MNIST,FTRL,10,50,0,1496,0.209902,378.829960,1,0.241
MNIST,FTRL,10,50,0,1497,0.386021,379.215982,1,0.241
MNIST,FTRL,10,50,0,1498,0.197994,379.413976,1,0.241
MNIST,FTRL,10,50,0,1499,0.207042,379.621018,1,0.241
MNIST,FTRL,10,50,0,1500,0.225880,379.846898,1,0.241
MNIST,FTRL,10,50,0,1501,0.070332,379.917230,1,0.242
MNIST,FTRL,10,50,0,1502,0.337422,380.254652,1,0.242
MNIST,FTRL,10,50,0,1503,0.387543,380.642195,1,0.242
MNIST,FTRL,10,50,0,1504,0.170706,380.812901,1,0.242
MNIST,FTRL,10,50,0,1505,0.221686,381.034587,1,0.242
MNIST,FTRL,10,50,0,1506,0.212590,381.247177,1,0.242
MNIST,FTRL,10,50,0,1507,0.253307,381.500485,1,0.242
MNIST,FTRL,10,50,0,1508,0.345147,381.845631,1,0.243
MNIST,FTRL,10,50,0,1509,0.270481,382.116113,1,0.243
MNIST,FTRL,10,50,0,1510,0.376808,382.492921,1,0.243
MNIST,FTRL,10,50,0,1511,0.292753,382.785674,1,0.243
MNIST,FTRL,10,50,0,1512,0.174788,382.960462,1,0.243
MNIST,FTRL,10,50,0,1513,0.222802,383.183265,1,0.243
MNIST,FTRL,10,50,0,1514,0.069003,383.252267,1,0.244
MNIST,FTRL,10,50,0,1515,0.212043,383.464310,1,0.244
MNIST,FTRL,10,50,0,1516,0.171275,383.635585,1,0.244
MNIST,FTRL,10,50,0,1517,0.274086,383.909671,1,0.244
MNIST,FTRL,10,50,0,1518,0.235980,384.145652,1,0.244
MNIST,FTRL,10,50,0,1519,0.154680,384.300332,1,0.244
MNIST,FTRL,10,50,0,1520,0.153142,384.453473,1,0.244
MNIST,FTRL,10,50,0,1521,0.243964,384.697438,1,0.245
MNIST,FTRL,10,50,0,1522,0.310514,385.007952,1,0.245
MNIST,FTRL,10,50,0,1523,0.227569,385.235521,1,0.245
MNIST,FTRL,10,50,0,1524,0.297275,385.532796,1,0.245
MNIST,FTRL,10,50,0,1525,0.261149,385.793945,1,0.245
MNIST,FTRL,10,50,0,1526,0.211384,386.005329,1,0.245
MNIST,FTRL,10,50,0,1527,0.138698,386.144027,1,0.246
MNIST,FTRL,10,50,0,1528,0.223973,386.368000,1,0.246
MNIST,FTRL,10,50,0,1529,0.324829,386.692829,1,0.246
MNIST,FTRL,10,50,0,1530,0.313740,387.006569,1,0.246
MNIST,FTRL,10,50,0,1531,0.297227,387.303796,1,0.246
MNIST,FTRL,10,50,0,1532,0.092145,387.395942,1,0.246
MNIST,FTRL,10,50,0,1533,0.361262,387.757203,1,0.247
MNIST,FTRL,10,50,0,1534,0.159675,387.916878,1,0.247
MNIST,FTRL,10,50,0,1535,0.149207,388.066085,1,0.247
MNIST,FTRL,10,50,0,1536,0.060013,388.126098,1,0.247
MNIST,FTRL,10,50,0,1537,0.325427,388.451525,1,0.247
MNIST,FTRL,10,50,0,1538,0.098346,388.549871,1,0.247
MNIST,FTRL,10,50,0,1539,0.330884,388.880756,1,0.247
MNIST,FTRL,10,50,0,1540,0.188690,389.069446,1,0.248
MNIST,FTRL,10,50,0,1541,0.224019,389.293465,1,0.248
MNIST,FTRL,10,50,0,1542,0.127382,389.420846,1,0.248
MNIST,FTRL,10,50,0,1543,0.210255,389.631102,1,0.248
MNIST,FTRL,10,50,0,1544,0.217272,389.848373,1,0.248
MNIST,FTRL,10,50,0,1545,0.133682,389.982055,1,0.248
MNIST,FTRL,10,50,0,1546,0.162360,390.144415,1,0.248
MNIST,FTRL,10,50,0,1547,0.318642,390.463057,1,0.249
MNIST,FTRL,10,50,0,1548,0.232235,390.695292,1,0.249
MNIST,FTRL,10,50,0,1549,0.302933,390.998224,1,0.249
MNIST,FTRL,10,50,0,1550,0.177565,391.175789,1,0.249
MNIST,FTRL,10,50,0,1551,0.270705,391.446494,1,0.249
MNIST,FTRL,10,50,0,1552,0.079327,391.525821,1,0.249
MNIST,FTRL,10,50,0,1553,0.232090,391.757911,1,0.250
MNIST,FTRL,10,50,0,1554,0.285889,392.043800,1,0.250
MNIST,FTRL,10,50,0,1555,0.250806,392.294607,1,0.250
MNIST,FTRL,10,50,0,1556,0.169087,392.463694,1,0.250
MNIST,FTRL,10,50,0,1557,0.323980,392.787673,1,0.250
MNIST,FTRL,10,50,0,1558,0.245758,393.033431,1,0.250
MNIST,FTRL,10,50,0,1559,0.194612,393.228043,1,0.251
MNIST,FTRL,10,50,0,1560,0.390658,393.618701,1,0.251
MNIST,FTRL,10,50,0,1561,0.186803,393.805504,1,0.251
MNIST,FTRL,10,50,0,1562,0.274707,394.080211,1,0.251
MNIST,FTRL,10,50,0,1563,0.204155,394.284367,1,0.251
MNIST,FTRL,10,50,0,1564,0.171657,394.456024,1,0.251
MNIST,FTRL,10,50,0,1565,0.282831,394.738854,1,0.251
MNIST,FTRL,10,50,0,1566,0.241400,394.980254,1,0.252
MNIST,FTRL,10,50,0,1567,0.156018,395.136272,1,0.252
MNIST,FTRL,10,50,0,1568,0.127190,395.263462,1,0.252
MNIST,FTRL,10,50,0,1569,0.164906,395.428368,1,0.252
MNIST,FTRL,10,50,0,1570,0.209328,395.637696,1,0.252
MNIST,FTRL,10,50,0,1571,0.242730,395.880426,1,0.252
MNIST,FTRL,10,50,0,1572,0.469587,396.350013,1,0.253
MNIST,FTRL,10,50,0,1573,0.193552,396.543566,1,0.253
MNIST,FTRL,10,50,0,1574,0.336918,396.880484,1,0.253
MNIST,FTRL,10,50,0,1575,0.413968,397.294452,1,0.253
MNIST,FTRL,10,50,0,1576,0.224835,397.519287,1,0.253
MNIST,FTRL,10,50,0,1577,0.503743,398.023031,1,0.253
MNIST,FTRL,10,50,0,1578,0.250830,398.273861,1,0.253
MNIST,FTRL,10,50,0,1579,0.199173,398.473033,1,0.254
MNIST,FTRL,10,50,0,1580,0.154589,398.627622,1,0.254
MNIST,FTRL,10,50,0,1581,0.162686,398.790309,1,0.254
MNIST,FTRL,10,50,0,1582,0.424679,399.214988,1,0.254
MNIST,FTRL,10,50,0,1583,0.385863,399.600852,1,0.254
MNIST,FTRL,10,50,0,1584,0.071200,399.672052,1,0.254
MNIST,FTRL,10,50,0,1585,0.294974,399.967025,1,0.255
MNIST,FTRL,10,50,0,1586,0.258543,400.225568,1,0.255
MNIST,FTRL,10,50,0,1587,0.186498,400.412066,1,0.255
MNIST,FTRL,10,50,0,1588,0.227821,400.639887,1,0.255
MNIST,FTRL,10,50,0,1589,0.188454,400.828341,1,0.255
MNIST,FTRL,10,50,0,1590,0.271063,401.099404,1,0.255
MNIST,FTRL,10,50,0,1591,0.293585,401.392989,1,0.256
MNIST,FTRL,10,50,0,1592,0.138438,401.531427,1,0.256
MNIST,FTRL,10,50,0,1593,0.232996,401.764423,1,0.256
MNIST,FTRL,10,50,0,1594,0.282291,402.046714,1,0.256
MNIST,FTRL,10,50,0,1595,0.220962,402.267676,1,0.256
MNIST,FTRL,10,50,0,1596,0.258963,402.526639,1,0.256
MNIST,FTRL,10,50,0,1597,0.512749,403.039387,1,0.256
MNIST,FTRL,10,50,0,1598,0.337602,403.376989,1,0.257
MNIST,FTRL,10,50,0,1599,0.193264,403.570253,1,0.257
MNIST,FTRL,10,50,0,1600,0.151210,403.721463,1,0.257
MNIST,FTRL,10,50,0,1601,0.338971,404.060434,1,0.257
MNIST,FTRL,10,50,0,1602,0.318241,404.378675,1,0.257
MNIST,FTRL,10,50,0,1603,0.127376,404.506051,1,0.257
MNIST,FTRL,10,50,0,1604,0.218052,404.724103,1,0.258
MNIST,FTRL,10,50,0,1605,0.203012,404.927114,1,0.258
MNIST,FTRL,10,50,0,1606,0.234164,405.161278,1,0.258
MNIST,FTRL,10,50,0,1607,0.093027,405.254306,1,0.258
MNIST,FTRL,10,50,0,1608,0.248597,405.502903,1,0.258
MNIST,FTRL,10,50,0,1609,0.239703,405.742606,1,0.258
MNIST,FTRL,10,50,0,1610,0.247378,405.989984,1,0.259
MNIST,FTRL,10,50,0,1611,0.223074,406.213058,1,0.259
MNIST,FTRL,10,50,0,1612,0.287620,406.500678,1,0.259
MNIST,FTRL,10,50,0,1613,0.292788,406.793466,1,0.259
MNIST,FTRL,10,50,0,1614,0.175286,406.968752,1,0.259
MNIST,FTRL,10,50,0,1615,0.324050,407.292802,1,0.259
MNIST,FTRL,10,50,0,1616,0.248957,407.541758,1,0.259
MNIST,FTRL,10,50,0,1617,0.375387,407.917145,1,0.260
MNIST,FTRL,10,50,0,1618,0.283022,408.200168,1,0.260
MNIST,FTRL,10,50,0,1619,0.199823,408.399990,1,0.260
MNIST,FTRL,10,50,0,1620,0.203486,408.603476,1,0.260
MNIST,FTRL,10,50,0,1621,0.167946,408.771421,1,0.260
MNIST,FTRL,10,50,0,1622,0.125670,408.897091,1,0.260
MNIST,FTRL,10,50,0,1623,0.172821,409.069912,1,0.261
MNIST,FTRL,10,50,0,1624,0.146366,409.216278,1,0.261
MNIST,FTRL,10,50,0,1625,0.256507,409.472785,1,0.261
MNIST,FTRL,10,50,0,1626,0.110189,409.582975,1,0.261
MNIST,FTRL,10,50,0,1627,0.188330,409.771305,1,0.261
MNIST,FTRL,10,50,0,1628,0.246886,410.018191,1,0.261
MNIST,FTRL,10,50,0,1629,0.338553,410.356744,1,0.261
MNIST,FTRL,10,50,0,1630,0.495746,410.852490,1,0.262
MNIST,FTRL,10,50,0,1631,0.448981,411.301471,1,0.262
MNIST,FTRL,10,50,0,1632,0.248769,411.550240,1,0.262
MNIST,FTRL,10,50,0,1633,0.152758,411.702998,1,0.262
MNIST,FTRL,10,50,0,1634,0.217440,411.920438,1,0.262
MNIST,FTRL,10,50,0,1635,0.112868,412.033306,1,0.262
MNIST,FTRL,10,50,0,1636,0.176337,412.209643,1,0.263
MNIST,FTRL,10,50,0,1637,0.211271,412.420914,1,0.263
MNIST,FTRL,10,50,0,1638,0.163388,412.584302,1,0.263
MNIST,FTRL,10,50,0,1639,0.203694,412.787997,1,0.263
MNIST,FTRL,10,50,0,1640,0.183604,412.971600,1,0.263
MNIST,FTRL,10,50,0,1641,0.318360,413.289960,1,0.263
MNIST,FTRL,10,50,0,1642,0.377840,413.667800,1,0.263
MNIST,FTRL,10,50,0,1643,0.174133,413.841933,1,0.264
MNIST,FTRL,10,50,0,1644,0.371742,414.213675,1,0.264
MNIST,FTRL,10,50,0,1645,0.272944,414.486620,1,0.264
MNIST,FTRL,10,50,0,1646,0.192166,414.678785,1,0.264
MNIST,FTRL,10,50,0,1647,0.319005,414.997790,1,0.264
MNIST,FTRL,10,50,0,1648,0.265348,415.263138,1,0.264
MNIST,FTRL,10,50,0,1649,0.351250,415.614388,1,0.265
MNIST,FTRL,10,50,0,1650,0.130059,415.744447,1,0.265
MNIST,FTRL,10,50,0,1651,0.189976,415.934423,1,0.265
MNIST,FTRL,10,50,0,1652,0.239320,416.173743,1,0.265
MNIST,FTRL,10,50,0,1653,0.083732,416.257474,1,0.265
MNIST,FTRL,10,50,0,1654,0.223618,416.481093,1,0.265
MNIST,FTRL,10,50,0,1655,0.088681,416.569774,1,0.266
MNIST,FTRL,10,50,0,1656,0.292864,416.862637,1,0.266
MNIST,FTRL,10,50,0,1657,0.066966,416.929604,1,0.266
MNIST,FTRL,10,50,0,1658,0.067365,416.996969,1,0.266
MNIST,FTRL,10,50,0,1659,0.335259,417.332227,1,0.266
MNIST,FTRL,10,50,0,1660,0.206385,417.538612,1,0.266
MNIST,FTRL,10,50,0,1661,0.216481,417.755093,1,0.267
MNIST,FTRL,10,50,0,1662,0.231438,417.986531,1,0.267
MNIST,FTRL,10,50,0,1663,0.296153,418.282684,1,0.267
MNIST,FTRL,10,50,0,1664,0.212210,418.494894,1,0.267
MNIST,FTRL,10,50,0,1665,0.310744,418.805638,1,0.267
MNIST,FTRL,10,50,0,1666,0.334813,419.140451,1,0.267
MNIST,FTRL,10,50,0,1667,0.323664,419.464115,1,0.267
MNIST,FTRL,10,50,0,1668,0.160481,419.624596,1,0.268
MNIST,FTRL,10,50,0,1669,0.246622,419.871219,1,0.268
MNIST,FTRL,10,50,0,1670,0.122140,419.993359,1,0.268
MNIST,FTRL,10,50,0,1671,0.283904,420.277263,1,0.268
MNIST,FTRL,10,50,0,1672,0.342498,420.619761,1,0.268
MNIST,FTRL,10,50,0,1673,0.196556,420.816317,1,0.268
MNIST,FTRL,10,50,0,1674,0.431794,421.248111,1,0.269
MNIST,FTRL,10,50,0,1675,0.297055,421.545166,1,0.269
MNIST,FTRL,10,50,0,1676,0.336959,421.882125,1,0.269
MNIST,FTRL,10,50,0,1677,0.237101,422.119226,1,0.269
MNIST,FTRL,10,50,0,1678,0.395304,422.514531,1,0.269
MNIST,FTRL,10,50,0,1679,0.283848,422.798379,1,0.269
MNIST,FTRL,10,50,0,1680,0.214745,423.013124,1,0.269
MNIST,FTRL,10,50,0,1681,0.216014,423.229138,1,0.270
MNIST,FTRL,10,50,0,1682,0.255791,423.484929,1,0.270
MNIST,FTRL,10,50,0,1683,0.181678,423.666607,1,0.270
MNIST,FTRL,10,50,0,1684,0.380725,424.047333,1,0.270
MNIST,FTRL,10,50,0,1685,0.271590,424.318923,1,0.270
MNIST,FTRL,10,50,0,1686,0.512311,424.831234,1,0.270
MNIST,FTRL,10,50,0,1687,0.164357,424.995591,1,0.271
MNIST,FTRL,10,50,0,1688,0.256898,425.252488,1,0.271
MNIST,FTRL,10,50,0,1689,0.203697,425.456185,1,0.271
MNIST,FTRL,10,50,0,1690,0.311872,425.768057,1,0.271
MNIST,FTRL,10,50,0,1691,0.485068,426.253125,1,0.271
MNIST,FTRL,10,50,0,1692,0.116956,426.370082,1,0.271
MNIST,FTRL,10,50,0,1693,0.166848,426.536930,1,0.272
MNIST,FTRL,10,50,0,1694,0.271051,426.807981,1,0.272
MNIST,FTRL,10,50,0,1695,0.232132,427.040113,1,0.272
MNIST,FTRL,10,50,0,1696,0.440380,427.480494,1,0.272
MNIST,FTRL,10,50,0,1697,0.319805,427.800298,1,0.272
MNIST,FTRL,10,50,0,1698,0.296138,428.096436,1,0.272
MNIST,FTRL,10,50,0,1699,0.166697,428.263132,1,0.272
MNIST,FTRL,10,50,0,1700,0.092891,428.356023,1,0.273
MNIST,FTRL,10,50,0,1701,0.467421,428.823444,1,0.273
MNIST,FTRL,10,50,0,1702,0.228280,429.051725,1,0.273
MNIST,FTRL,10,50,0,1703,0.173657,429.225381,1,0.273
MNIST,FTRL,10,50,0,1704,0.049548,429.274930,1,0.273
MNIST,FTRL,10,50,0,1705,0.137567,429.412496,1,0.273
MNIST,FTRL,10,50,0,1706,0.244274,429.656770,1,0.274
MNIST,FTRL,10,50,0,1707,0.136703,429.793473,1,0.274
MNIST,FTRL,10,50,0,1708,0.335709,430.129181,1,0.274
MNIST,FTRL,10,50,0,1709,0.482313,430.611494,1,0.274
MNIST,FTRL,10,50,0,1710,0.390818,431.002312,1,0.274
MNIST,FTRL,10,50,0,1711,0.413724,431.416036,1,0.274
MNIST,FTRL,10,50,0,1712,0.174271,431.590307,1,0.275
MNIST,FTRL,10,50,0,1713,0.388274,431.978581,1,0.275
MNIST,FTRL,10,50,0,1714,0.309101,432.287682,1,0.275
MNIST,FTRL,10,50,0,1715,0.154149,432.441831,1,0.275
MNIST,FTRL,10,50,0,1716,0.315419,432.757250,1,0.275
MNIST,FTRL,10,50,0,1717,0.316274,433.073523,1,0.275
MNIST,FTRL,10,50,0,1718,0.169554,433.243077,1,0.275
MNIST,FTRL,10,50,0,1719,0.358059,433.601136,1,0.276
MNIST,FTRL,10,50,0,1720,0.255558,433.856694,1,0.276
MNIST,FTRL,10,50,0,1721,0.403123,434.259817,1,0.276
MNIST,FTRL,10,50,0,1722,0.158279,434.418097,1,0.276
MNIST,FTRL,10,50,0,1723,0.357710,434.775807,1,0.276
MNIST,FTRL,10,50,0,1724,0.263576,435.039383,1,0.276
MNIST,FTRL,10,50,0,1725,0.281960,435.321344,1,0.277
MNIST,FTRL,10,50,0,1726,0.285271,435.606615,1,0.277
MNIST,FTRL,10,50,0,1727,0.159538,435.766152,1,0.277
MNIST,FTRL,10,50,0,1728,0.468669,436.234822,1,0.277
MNIST,FTRL,10,50,0,1729,0.219290,436.454112,1,0.277
MNIST,FTRL,10,50,0,1730,0.176097,436.630209,1,0.277
MNIST,FTRL,10,50,0,1731,0.177136,436.807345,1,0.277
MNIST,FTRL,10,50,0,1732,0.300267,437.107612,1,0.278
MNIST,FTRL,10,50,0,1733,0.118976,437.226588,1,0.278
MNIST,FTRL,10,50,0,1734,0.285559,437.512147,1,0.278
MNIST,FTRL,10,50,0,1735,0.124709,437.636856,1,0.278
MNIST,FTRL,10,50,0,1736,0.173197,437.810053,1,0.278
MNIST,FTRL,10,50,0,1737,0.232792,438.042845,1,0.278
MNIST,FTRL,10,50,0,1738,0.085398,438.128243,1,0.279
MNIST,FTRL,10,50,0,1739,0.232408,438.360651,1,0.279
MNIST,FTRL,10,50,0,1740,0.440762,438.801413,1,0.279
MNIST,FTRL,10,50,0,1741,0.349251,439.150663,1,0.279
MNIST,FTRL,10,50,0,1742,0.188535,439.339198,1,0.279
MNIST,FTRL,10,50,0,1743,0.292467,439.631665,1,0.279
MNIST,FTRL,10,50,0,1744,0.409583,440.041247,1,0.279
MNIST,FTRL,10,50,0,1745,0.155829,440.197076,1,0.280
MNIST,FTRL,10,50,0,1746,0.255881,440.452957,1,0.280
MNIST,FTRL,10,50,0,1747,0.265249,440.718206,1,0.280
MNIST,FTRL,10,50,0,1748,0.065701,440.783907,1,0.280
MNIST,FTRL,10,50,0,1749,0.370480,441.154386,1,0.280
MNIST,FTRL,10,50,0,1750,0.334220,441.488606,1,0.280
MNIST,FTRL,10,50,0,1751,0.278613,441.767219,1,0.281
MNIST,FTRL,10,50,0,1752,0.127612,441.894831,1,0.281
MNIST,FTRL,10,50,0,1753,0.279464,442.174295,1,0.281
MNIST,FTRL,10,50,0,1754,0.103265,442.277559,1,0.281
MNIST,FTRL,10,50,0,1755,0.361385,442.638945,1,0.281
MNIST,FTRL,10,50,0,1756,0.178752,442.817697,1,0.281
MNIST,FTRL,10,50,0,1757,0.245700,443.063396,1,0.282
MNIST,FTRL,10,50,0,1758,0.223991,443.287387,1,0.282
MNIST,FTRL,10,50,0,1759,0.243180,443.530567,1,0.282
MNIST,FTRL,10,50,0,1760,0.271065,443.801632,1,0.282
MNIST,FTRL,10,50,0,1761,0.098318,443.899951,1,0.282
MNIST,FTRL,10,50,0,1762,0.130357,444.030308,1,0.282
MNIST,FTRL,10,50,0,1763,0.293651,444.323958,1,0.282
MNIST,FTRL,10,50,0,1764,0.253385,444.577343,1,0.283
MNIST,FTRL,10,50,0,1765,0.144336,444.721679,1,0.283
MNIST,FTRL,10,50,0,1766,0.433918,445.155598,1,0.283
MNIST,FTRL,10,50,0,1767,0.355232,445.510830,1,0.283
MNIST,FTRL,10,50,0,1768,0.211923,445.722752,1,0.283
MNIST,FTRL,10,50,0,1769,0.261456,445.984208,1,0.283
MNIST,FTRL,10,50,0,1770,0.318552,446.302760,1,0.283
MNIST,FTRL,10,50,0,1771,0.157300,446.460060,1,0.284
MNIST,FTRL,10,50,0,1772,0.217407,446.677467,1,0.284
MNIST,FTRL,10,50,0,1773,0.121317,446.798784,1,0.284
MNIST,FTRL,10,50,0,1774,0.096535,446.895320,1,0.284
MNIST,FTRL,10,50,0,1775,0.114615,447.009935,1,0.284
MNIST,FTRL,10,50,0,1776,0.220968,447.230903,1,0.284
MNIST,FTRL,10,50,0,1777,0.355387,447.586290,1,0.285
MNIST,FTRL,10,50,0,1778,0.251499,447.837790,1,0.285
MNIST,FTRL,10,50,0,1779,0.209607,448.047396,1,0.285
MNIST,FTRL,10,50,0,1780,0.332695,448.380092,1,0.285
MNIST,FTRL,10,50,0,1781,0.143422,448.523514,1,0.285
MNIST,FTRL,10,50,0,1782,0.256904,448.780417,1,0.285
MNIST,FTRL,10,50,0,1783,0.457406,449.237824,1,0.286
MNIST,FTRL,10,50,0,1784,0.211902,449.449726,1,0.286
MNIST,FTRL,10,50,0,1785,0.152484,449.602210,1,0.286
MNIST,FTRL,10,50,0,1786,0.272809,449.875019,1,0.286
MNIST,FTRL,10,50,0,1787,0.238317,450.113336,1,0.286
MNIST,FTRL,10,50,0,1788,0.287773,450.401109,1,0.286
MNIST,FTRL,10,50,0,1789,0.360158,450.761267,1,0.286
MNIST,FTRL,10,50,0,1790,0.337886,451.099153,1,0.287
MNIST,FTRL,10,50,0,1791,0.142555,451.241708,1,0.287
MNIST,FTRL,10,50,0,1792,0.283877,451.525586,1,0.287
MNIST,FTRL,10,50,0,1793,0.164112,451.689698,1,0.287
MNIST,FTRL,10,50,0,1794,0.217267,451.906964,1,0.287
MNIST,FTRL,10,50,0,1795,0.161760,452.068724,1,0.287
MNIST,FTRL,10,50,0,1796,0.105053,452.173776,1,0.288
MNIST,FTRL,10,50,0,1797,0.113213,452.286990,1,0.288
MNIST,FTRL,10,50,0,1798,0.363251,452.650241,1,0.288
MNIST,FTRL,10,50,0,1799,0.113341,452.763582,1,0.288
MNIST,FTRL,10,50,0,1800,0.267703,453.031285,1,0.288
MNIST,FTRL,10,50,0,1801,0.219950,453.251235,1,0.288
MNIST,FTRL,10,50,0,1802,0.099721,453.350956,1,0.289
MNIST,FTRL,10,50,0,1803,0.233019,453.583975,1,0.289
MNIST,FTRL,10,50,0,1804,0.171441,453.755416,1,0.289
MNIST,FTRL,10,50,0,1805,0.321453,454.076869,1,0.289
MNIST,FTRL,10,50,0,1806,0.260374,454.337243,1,0.289
MNIST,FTRL,10,50,0,1807,0.269579,454.606822,1,0.289
MNIST,FTRL,10,50,0,1808,0.248980,454.855802,1,0.290
MNIST,FTRL,10,50,0,1809,0.296049,455.151851,1,0.290
MNIST,FTRL,10,50,0,1810,0.346900,455.498751,1,0.290
MNIST,FTRL,10,50,0,1811,0.204121,455.702873,1,0.290
MNIST,FTRL,10,50,0,1812,0.354164,456.057036,1,0.290
MNIST,FTRL,10,50,0,1813,0.169680,456.226717,1,0.290
MNIST,FTRL,10,50,0,1814,0.202199,456.428916,1,0.290
MNIST,FTRL,10,50,0,1815,0.324589,456.753505,1,0.291
MNIST,FTRL,10,50,0,1816,0.107127,456.860632,1,0.291
MNIST,FTRL,10,50,0,1817,0.149955,457.010587,1,0.291
MNIST,FTRL,10,50,0,1818,0.265392,457.275980,1,0.291
MNIST,FTRL,10,50,0,1819,0.145730,457.421709,1,0.291
MNIST,FTRL,10,50,0,1820,0.255276,457.676986,1,0.291
MNIST,FTRL,10,50,0,1821,0.212527,457.889513,1,0.292
MNIST,FTRL,10,50,0,1822,0.191966,458.081478,1,0.292
MNIST,FTRL,10,50,0,1823,0.332587,458.414065,1,0.292
MNIST,FTRL,10,50,0,1824,0.234271,458.648336,1,0.292
MNIST,FTRL,10,50,0,1825,0.270410,458.918746,1,0.292
MNIST,FTRL,10,50,0,1826,0.121118,459.039864,1,0.292
MNIST,FTRL,10,50,0,1827,0.152953,459.192817,1,0.292
MNIST,FTRL,10,50,0,1828,0.266493,459.459310,1,0.293
MNIST,FTRL,10,50,0,1829,0.302433,459.761743,1,0.293
MNIST,FTRL,10,50,0,1830,0.190358,459.952101,1,0.293
MNIST,FTRL,10,50,0,1831,0.287854,460.239954,1,0.293
MNIST,FTRL,10,50,0,1832,0.340890,460.580844,1,0.293
MNIST,FTRL,10,50,0,1833,0.141619,460.722463,1,0.293
MNIST,FTRL,10,50,0,1834,0.097547,460.820010,1,0.293
MNIST,FTRL,10,50,0,1835,0.184371,461.004381,1,0.294
MNIST,FTRL,10,50,0,1836,0.312956,461.317337,1,0.294
MNIST,FTRL,10,50,0,1837,0.173499,461.490836,1,0.294
MNIST,FTRL,10,50,0,1838,0.300569,461.791405,1,0.294
MNIST,FTRL,10,50,0,1839,0.243451,462.034856,1,0.294
MNIST,FTRL,10,50,0,1840,0.326531,462.361387,1,0.294
MNIST,FTRL,10,50,0,1841,0.102642,462.464029,1,0.295
MNIST,FTRL,10,50,0,1842,0.420495,462.884524,1,0.295
MNIST,FTRL,10,50,0,1843,0.309641,463.194165,1,0.295
MNIST,FTRL,10,50,0,1844,0.493500,463.687665,1,0.295
MNIST,FTRL,10,50,0,1845,0.486451,464.174116,1,0.295
MNIST,FTRL,10,50,0,1846,0.218074,464.392190,1,0.295
MNIST,FTRL,10,50,0,1847,0.379217,464.771407,1,0.295
MNIST,FTRL,10,50,0,1848,0.179653,464.951060,1,0.296
MNIST,FTRL,10,50,0,1849,0.281421,465.232481,1,0.296
MNIST,FTRL,10,50,0,1850,0.189253,465.421734,1,0.296
MNIST,FTRL,10,50,0,1851,0.214351,465.636084,1,0.296
MNIST,FTRL,10,50,0,1852,0.235970,465.872054,1,0.296
MNIST,FTRL,10,50,0,1853,0.131466,466.003520,1,0.297
MNIST,FTRL,10,50,0,1854,0.176116,466.179636,1,0.297
MNIST,FTRL,10,50,0,1855,0.218169,466.397805,1,0.297
MNIST,FTRL,10,50,0,1856,0.241847,466.639652,1,0.297
MNIST,FTRL,10,50,0,1857,0.176879,466.816532,1,0.297
MNIST,FTRL,10,50,0,1858,0.387026,467.203558,1,0.297
MNIST,FTRL,10,50,0,1859,0.119020,467.322578,1,0.297
MNIST,FTRL,10,50,0,1860,0.291785,467.614363,1,0.298
MNIST,FTRL,10,50,0,1861,0.347560,467.961923,1,0.298
MNIST,FTRL,10,50,0,1862,0.264088,468.226011,1,0.298
MNIST,FTRL,10,50,0,1863,0.254512,468.480523,1,0.298
MNIST,FTRL,10,50,0,1864,0.266202,468.746726,1,0.298
MNIST,FTRL,10,50,0,1865,0.212212,468.958938,1,0.298
MNIST,FTRL,10,50,0,1866,0.312190,469.271128,1,0.298
MNIST,FTRL,10,50,0,1867,0.189814,469.460942,1,0.299
MNIST,FTRL,10,50,0,1868,0.225427,469.686369,1,0.299
MNIST,FTRL,10,50,0,1869,0.346798,470.033167,1,0.299
MNIST,FTRL,10,50,0,1870,0.252395,470.285562,1,0.299
MNIST,FTRL,10,50,0,1871,0.326971,470.612533,1,0.299
MNIST,FTRL,10,50,0,1872,0.347160,470.959693,1,0.299
MNIST,FTRL,10,50,0,1873,0.337356,471.297049,1,0.300
MNIST,FTRL,10,50,0,1874,0.134583,471.431632,1,0.300
MNIST,FTRL,10,50,0,1875,0.224355,471.655987,1,0.300
MNIST,FTRL,10,50,0,1876,0.254333,471.910320,1,0.300
MNIST,FTRL,10,50,0,1877,0.080562,471.990882,1,0.300
MNIST,FTRL,10,50,0,1878,0.230491,472.221373,1,0.300
MNIST,FTRL,10,50,0,1879,0.151041,472.372414,1,0.300
MNIST,FTRL,10,50,0,1880,0.301046,472.673460,1,0.301
MNIST,FTRL,10,50,0,1881,0.186788,472.860248,1,0.301
MNIST,FTRL,10,50,0,1882,0.225825,473.086073,1,0.301
MNIST,FTRL,10,50,0,1883,0.265274,473.351346,1,0.301
MNIST,FTRL,10,50,0,1884,0.237844,473.589191,1,0.301
MNIST,FTRL,10,50,0,1885,0.176768,473.765959,1,0.301
MNIST,FTRL,10,50,0,1886,0.134231,473.900190,1,0.302
MNIST,FTRL,10,50,0,1887,0.129748,474.029938,1,0.302
MNIST,FTRL,10,50,0,1888,0.283699,474.313637,1,0.302
MNIST,FTRL,10,50,0,1889,0.404644,474.718281,1,0.302
MNIST,FTRL,10,50,0,1890,0.377502,475.095783,1,0.302
MNIST,FTRL,10,50,0,1891,0.060711,475.156495,1,0.302
MNIST,FTRL,10,50,0,1892,0.508554,475.665049,1,0.302
MNIST,FTRL,10,50,0,1893,0.302752,475.967801,1,0.303
MNIST,FTRL,10,50,0,1894,0.226102,476.193903,1,0.303
MNIST,FTRL,10,50,0,1895,0.114758,476.308661,1,0.303
MNIST,FTRL,10,50,0,1896,0.187325,476.495986,1,0.303
MNIST,FTRL,10,50,0,1897,0.210003,476.705989,1,0.303
MNIST,FTRL,10,50,0,1898,0.404510,477.110499,1,0.303
MNIST,FTRL,10,50,0,1899,0.398598,477.509097,1,0.304
MNIST,FTRL,10,50,0,1900,0.172708,477.681805,1,0.304
MNIST,FTRL,10,50,0,1901,0.362671,478.044475,1,0.304
MNIST,FTRL,10,50,0,1902,0.279193,478.323669,1,0.304
MNIST,FTRL,10,50,0,1903,0.228615,478.552284,1,0.304
MNIST,FTRL,10,50,0,1904,0.139745,478.692030,1,0.304
MNIST,FTRL,10,50,0,1905,0.109132,478.801162,1,0.305
MNIST,FTRL,10,50,0,1906,0.313583,479.114745,1,0.305
MNIST,FTRL,10,50,0,1907,0.190511,479.305256,1,0.305
MNIST,FTRL,10,50,0,1908,0.378156,479.683411,1,0.305
MNIST,FTRL,10,50,0,1909,0.412593,480.096004,1,0.305
MNIST,FTRL,10,50,0,1910,0.208480,480.304484,1,0.305
MNIST,FTRL,10,50,0,1911,0.192556,480.497040,1,0.306
MNIST,FTRL,10,50,0,1912,0.098467,480.595507,1,0.306
MNIST,FTRL,10,50,0,1913,0.246867,480.842374,1,0.306
MNIST,FTRL,10,50,0,1914,0.327671,481.170045,1,0.306
MNIST,FTRL,10,50,0,1915,0.159232,481.329277,1,0.306
MNIST,FTRL,10,50,0,1916,0.243696,481.572973,1,0.306
MNIST,FTRL,10,50,0,1917,0.479461,482.052434,1,0.306
MNIST,FTRL,10,50,0,1918,0.125774,482.178208,1,0.307
MNIST,FTRL,10,50,0,1919,0.218385,482.396593,1,0.307
MNIST,FTRL,10,50,0,1920,0.224913,482.621506,1,0.307
MNIST,FTRL,10,50,0,1921,0.105678,482.727184,1,0.307
MNIST,FTRL,10,50,0,1922,0.271823,482.999007,1,0.307
MNIST,FTRL,10,50,0,1923,0.143113,483.142119,1,0.307
MNIST,FTRL,10,50,0,1924,0.471575,483.613694,1,0.307
MNIST,FTRL,10,50,0,1925,0.206869,483.820563,1,0.308
MNIST,FTRL,10,50,0,1926,0.529137,484.349700,1,0.308
MNIST,FTRL,10,50,0,1927,0.146326,484.496026,1,0.308
MNIST,FTRL,10,50,0,1928,0.221035,484.717061,1,0.308
MNIST,FTRL,10,50,0,1929,0.205486,484.922547,1,0.308
MNIST,FTRL,10,50,0,1930,0.087042,485.009589,1,0.308
MNIST,FTRL,10,50,0,1931,0.249504,485.259093,1,0.309
MNIST,FTRL,10,50,0,1932,0.330935,485.590028,1,0.309
MNIST,FTRL,10,50,0,1933,0.171654,485.761682,1,0.309
MNIST,FTRL,10,50,0,1934,0.340442,486.102124,1,0.309
MNIST,FTRL,10,50,0,1935,0.368691,486.470815,1,0.309
MNIST,FTRL,10,50,0,1936,0.150993,486.621808,1,0.309
MNIST,FTRL,10,50,0,1937,0.230591,486.852399,1,0.309
MNIST,FTRL,10,50,0,1938,0.264569,487.116968,1,0.310
MNIST,FTRL,10,50,0,1939,0.084914,487.201883,1,0.310
MNIST,FTRL,10,50,0,1940,0.118874,487.320757,1,0.310
MNIST,FTRL,10,50,0,1941,0.423573,487.744329,1,0.310
MNIST,FTRL,10,50,0,1942,0.192058,487.936387,1,0.310
MNIST,FTRL,10,50,0,1943,0.263155,488.199542,1,0.310
MNIST,FTRL,10,50,0,1944,0.266087,488.465629,1,0.311
MNIST,FTRL,10,50,0,1945,0.216634,488.682263,1,0.311
MNIST,FTRL,10,50,0,1946,0.157969,488.840232,1,0.311
MNIST,FTRL,10,50,0,1947,0.217352,489.057584,1,0.311
MNIST,FTRL,10,50,0,1948,0.066368,489.123952,1,0.311
MNIST,FTRL,10,50,0,1949,0.335793,489.459745,1,0.311
MNIST,FTRL,10,50,0,1950,0.213931,489.673676,1,0.312
MNIST,FTRL,10,50,0,1951,0.193305,489.866981,1,0.312
MNIST,FTRL,10,50,0,1952,0.207912,490.074892,1,0.312
MNIST,FTRL,10,50,0,1953,0.397868,490.472760,1,0.312
MNIST,FTRL,10,50,0,1954,0.275693,490.748453,1,0.312
MNIST,FTRL,10,50,0,1955,0.155137,490.903591,1,0.312
MNIST,FTRL,10,50,0,1956,0.183794,491.087385,1,0.312
MNIST,FTRL,10,50,0,1957,0.042657,491.130042,1,0.313
MNIST,FTRL,10,50,0,1958,0.278766,491.408808,1,0.313
MNIST,FTRL,10,50,0,1959,0.409060,491.817868,1,0.313
MNIST,FTRL,10,50,0,1960,0.104999,491.922867,1,0.313
MNIST,FTRL,10,50,0,1961,0.297893,492.220761,1,0.313
MNIST,FTRL,10,50,0,1962,0.077537,492.298298,1,0.313
MNIST,FTRL,10,50,0,1963,0.303754,492.602052,1,0.314
MNIST,FTRL,10,50,0,1964,0.179516,492.781567,1,0.314
MNIST,FTRL,10,50,0,1965,0.193366,492.974934,1,0.314
MNIST,FTRL,10,50,0,1966,0.272566,493.247500,1,0.314
MNIST,FTRL,10,50,0,1967,0.243148,493.490648,1,0.314
MNIST,FTRL,10,50,0,1968,0.309902,493.800550,1,0.314
MNIST,FTRL,10,50,0,1969,0.274529,494.075079,1,0.314
MNIST,FTRL,10,50,0,1970,0.255605,494.330684,1,0.315
MNIST,FTRL,10,50,0,1971,0.301611,494.632295,1,0.315
MNIST,FTRL,10,50,0,1972,0.295819,494.928114,1,0.315
MNIST,FTRL,10,50,0,1973,0.290126,495.218240,1,0.315
MNIST,FTRL,10,50,0,1974,0.119318,495.337558,1,0.315
MNIST,FTRL,10,50,0,1975,0.321293,495.658851,1,0.315
MNIST,FTRL,10,50,0,1976,0.229208,495.888060,1,0.316
MNIST,FTRL,10,50,0,1977,0.265996,496.154055,1,0.316
MNIST,FTRL,10,50,0,1978,0.286585,496.440641,1,0.316
MNIST,FTRL,10,50,0,1979,0.291878,496.732519,1,0.316
MNIST,FTRL,10,50,0,1980,0.342119,497.074637,1,0.316
MNIST,FTRL,10,50,0,1981,0.140223,497.214860,1,0.316
MNIST,FTRL,10,50,0,1982,0.237501,497.452362,1,0.316
MNIST,FTRL,10,50,0,1983,0.179222,497.631584,1,0.317
MNIST,FTRL,10,50,0,1984,0.227710,497.859294,1,0.317
MNIST,FTRL,10,50,0,1985,0.281519,498.140813,1,0.317
MNIST,FTRL,10,50,0,1986,0.275003,498.415815,1,0.317
MNIST,FTRL,10,50,0,1987,0.422412,498.838227,1,0.317
MNIST,FTRL,10,50,0,1988,0.276525,499.114753,1,0.317
MNIST,FTRL,10,50,0,1989,0.210817,499.325570,1,0.318
MNIST,FTRL,10,50,0,1990,0.149544,499.475114,1,0.318
MNIST,FTRL,10,50,0,1991,0.141579,499.616694,1,0.318
MNIST,FTRL,10,50,0,1992,0.201026,499.817719,1,0.318
MNIST,FTRL,10,50,0,1993,0.339877,500.157596,1,0.318
MNIST,FTRL,10,50,0,1994,0.183827,500.341423,1,0.318
MNIST,FTRL,10,50,0,1995,0.265089,500.606512,1,0.318
MNIST,FTRL,10,50,0,1996,0.373655,500.980167,1,0.319
MNIST,FTRL,10,50,0,1997,0.268278,501.248445,1,0.319
MNIST,FTRL,10,50,0,1998,0.143476,501.391921,1,0.319
MNIST,FTRL,10,50,0,1999,0.079034,501.470955,1,0.319
MNIST,FTRL,10,50,0,2000,0.266796,501.737751,1,0.320
MNIST,FTRL,10,50,0,2001,0.306126,502.043877,1,0.320
MNIST,FTRL,10,50,0,2002,0.274575,502.318451,1,0.320
MNIST,FTRL,10,50,0,2003,0.261078,502.579529,1,0.320
MNIST,FTRL,10,50,0,2004,0.193071,502.772600,1,0.320
MNIST,FTRL,10,50,0,2005,0.193957,502.966557,1,0.321
MNIST,FTRL,10,50,0,2006,0.236760,503.203318,1,0.321
MNIST,FTRL,10,50,0,2007,0.341998,503.545316,1,0.321
MNIST,FTRL,10,50,0,2008,0.263691,503.809006,1,0.321
MNIST,FTRL,10,50,0,2009,0.262780,504.071787,1,0.321
MNIST,FTRL,10,50,0,2010,0.314169,504.385955,1,0.322
MNIST,FTRL,10,50,0,2011,0.223385,504.609340,1,0.322
MNIST,FTRL,10,50,0,2012,0.425408,505.034748,1,0.322
MNIST,FTRL,10,50,0,2013,0.330401,505.365149,1,0.322
MNIST,FTRL,10,50,0,2014,0.261424,505.626574,1,0.322
MNIST,FTRL,10,50,0,2015,0.368671,505.995245,1,0.323
MNIST,FTRL,10,50,0,2016,0.359636,506.354881,1,0.323
MNIST,FTRL,10,50,0,2017,0.329170,506.684052,1,0.323
MNIST,FTRL,10,50,0,2018,0.052822,506.736873,1,0.323
MNIST,FTRL,10,50,0,2019,0.202909,506.939783,1,0.323
MNIST,FTRL,10,50,0,2020,0.190852,507.130635,1,0.323
MNIST,FTRL,10,50,0,2021,0.163622,507.294256,1,0.324
MNIST,FTRL,10,50,0,2022,0.276501,507.570758,1,0.324
MNIST,FTRL,10,50,0,2023,0.234571,507.805328,1,0.324
MNIST,FTRL,10,50,0,2024,0.197885,508.003213,1,0.324
MNIST,FTRL,10,50,0,2025,0.094368,508.097581,1,0.324
MNIST,FTRL,10,50,0,2026,0.359324,508.456905,1,0.324
MNIST,FTRL,10,50,0,2027,0.175145,508.632050,1,0.324
MNIST,FTRL,10,50,0,2028,0.277765,508.909816,1,0.325
MNIST,FTRL,10,50,0,2029,0.180137,509.089953,1,0.325
MNIST,FTRL,10,50,0,2030,0.291568,509.381521,1,0.325
MNIST,FTRL,10,50,0,2031,0.250841,509.632362,1,0.325
MNIST,FTRL,10,50,0,2032,0.125639,509.758001,1,0.325
MNIST,FTRL,10,50,0,2033,0.235430,509.993431,1,0.325
MNIST,FTRL,10,50,0,2034,0.231818,510.225248,1,0.326
MNIST,FTRL,10,50,0,2035,0.149302,510.374551,1,0.326
MNIST,FTRL,10,50,0,2036,0.253103,510.627654,1,0.326
MNIST,FTRL,10,50,0,2037,0.153269,510.780923,1,0.326
MNIST,FTRL,10,50,0,2038,0.405345,511.186268,1,0.326
MNIST,FTRL,10,50,0,2039,0.267534,511.453802,1,0.326
MNIST,FTRL,10,50,0,2040,0.295842,511.749645,1,0.326
MNIST,FTRL,10,50,0,2041,0.184190,511.933835,1,0.327
MNIST,FTRL,10,50,0,2042,0.138235,512.072070,1,0.327
MNIST,FTRL,10,50,0,2043,0.104458,512.176528,1,0.327
MNIST,FTRL,10,50,0,2044,0.219362,512.395890,1,0.327
MNIST,FTRL,10,50,0,2045,0.113459,512.509350,1,0.327
MNIST,FTRL,10,50,0,2046,0.243627,512.752977,1,0.327
MNIST,FTRL,10,50,0,2047,0.130469,512.883446,1,0.328
MNIST,FTRL,10,50,0,2048,0.143884,513.027330,1,0.328
MNIST,FTRL,10,50,0,2049,0.256959,513.284289,1,0.328
MNIST,FTRL,10,50,0,2050,0.248845,513.533134,1,0.328
MNIST,FTRL,10,50,0,2051,0.158649,513.691783,1,0.328
MNIST,FTRL,10,50,0,2052,0.360340,514.052123,1,0.328
MNIST,FTRL,10,50,0,2053,0.195261,514.247384,1,0.329
MNIST,FTRL,10,50,0,2054,0.175181,514.422565,1,0.329
MNIST,FTRL,10,50,0,2055,0.248692,514.671257,1,0.329
MNIST,FTRL,10,50,0,2056,0.170325,514.841582,1,0.329
MNIST,FTRL,10,50,0,2057,0.175286,515.016868,1,0.329
MNIST,FTRL,10,50,0,2058,0.382501,515.399369,1,0.329
MNIST,FTRL,10,50,0,2059,0.273724,515.673092,1,0.330
MNIST,FTRL,10,50,0,2060,0.171503,515.844596,1,0.330
MNIST,FTRL,10,50,0,2061,0.267278,516.111874,1,0.330
MNIST,FTRL,10,50,0,2062,0.240134,516.352008,1,0.330
MNIST,FTRL,10,50,0,2063,0.219527,516.571535,1,0.330
MNIST,FTRL,10,50,0,2064,0.218622,516.790157,1,0.330
MNIST,FTRL,10,50,0,2065,0.206231,516.996388,1,0.330
MNIST,FTRL,10,50,0,2066,0.196034,517.192422,1,0.331
MNIST,FTRL,10,50,0,2067,0.122398,517.314820,1,0.331
MNIST,FTRL,10,50,0,2068,0.170244,517.485064,1,0.331
MNIST,FTRL,10,50,0,2069,0.355938,517.841002,1,0.331
MNIST,FTRL,10,50,0,2070,0.473791,518.314793,1,0.331
MNIST,FTRL,10,50,0,2071,0.108758,518.423551,1,0.331
MNIST,FTRL,10,50,0,2072,0.114035,518.537586,1,0.332
MNIST,FTRL,10,50,0,2073,0.241338,518.778923,1,0.332
MNIST,FTRL,10,50,0,2074,0.148955,518.927878,1,0.332
MNIST,FTRL,10,50,0,2075,0.194901,519.122779,1,0.332
MNIST,FTRL,10,50,0,2076,0.220842,519.343622,1,0.332
MNIST,FTRL,10,50,0,2077,0.310248,519.653870,1,0.332
MNIST,FTRL,10,50,0,2078,0.071624,519.725494,1,0.333
MNIST,FTRL,10,50,0,2079,0.150998,519.876492,1,0.333
MNIST,FTRL,10,50,0,2080,0.155972,520.032464,1,0.333
MNIST,FTRL,10,50,0,2081,0.273759,520.306223,1,0.333
MNIST,FTRL,10,50,0,2082,0.324649,520.630872,1,0.334
MNIST,FTRL,10,50,0,2083,0.245371,520.876243,1,0.334
MNIST,FTRL,10,50,0,2084,0.349254,521.225497,1,0.334
MNIST,FTRL,10,50,0,2085,0.319434,521.544931,1,0.334
MNIST,FTRL,10,50,0,2086,0.289662,521.834594,1,0.334
MNIST,FTRL,10,50,0,2087,0.085862,521.920456,1,0.335
MNIST,FTRL,10,50,0,2088,0.182016,522.102472,1,0.335
MNIST,FTRL,10,50,0,2089,0.205311,522.307783,1,0.335
MNIST,FTRL,10,50,0,2090,0.276207,522.583990,1,0.335
MNIST,FTRL,10,50,0,2091,0.287972,522.871963,1,0.335
MNIST,FTRL,10,50,0,2092,0.360883,523.232846,1,0.335
MNIST,FTRL,10,50,0,2093,0.211923,523.444769,1,0.336
MNIST,FTRL,10,50,0,2094,0.465832,523.910601,1,0.336
MNIST,FTRL,10,50,0,2095,0.152058,524.062659,1,0.336
MNIST,FTRL,10,50,0,2096,0.050241,524.112899,1,0.336
MNIST,FTRL,10,50,0,2097,0.461321,524.574220,1,0.336
MNIST,FTRL,10,50,0,2098,0.415590,524.989811,1,0.336
MNIST,FTRL,10,50,0,2099,0.145972,525.135782,1,0.336
MNIST,FTRL,10,50,0,2100,0.312128,525.447910,1,0.337
MNIST,FTRL,10,50,0,2101,0.168573,525.616483,1,0.337
MNIST,FTRL,10,50,0,2102,0.328829,525.945312,1,0.337
MNIST,FTRL,10,50,0,2103,0.461391,526.406703,1,0.337
MNIST,FTRL,10,50,0,2104,0.335028,526.741731,1,0.337
MNIST,FTRL,10,50,0,2105,0.183672,526.925403,1,0.338
MNIST,FTRL,10,50,0,2106,0.372040,527.297442,1,0.338
MNIST,FTRL,10,50,0,2107,0.388114,527.685556,1,0.338
MNIST,FTRL,10,50,0,2108,0.210101,527.895657,1,0.338
MNIST,FTRL,10,50,0,2109,0.213202,528.108859,1,0.338
MNIST,FTRL,10,50,0,2110,0.259588,528.368447,1,0.338
MNIST,FTRL,10,50,0,2111,0.304833,528.673280,1,0.338
MNIST,FTRL,10,50,0,2112,0.294227,528.967507,1,0.339
MNIST,FTRL,10,50,0,2113,0.180203,529.147710,1,0.339
MNIST,FTRL,10,50,0,2114,0.327966,529.475676,1,0.339
MNIST,FTRL,10,50,0,2115,0.332287,529.807963,1,0.339
MNIST,FTRL,10,50,0,2116,0.097777,529.905740,1,0.339
MNIST,FTRL,10,50,0,2117,0.109659,530.015399,1,0.339
MNIST,FTRL,10,50,0,2118,0.369795,530.385194,1,0.340
MNIST,FTRL,10,50,0,2119,0.287284,530.672478,1,0.340
MNIST,FTRL,10,50,0,2120,0.077065,530.749543,1,0.340
MNIST,FTRL,10,50,0,2121,0.119930,530.869473,1,0.340
MNIST,FTRL,10,50,0,2122,0.243833,531.113306,1,0.340
MNIST,FTRL,10,50,0,2123,0.377478,531.490784,1,0.340
MNIST,FTRL,10,50,0,2124,0.159514,531.650298,1,0.340
MNIST,FTRL,10,50,0,2125,0.191479,531.841777,1,0.341
MNIST,FTRL,10,50,0,2126,0.180572,532.022349,1,0.341
MNIST,FTRL,10,50,0,2127,0.134461,532.156810,1,0.341
MNIST,FTRL,10,50,0,2128,0.309575,532.466385,1,0.341
MNIST,FTRL,10,50,0,2129,0.305751,532.772136,1,0.341
MNIST,FTRL,10,50,0,2130,0.288036,533.060172,1,0.341
MNIST,FTRL,10,50,0,2131,0.332062,533.392234,1,0.341
MNIST,FTRL,10,50,0,2132,0.311667,533.703901,1,0.342
MNIST,FTRL,10,50,0,2133,0.247840,533.951740,1,0.342
MNIST,FTRL,10,50,0,2134,0.143408,534.095148,1,0.342
MNIST,FTRL,10,50,0,2135,0.342488,534.437636,1,0.342
MNIST,FTRL,10,50,0,2136,0.218789,534.656425,1,0.342
MNIST,FTRL,10,50,0,2137,0.274469,534.930894,1,0.342
MNIST,FTRL,10,50,0,2138,0.360001,535.290895,1,0.343
MNIST,FTRL,10,50,0,2139,0.277887,535.568781,1,0.343
MNIST,FTRL,10,50,0,2140,0.214447,535.783229,1,0.343
MNIST,FTRL,10,50,0,2141,0.191889,535.975117,1,0.343
MNIST,FTRL,10,50,0,2142,0.193970,536.169088,1,0.343
MNIST,FTRL,10,50,0,2143,0.134295,536.303382,1,0.343
MNIST,FTRL,10,50,0,2144,0.414877,536.718259,1,0.343
MNIST,FTRL,10,50,0,2145,0.225331,536.943590,1,0.344
MNIST,FTRL,10,50,0,2146,0.181752,537.125343,1,0.344
MNIST,FTRL,10,50,0,2147,0.462083,537.587426,1,0.344
MNIST,FTRL,10,50,0,2148,0.213595,537.801021,1,0.344
MNIST,FTRL,10,50,0,2149,0.309809,538.110830,1,0.344
MNIST,FTRL,10,50,0,2150,0.373904,538.484733,1,0.344
MNIST,FTRL,10,50,0,2151,0.248987,538.733721,1,0.345
MNIST,FTRL,10,50,0,2152,0.147623,538.881343,1,0.345
MNIST,FTRL,10,50,0,2153,0.343191,539.224535,1,0.345
MNIST,FTRL,10,50,0,2154,0.317269,539.541803,1,0.345
MNIST,FTRL,10,50,0,2155,0.335275,539.877078,1,0.345
MNIST,FTRL,10,50,0,2156,0.125526,540.002604,1,0.346
MNIST,FTRL,10,50,0,2157,0.345623,540.348228,1,0.346
MNIST,FTRL,10,50,0,2158,0.188407,540.536635,1,0.346
MNIST,FTRL,10,50,0,2159,0.151934,540.688569,1,0.346
MNIST,FTRL,10,50,0,2160,0.351135,541.039704,1,0.346
MNIST,FTRL,10,50,0,2161,0.193668,541.233372,1,0.347
MNIST,FTRL,10,50,0,2162,0.298673,541.532045,1,0.347
MNIST,FTRL,10,50,0,2163,0.242133,541.774178,1,0.347
MNIST,FTRL,10,50,0,2164,0.222088,541.996266,1,0.347
MNIST,FTRL,10,50,0,2165,0.268215,542.264481,1,0.347
MNIST,FTRL,10,50,0,2166,0.367296,542.631778,1,0.348
MNIST,FTRL,10,50,0,2167,0.225492,542.857270,1,0.348
MNIST,FTRL,10,50,0,2168,0.260846,543.118115,1,0.348
MNIST,FTRL,10,50,0,2169,0.086932,543.205047,1,0.348
MNIST,FTRL,10,50,0,2170,0.152888,543.357935,1,0.348
MNIST,FTRL,10,50,0,2171,0.186271,543.544206,1,0.348
MNIST,FTRL,10,50,0,2172,0.204514,543.748720,1,0.349
MNIST,FTRL,10,50,0,2173,0.231716,543.980436,1,0.349
MNIST,FTRL,10,50,0,2174,0.322887,544.303323,1,0.349
MNIST,FTRL,10,50,0,2175,0.170885,544.474209,1,0.349
MNIST,FTRL,10,50,0,2176,0.284495,544.758704,1,0.349
MNIST,FTRL,10,50,0,2177,0.190513,544.949216,1,0.350
MNIST,FTRL,10,50,0,2178,0.212848,545.162065,1,0.350
MNIST,FTRL,10,50,0,2179,0.123281,545.285346,1,0.350
MNIST,FTRL,10,50,0,2180,0.111935,545.397280,1,0.350
MNIST,FTRL,10,50,0,2181,0.254496,545.651776,1,0.350
MNIST,FTRL,10,50,0,2182,0.389504,546.041280,1,0.350
MNIST,FTRL,10,50,0,2183,0.240910,546.282190,1,0.350
MNIST,FTRL,10,50,0,2184,0.202357,546.484547,1,0.351
MNIST,FTRL,10,50,0,2185,0.109562,546.594109,1,0.351
MNIST,FTRL,10,50,0,2186,0.318552,546.912661,1,0.351
MNIST,FTRL,10,50,0,2187,0.451925,547.364586,1,0.351
MNIST,FTRL,10,50,0,2188,0.212957,547.577543,1,0.351
MNIST,FTRL,10,50,0,2189,0.236666,547.814209,1,0.351
MNIST,FTRL,10,50,0,2190,0.164103,547.978312,1,0.352
MNIST,FTRL,10,50,0,2191,0.175435,548.153747,1,0.352
MNIST,FTRL,10,50,0,2192,0.177871,548.331618,1,0.352
MNIST,FTRL,10,50,0,2193,0.240488,548.572106,1,0.352
MNIST,FTRL,10,50,0,2194,0.237684,548.809790,1,0.352
MNIST,FTRL,10,50,0,2195,0.210730,549.020520,1,0.352
MNIST,FTRL,10,50,0,2196,0.302410,549.322930,1,0.352
MNIST,FTRL,10,50,0,2197,0.066607,549.389537,1,0.353
MNIST,FTRL,10,50,0,2198,0.113271,549.502808,1,0.353
MNIST,FTRL,10,50,0,2199,0.073068,549.575876,1,0.353
MNIST,FTRL,10,50,0,2200,0.217555,549.793431,1,0.353
MNIST,FTRL,10,50,0,2201,0.249590,550.043021,1,0.353
MNIST,FTRL,10,50,0,2202,0.455308,550.498329,1,0.354
MNIST,FTRL,10,50,0,2203,0.124072,550.622401,1,0.354
MNIST,FTRL,10,50,0,2204,0.204178,550.826579,1,0.354
MNIST,FTRL,10,50,0,2205,0.264163,551.090742,1,0.354
MNIST,FTRL,10,50,0,2206,0.124644,551.215386,1,0.354
MNIST,FTRL,10,50,0,2207,0.299587,551.514973,1,0.354
MNIST,FTRL,10,50,0,2208,0.150609,551.665582,1,0.354
MNIST,FTRL,10,50,0,2209,0.292704,551.958286,1,0.355
MNIST,FTRL,10,50,0,2210,0.373166,552.331452,1,0.355
MNIST,FTRL,10,50,0,2211,0.342360,552.673811,1,0.355
MNIST,FTRL,10,50,0,2212,0.198168,552.871980,1,0.355
MNIST,FTRL,10,50,0,2213,0.286132,553.158111,1,0.355
MNIST,FTRL,10,50,0,2214,0.605039,553.763150,1,0.355
MNIST,FTRL,10,50,0,2215,0.287225,554.050375,1,0.356
MNIST,FTRL,10,50,0,2216,0.110767,554.161142,1,0.356
MNIST,FTRL,10,50,0,2217,0.285779,554.446921,1,0.356
MNIST,FTRL,10,50,0,2218,0.128710,554.575632,1,0.356
MNIST,FTRL,10,50,0,2219,0.368624,554.944256,1,0.356
MNIST,FTRL,10,50,0,2220,0.361632,555.305888,1,0.356
MNIST,FTRL,10,50,0,2221,0.225296,555.531184,1,0.356
MNIST,FTRL,10,50,0,2222,0.313610,555.844794,1,0.357
MNIST,FTRL,10,50,0,2223,0.177006,556.021800,1,0.357
MNIST,FTRL,10,50,0,2224,0.198683,556.220483,1,0.357
MNIST,FTRL,10,50,0,2225,0.173723,556.394206,1,0.357
MNIST,FTRL,10,50,0,2226,0.447323,556.841530,1,0.357
MNIST,FTRL,10,50,0,2227,0.283891,557.125421,1,0.357
MNIST,FTRL,10,50,0,2228,0.282098,557.407519,1,0.358
MNIST,FTRL,10,50,0,2229,0.342478,557.749997,1,0.358
MNIST,FTRL,10,50,0,2230,0.228242,557.978239,1,0.358
MNIST,FTRL,10,50,0,2231,0.170715,558.148955,1,0.358
MNIST,FTRL,10,50,0,2232,0.103157,558.252112,1,0.358
MNIST,FTRL,10,50,0,2233,0.240875,558.492986,1,0.358
MNIST,FTRL,10,50,0,2234,0.310009,558.802996,1,0.358
MNIST,FTRL,10,50,0,2235,0.095297,558.898293,1,0.359
MNIST,FTRL,10,50,0,2236,0.378645,559.276937,1,0.359
MNIST,FTRL,10,50,0,2237,0.390869,559.667806,1,0.359
MNIST,FTRL,10,50,0,2238,0.336641,560.004447,1,0.359
MNIST,FTRL,10,50,0,2239,0.182213,560.186660,1,0.359
MNIST,FTRL,10,50,0,2240,0.175321,560.361981,1,0.359
MNIST,FTRL,10,50,0,2241,0.188679,560.550660,1,0.360
MNIST,FTRL,10,50,0,2242,0.137020,560.687680,1,0.360
MNIST,FTRL,10,50,0,2243,0.298556,560.986236,1,0.360
MNIST,FTRL,10,50,0,2244,0.189043,561.175279,1,0.360
MNIST,FTRL,10,50,0,2245,0.138498,561.313777,1,0.360
MNIST,FTRL,10,50,0,2246,0.233015,561.546792,1,0.360
MNIST,FTRL,10,50,0,2247,0.421139,561.967932,1,0.360
MNIST,FTRL,10,50,0,2248,0.165445,562.133377,1,0.361
MNIST,FTRL,10,50,0,2249,0.086731,562.220108,1,0.361
MNIST,FTRL,10,50,0,2250,0.453945,562.674053,1,0.361
MNIST,FTRL,10,50,0,2251,0.223083,562.897137,1,0.361
MNIST,FTRL,10,50,0,2252,0.246784,563.143921,1,0.361
MNIST,FTRL,10,50,0,2253,0.134935,563.278855,1,0.361
MNIST,FTRL,10,50,0,2254,0.202484,563.481339,1,0.362
MNIST,FTRL,10,50,0,2255,0.179032,563.660372,1,0.362
MNIST,FTRL,10,50,0,2256,0.242926,563.903298,1,0.362
MNIST,FTRL,10,50,0,2257,0.117625,564.020923,1,0.362
MNIST,FTRL,10,50,0,2258,0.045496,564.066419,1,0.362
MNIST,FTRL,10,50,0,2259,0.479007,564.545426,1,0.362
MNIST,FTRL,10,50,0,2260,0.189261,564.734688,1,0.363
MNIST,FTRL,10,50,0,2261,0.321428,565.056116,1,0.363
MNIST,FTRL,10,50,0,2262,0.101566,565.157682,1,0.363
MNIST,FTRL,10,50,0,2263,0.246161,565.403843,1,0.363
MNIST,FTRL,10,50,0,2264,0.247318,565.651161,1,0.363
MNIST,FTRL,10,50,0,2265,0.113778,565.764939,1,0.363
MNIST,FTRL,10,50,0,2266,0.188544,565.953483,1,0.364
MNIST,FTRL,10,50,0,2267,0.155428,566.108910,1,0.364
MNIST,FTRL,10,50,0,2268,0.281027,566.389937,1,0.364
MNIST,FTRL,10,50,0,2269,0.262699,566.652636,1,0.364
MNIST,FTRL,10,50,0,2270,0.469571,567.122207,1,0.364
MNIST,FTRL,10,50,0,2271,0.114782,567.236990,1,0.364
MNIST,FTRL,10,50,0,2272,0.368475,567.605465,1,0.364
MNIST,FTRL,10,50,0,2273,0.225652,567.831117,1,0.365
MNIST,FTRL,10,50,0,2274,0.165568,567.996685,1,0.365
MNIST,FTRL,10,50,0,2275,0.329455,568.326140,1,0.365
MNIST,FTRL,10,50,0,2276,0.347874,568.674015,1,0.365
MNIST,FTRL,10,50,0,2277,0.253102,568.927117,1,0.365
MNIST,FTRL,10,50,0,2278,0.243460,569.170577,1,0.365
MNIST,FTRL,10,50,0,2279,0.183513,569.354090,1,0.366
MNIST,FTRL,10,50,0,2280,0.285101,569.639191,1,0.366
MNIST,FTRL,10,50,0,2281,0.359421,569.998612,1,0.366
MNIST,FTRL,10,50,0,2282,0.238674,570.237286,1,0.366
MNIST,FTRL,10,50,0,2283,0.327921,570.565207,1,0.366
MNIST,FTRL,10,50,0,2284,0.207159,570.772366,1,0.366
MNIST,FTRL,10,50,0,2285,0.351299,571.123664,1,0.366
MNIST,FTRL,10,50,0,2286,0.196804,571.320468,1,0.367
MNIST,FTRL,10,50,0,2287,0.155670,571.476139,1,0.367
MNIST,FTRL,10,50,0,2288,0.181692,571.657831,1,0.367
MNIST,FTRL,10,50,0,2289,0.398749,572.056580,1,0.367
MNIST,FTRL,10,50,0,2290,0.080441,572.137021,1,0.367
MNIST,FTRL,10,50,0,2291,0.282004,572.419025,1,0.367
MNIST,FTRL,10,50,0,2292,0.094045,572.513071,1,0.368
MNIST,FTRL,10,50,0,2293,0.261680,572.774750,1,0.368
MNIST,FTRL,10,50,0,2294,0.372376,573.147126,1,0.368
MNIST,FTRL,10,50,0,2295,0.224156,573.371282,1,0.368
MNIST,FTRL,10,50,0,2296,0.203941,573.575223,1,0.368
MNIST,FTRL,10,50,0,2297,0.185089,573.760312,1,0.368
MNIST,FTRL,10,50,0,2298,0.319920,574.080232,1,0.368
MNIST,FTRL,10,50,0,2299,0.054189,574.134421,1,0.369
MNIST,FTRL,10,50,0,2300,0.334203,574.468624,1,0.369
MNIST,FTRL,10,50,0,2301,0.311546,574.780171,1,0.369
MNIST,FTRL,10,50,0,2302,0.305626,575.085797,1,0.369
MNIST,FTRL,10,50,0,2303,0.123655,575.209452,1,0.369
MNIST,FTRL,10,50,0,2304,0.087750,575.297201,1,0.370
MNIST,FTRL,10,50,0,2305,0.112317,575.409519,1,0.370
MNIST,FTRL,10,50,0,2306,0.285569,575.695088,1,0.370
MNIST,FTRL,10,50,0,2307,0.156583,575.851672,1,0.370
MNIST,FTRL,10,50,0,2308,0.178925,576.030596,1,0.370
MNIST,FTRL,10,50,0,2309,0.221644,576.252240,1,0.370
MNIST,FTRL,10,50,0,2310,0.297413,576.549653,1,0.370
MNIST,FTRL,10,50,0,2311,0.327547,576.877201,1,0.371
MNIST,FTRL,10,50,0,2312,0.297450,577.174650,1,0.371
MNIST,FTRL,10,50,0,2313,0.370816,577.545466,1,0.371
MNIST,FTRL,10,50,0,2314,0.290780,577.836246,1,0.371
MNIST,FTRL,10,50,0,2315,0.259964,578.096210,1,0.371
MNIST,FTRL,10,50,0,2316,0.317915,578.414124,1,0.371
MNIST,FTRL,10,50,0,2317,0.234860,578.648985,1,0.372
MNIST,FTRL,10,50,0,2318,0.284577,578.933561,1,0.372
MNIST,FTRL,10,50,0,2319,0.267789,579.201351,1,0.372
MNIST,FTRL,10,50,0,2320,0.165867,579.367218,1,0.372
MNIST,FTRL,10,50,0,2321,0.244054,579.611272,1,0.372
MNIST,FTRL,10,50,0,2322,0.374147,579.985419,1,0.372
MNIST,FTRL,10,50,0,2323,0.194705,580.180124,1,0.372
MNIST,FTRL,10,50,0,2324,0.175620,580.355744,1,0.373
MNIST,FTRL,10,50,0,2325,0.255622,580.611367,1,0.373
MNIST,FTRL,10,50,0,2326,0.399557,581.010924,1,0.373
MNIST,FTRL,10,50,0,2327,0.387536,581.398459,1,0.373
MNIST,FTRL,10,50,0,2328,0.236815,581.635274,1,0.373
MNIST,FTRL,10,50,0,2329,0.240288,581.875562,1,0.373
MNIST,FTRL,10,50,0,2330,0.255388,582.130951,1,0.373
MNIST,FTRL,10,50,0,2331,0.306735,582.437685,1,0.374
MNIST,FTRL,10,50,0,2332,0.318522,582.756207,1,0.374
MNIST,FTRL,10,50,0,2333,0.491259,583.247466,1,0.374
MNIST,FTRL,10,50,0,2334,0.307142,583.554608,1,0.374
MNIST,FTRL,10,50,0,2335,0.240740,583.795348,1,0.374
MNIST,FTRL,10,50,0,2336,0.199117,583.994465,1,0.374
MNIST,FTRL,10,50,0,2337,0.285370,584.279835,1,0.375
MNIST,FTRL,10,50,0,2338,0.348844,584.628679,1,0.375
MNIST,FTRL,10,50,0,2339,0.209282,584.837961,1,0.375
MNIST,FTRL,10,50,0,2340,0.224667,585.062627,1,0.375
MNIST,FTRL,10,50,0,2341,0.356165,585.418792,1,0.375
MNIST,FTRL,10,50,0,2342,0.309742,585.728534,1,0.375
MNIST,FTRL,10,50,0,2343,0.393298,586.121832,1,0.375
MNIST,FTRL,10,50,0,2344,0.341397,586.463228,1,0.376
MNIST,FTRL,10,50,0,2345,0.242674,586.705903,1,0.376
MNIST,FTRL,10,50,0,2346,0.419262,587.125165,1,0.376
MNIST,FTRL,10,50,0,2347,0.284801,587.409965,1,0.376
MNIST,FTRL,10,50,0,2348,0.135737,587.545703,1,0.376
MNIST,FTRL,10,50,0,2349,0.322842,587.868545,1,0.376
MNIST,FTRL,10,50,0,2350,0.203683,588.072228,1,0.377
MNIST,FTRL,10,50,0,2351,0.260338,588.332566,1,0.377
MNIST,FTRL,10,50,0,2352,0.155793,588.488359,1,0.377
MNIST,FTRL,10,50,0,2353,0.371546,588.859906,1,0.377
MNIST,FTRL,10,50,0,2354,0.248562,589.108467,1,0.377
MNIST,FTRL,10,50,0,2355,0.066141,589.174609,1,0.377
MNIST,FTRL,10,50,0,2356,0.210953,589.385562,1,0.378
MNIST,FTRL,10,50,0,2357,0.308213,589.693775,1,0.378
MNIST,FTRL,10,50,0,2358,0.332872,590.026648,1,0.378
MNIST,FTRL,10,50,0,2359,0.159554,590.186202,1,0.378
MNIST,FTRL,10,50,0,2360,0.208070,590.394271,1,0.378
MNIST,FTRL,10,50,0,2361,0.136189,590.530460,1,0.378
MNIST,FTRL,10,50,0,2362,0.230894,590.761354,1,0.378
MNIST,FTRL,10,50,0,2363,0.366063,591.127417,1,0.379
MNIST,FTRL,10,50,0,2364,0.169508,591.296925,1,0.379
MNIST,FTRL,10,50,0,2365,0.223911,591.520836,1,0.379
MNIST,FTRL,10,50,0,2366,0.308702,591.829538,1,0.379
MNIST,FTRL,10,50,0,2367,0.194021,592.023559,1,0.379
MNIST,FTRL,10,50,0,2368,0.150692,592.174251,1,0.379
MNIST,FTRL,10,50,0,2369,0.317300,592.491551,1,0.380
MNIST,FTRL,10,50,0,2370,0.291758,592.783309,1,0.380
MNIST,FTRL,10,50,0,2371,0.222180,593.005489,1,0.380
MNIST,FTRL,10,50,0,2372,0.262933,593.268423,1,0.380
MNIST,FTRL,10,50,0,2373,0.269799,593.538221,1,0.380
MNIST,FTRL,10,50,0,2374,0.176191,593.714413,1,0.380
MNIST,FTRL,10,50,0,2375,0.305834,594.020247,1,0.381
MNIST,FTRL,10,50,0,2376,0.186579,594.206826,1,0.381
MNIST,FTRL,10,50,0,2377,0.139650,594.346475,1,0.381
MNIST,FTRL,10,50,0,2378,0.190392,594.536867,1,0.381
MNIST,FTRL,10,50,0,2379,0.301184,594.838051,1,0.381
MNIST,FTRL,10,50,0,2380,0.119797,594.957848,1,0.381
MNIST,FTRL,10,50,0,2381,0.247916,595.205765,1,0.382
MNIST,FTRL,10,50,0,2382,0.351031,595.556796,1,0.382
MNIST,FTRL,10,50,0,2383,0.296071,595.852867,1,0.382
MNIST,FTRL,10,50,0,2384,0.478398,596.331265,1,0.382
MNIST,FTRL,10,50,0,2385,0.134891,596.466156,1,0.382
MNIST,FTRL,10,50,0,2386,0.248860,596.715016,1,0.382
MNIST,FTRL,10,50,0,2387,0.473489,597.188505,1,0.382
MNIST,FTRL,10,50,0,2388,0.208092,597.396597,1,0.383
MNIST,FTRL,10,50,0,2389,0.376631,597.773229,1,0.383
MNIST,FTRL,10,50,0,2390,0.241012,598.014241,1,0.383
MNIST,FTRL,10,50,0,2391,0.333555,598.347796,1,0.383
MNIST,FTRL,10,50,0,2392,0.495793,598.843589,1,0.383
MNIST,FTRL,10,50,0,2393,0.386315,599.229903,1,0.383
MNIST,FTRL,10,50,0,2394,0.278474,599.508377,1,0.383
MNIST,FTRL,10,50,0,2395,0.320360,599.828738,1,0.384
MNIST,FTRL,10,50,0,2396,0.248400,600.077138,1,0.384
MNIST,FTRL,10,50,0,2397,0.279402,600.356539,1,0.384
MNIST,FTRL,10,50,0,2398,0.279710,600.636249,1,0.384
MNIST,FTRL,10,50,0,2399,0.215226,600.851475,1,0.384
MNIST,FTRL,10,50,0,2400,0.420065,601.271540,1,0.385
MNIST,FTRL,10,50,0,2401,0.179972,601.451512,1,0.385
MNIST,FTRL,10,50,0,2402,0.282194,601.733706,1,0.385
MNIST,FTRL,10,50,0,2403,0.147172,601.880878,1,0.385
MNIST,FTRL,10,50,0,2404,0.124731,602.005609,1,0.385
MNIST,FTRL,10,50,0,2405,0.063007,602.068616,1,0.385
MNIST,FTRL,10,50,0,2406,0.090256,602.158872,1,0.386
MNIST,FTRL,10,50,0,2407,0.135234,602.294106,1,0.386
MNIST,FTRL,10,50,0,2408,0.304476,602.598582,1,0.386
MNIST,FTRL,10,50,0,2409,0.346291,602.944873,1,0.386
MNIST,FTRL,10,50,0,2410,0.396169,603.341042,1,0.386
MNIST,FTRL,10,50,0,2411,0.142631,603.483673,1,0.387
MNIST,FTRL,10,50,0,2412,0.171105,603.654778,1,0.387
MNIST,FTRL,10,50,0,2413,0.303978,603.958756,1,0.387
MNIST,FTRL,10,50,0,2414,0.323204,604.281960,1,0.387
MNIST,FTRL,10,50,0,2415,0.076311,604.358271,1,0.387
MNIST,FTRL,10,50,0,2416,0.382744,604.741015,1,0.388
MNIST,FTRL,10,50,0,2417,0.344774,605.085789,1,0.388
MNIST,FTRL,10,50,0,2418,0.271281,605.357070,1,0.388
MNIST,FTRL,10,50,0,2419,0.247821,605.604891,1,0.388
MNIST,FTRL,10,50,0,2420,0.198455,605.803346,1,0.388
MNIST,FTRL,10,50,0,2421,0.103254,605.906600,1,0.388
MNIST,FTRL,10,50,0,2422,0.359246,606.265846,1,0.389
MNIST,FTRL,10,50,0,2423,0.276158,606.542005,1,0.389
MNIST,FTRL,10,50,0,2424,0.275948,606.817953,1,0.389
MNIST,FTRL,10,50,0,2425,0.217210,607.035162,1,0.389
MNIST,FTRL,10,50,0,2426,0.252841,607.288004,1,0.389
MNIST,FTRL,10,50,0,2427,0.279217,607.567221,1,0.389
MNIST,FTRL,10,50,0,2428,0.181509,607.748730,1,0.389
MNIST,FTRL,10,50,0,2429,0.116265,607.864995,1,0.390
MNIST,FTRL,10,50,0,2430,0.203303,608.068298,1,0.390
MNIST,FTRL,10,50,0,2431,0.185922,608.254220,1,0.390
MNIST,FTRL,10,50,0,2432,0.176897,608.431117,1,0.390
MNIST,FTRL,10,50,0,2433,0.209712,608.640829,1,0.390
MNIST,FTRL,10,50,0,2434,0.137439,608.778268,1,0.390
MNIST,FTRL,10,50,0,2435,0.210202,608.988470,1,0.391
MNIST,FTRL,10,50,0,2436,0.246408,609.234877,1,0.391
MNIST,FTRL,10,50,0,2437,0.174042,609.408919,1,0.391
MNIST,FTRL,10,50,0,2438,0.404344,609.813264,1,0.391
MNIST,FTRL,10,50,0,2439,0.146210,609.959474,1,0.391
MNIST,FTRL,10,50,0,2440,0.358680,610.318154,1,0.391
MNIST,FTRL,10,50,0,2441,0.077815,610.395969,1,0.391
MNIST,FTRL,10,50,0,2442,0.239677,610.635646,1,0.392
MNIST,FTRL,10,50,0,2443,0.229722,610.865368,1,0.392
MNIST,FTRL,10,50,0,2444,0.141642,611.007010,1,0.392
MNIST,FTRL,10,50,0,2445,0.279239,611.286249,1,0.392
MNIST,FTRL,10,50,0,2446,0.082964,611.369213,1,0.392
MNIST,FTRL,10,50,0,2447,0.264473,611.633686,1,0.392
MNIST,FTRL,10,50,0,2448,0.247393,611.881079,1,0.393
MNIST,FTRL,10,50,0,2449,0.153957,612.035036,1,0.393
MNIST,FTRL,10,50,0,2450,0.215918,612.250954,1,0.393
MNIST,FTRL,10,50,0,2451,0.214810,612.465763,1,0.393
MNIST,FTRL,10,50,0,2452,0.346626,612.812389,1,0.393
MNIST,FTRL,10,50,0,2453,0.148948,612.961337,1,0.393
MNIST,FTRL,10,50,0,2454,0.266618,613.227954,1,0.394
MNIST,FTRL,10,50,0,2455,0.155539,613.383494,1,0.394
MNIST,FTRL,10,50,0,2456,0.227485,613.610978,1,0.394
MNIST,FTRL,10,50,0,2457,0.328660,613.939639,1,0.394
MNIST,FTRL,10,50,0,2458,0.264193,614.203831,1,0.394
MNIST,FTRL,10,50,0,2459,0.432016,614.635848,1,0.394
MNIST,FTRL,10,50,0,2460,0.232372,614.868220,1,0.395
MNIST,FTRL,10,50,0,2461,0.261701,615.129921,1,0.395
MNIST,FTRL,10,50,0,2462,0.179132,615.309053,1,0.395
MNIST,FTRL,10,50,0,2463,0.212163,615.521216,1,0.395
MNIST,FTRL,10,50,0,2464,0.300499,615.821715,1,0.395
MNIST,FTRL,10,50,0,2465,0.191313,616.013028,1,0.395
MNIST,FTRL,10,50,0,2466,0.190644,616.203671,1,0.396
MNIST,FTRL,10,50,0,2467,0.289133,616.492804,1,0.396
MNIST,FTRL,10,50,0,2468,0.302767,616.795570,1,0.396
MNIST,FTRL,10,50,0,2469,0.342190,617.137761,1,0.396
MNIST,FTRL,10,50,0,2470,0.269534,617.407295,1,0.396
MNIST,FTRL,10,50,0,2471,0.295621,617.702916,1,0.396
MNIST,FTRL,10,50,0,2472,0.285856,617.988772,1,0.396
MNIST,FTRL,10,50,0,2473,0.365671,618.354443,1,0.397
MNIST,FTRL,10,50,0,2474,0.313339,618.667782,1,0.397
MNIST,FTRL,10,50,0,2475,0.284768,618.952549,1,0.397
MNIST,FTRL,10,50,0,2476,0.208758,619.161307,1,0.397
MNIST,FTRL,10,50,0,2477,0.272846,619.434153,1,0.397
MNIST,FTRL,10,50,0,2478,0.211993,619.646146,1,0.397
MNIST,FTRL,10,50,0,2479,0.194891,619.841037,1,0.397
MNIST,FTRL,10,50,0,2480,0.116822,619.957859,1,0.398
MNIST,FTRL,10,50,0,2481,0.177871,620.135730,1,0.398
MNIST,FTRL,10,50,0,2482,0.139916,620.275646,1,0.398
MNIST,FTRL,10,50,0,2483,0.294267,620.569913,1,0.398
MNIST,FTRL,10,50,0,2484,0.095013,620.664927,1,0.398
MNIST,FTRL,10,50,0,2485,0.278226,620.943153,1,0.398
MNIST,FTRL,10,50,0,2486,0.159146,621.102299,1,0.399
MNIST,FTRL,10,50,0,2487,0.242920,621.345218,1,0.399
MNIST,FTRL,10,50,0,2488,0.454828,621.800046,1,0.399
MNIST,FTRL,10,50,0,2489,0.194980,621.995026,1,0.399
MNIST,FTRL,10,50,0,2490,0.265466,622.260492,1,0.399
MNIST,FTRL,10,50,0,2491,0.408537,622.669029,1,0.399
MNIST,FTRL,10,50,0,2492,0.254452,622.923481,1,0.399
MNIST,FTRL,10,50,0,2493,0.169454,623.092934,1,0.400
MNIST,FTRL,10,50,0,2494,0.193466,623.286401,1,0.400
MNIST,FTRL,10,50,0,2495,0.187476,623.473877,1,0.400
MNIST,FTRL,10,50,0,2496,0.245367,623.719244,1,0.400
MNIST,FTRL,10,50,0,2497,0.212794,623.932039,1,0.400
MNIST,FTRL,10,50,0,2498,0.175397,624.107435,1,0.400
MNIST,FTRL,10,50,0,2499,0.258195,624.365630,1,0.400
MNIST,FTRL,10,50,0,2500,0.329366,624.694996,1,0.401
MNIST,FTRL,10,50,0,2501,0.225388,624.920384,1,0.401
MNIST,FTRL,10,50,0,2502,0.220885,625.141269,1,0.401
MNIST,FTRL,10,50,0,2503,0.307072,625.448340,1,0.401
MNIST,FTRL,10,50,0,2504,0.109273,625.557613,1,0.401
MNIST,FTRL,10,50,0,2505,0.259471,625.817083,1,0.402
MNIST,FTRL,10,50,0,2506,0.284615,626.101698,1,0.402
MNIST,FTRL,10,50,0,2507,0.292856,626.394555,1,0.402
MNIST,FTRL,10,50,0,2508,0.282404,626.676959,1,0.402
MNIST,FTRL,10,50,0,2509,0.220786,626.897745,1,0.402
MNIST,FTRL,10,50,0,2510,0.215918,627.113663,1,0.402
MNIST,FTRL,10,50,0,2511,0.148044,627.261707,1,0.402
MNIST,FTRL,10,50,0,2512,0.165442,627.427149,1,0.403
MNIST,FTRL,10,50,0,2513,0.223717,627.650865,1,0.403
MNIST,FTRL,10,50,0,2514,0.377806,628.028672,1,0.403
MNIST,FTRL,10,50,0,2515,0.220317,628.248989,1,0.403
MNIST,FTRL,10,50,0,2516,0.138567,628.387556,1,0.403
MNIST,FTRL,10,50,0,2517,0.336523,628.724079,1,0.403
MNIST,FTRL,10,50,0,2518,0.320379,629.044458,1,0.404
MNIST,FTRL,10,50,0,2519,0.182117,629.226575,1,0.404
MNIST,FTRL,10,50,0,2520,0.151714,629.378289,1,0.404
MNIST,FTRL,10,50,0,2521,0.384189,629.762478,1,0.404
MNIST,FTRL,10,50,0,2522,0.202035,629.964513,1,0.404
MNIST,FTRL,10,50,0,2523,0.368451,630.332963,1,0.404
MNIST,FTRL,10,50,0,2524,0.177837,630.510800,1,0.404
MNIST,FTRL,10,50,0,2525,0.354572,630.865372,1,0.405
MNIST,FTRL,10,50,0,2526,0.267238,631.132610,1,0.405
MNIST,FTRL,10,50,0,2527,0.287768,631.420377,1,0.405
MNIST,FTRL,10,50,0,2528,0.272442,631.692820,1,0.405
MNIST,FTRL,10,50,0,2529,0.270454,631.963274,1,0.405
MNIST,FTRL,10,50,0,2530,0.174124,632.137399,1,0.405
MNIST,FTRL,10,50,0,2531,0.103730,632.241128,1,0.406
MNIST,FTRL,10,50,0,2532,0.223897,632.465025,1,0.406
MNIST,FTRL,10,50,0,2533,0.222320,632.687346,1,0.406
MNIST,FTRL,10,50,0,2534,0.268149,632.955494,1,0.406
MNIST,FTRL,10,50,0,2535,0.338127,633.293621,1,0.406
MNIST,FTRL,10,50,0,2536,0.102802,633.396423,1,0.406
MNIST,FTRL,10,50,0,2537,0.183425,633.579848,1,0.406
MNIST,FTRL,10,50,0,2538,0.194957,633.774804,1,0.407
MNIST,FTRL,10,50,0,2539,0.255741,634.030545,1,0.407
MNIST,FTRL,10,50,0,2540,0.183707,634.214252,1,0.407
MNIST,FTRL,10,50,0,2541,0.212915,634.427166,1,0.407
MNIST,FTRL,10,50,0,2542,0.246592,634.673758,1,0.407
MNIST,FTRL,10,50,0,2543,0.245581,634.919339,1,0.407
MNIST,FTRL,10,50,0,2544,0.211730,635.131069,1,0.407
MNIST,FTRL,10,50,0,2545,0.206295,635.337363,1,0.408
MNIST,FTRL,10,50,0,2546,0.237989,635.575352,1,0.408
MNIST,FTRL,10,50,0,2547,0.069361,635.644713,1,0.408
MNIST,FTRL,10,50,0,2548,0.152736,635.797449,1,0.408
MNIST,FTRL,10,50,0,2549,0.300779,636.098228,1,0.408
MNIST,FTRL,10,50,0,2550,0.243068,636.341296,1,0.409
MNIST,FTRL,10,50,0,2551,0.200655,636.541951,1,0.409
MNIST,FTRL,10,50,0,2552,0.217366,636.759317,1,0.409
MNIST,FTRL,10,50,0,2553,0.172175,636.931492,1,0.409
MNIST,FTRL,10,50,0,2554,0.123903,637.055395,1,0.409
MNIST,FTRL,10,50,0,2555,0.323483,637.378878,1,0.409
MNIST,FTRL,10,50,0,2556,0.161513,637.540391,1,0.409
MNIST,FTRL,10,50,0,2557,0.420013,637.960403,1,0.410
MNIST,FTRL,10,50,0,2558,0.345731,638.306134,1,0.410
MNIST,FTRL,10,50,0,2559,0.237594,638.543728,1,0.410
MNIST,FTRL,10,50,0,2560,0.127672,638.671401,1,0.410
MNIST,FTRL,10,50,0,2561,0.267663,638.939064,1,0.410
MNIST,FTRL,10,50,0,2562,0.329806,639.268870,1,0.410
MNIST,FTRL,10,50,0,2563,0.262201,639.531071,1,0.410
MNIST,FTRL,10,50,0,2564,0.301965,639.833036,1,0.411
MNIST,FTRL,10,50,0,2565,0.168602,640.001638,1,0.411
MNIST,FTRL,10,50,0,2566,0.280678,640.282316,1,0.411
MNIST,FTRL,10,50,0,2567,0.245058,640.527375,1,0.411
MNIST,FTRL,10,50,0,2568,0.214388,640.741763,1,0.411
MNIST,FTRL,10,50,0,2569,0.144745,640.886508,1,0.412
MNIST,FTRL,10,50,0,2570,0.184789,641.071297,1,0.412
MNIST,FTRL,10,50,0,2571,0.280098,641.351394,1,0.412
MNIST,FTRL,10,50,0,2572,0.107380,641.458775,1,0.412
MNIST,FTRL,10,50,0,2573,0.384831,641.843606,1,0.412
MNIST,FTRL,10,50,0,2574,0.201825,642.045431,1,0.412
MNIST,FTRL,10,50,0,2575,0.190495,642.235926,1,0.412
MNIST,FTRL,10,50,0,2576,0.249702,642.485629,1,0.413
MNIST,FTRL,10,50,0,2577,0.298806,642.784434,1,0.413
MNIST,FTRL,10,50,0,2578,0.243443,643.027878,1,0.413
MNIST,FTRL,10,50,0,2579,0.114542,643.142420,1,0.413
MNIST,FTRL,10,50,0,2580,0.364962,643.507382,1,0.413
MNIST,FTRL,10,50,0,2581,0.217853,643.725235,1,0.413
MNIST,FTRL,10,50,0,2582,0.164501,643.889736,1,0.413
MNIST,FTRL,10,50,0,2583,0.230373,644.120109,1,0.414
MNIST,FTRL,10,50,0,2584,0.247513,644.367622,1,0.414
MNIST,FTRL,10,50,0,2585,0.298984,644.666606,1,0.414
MNIST,FTRL,10,50,0,2586,0.127566,644.794172,1,0.414
MNIST,FTRL,10,50,0,2587,0.351318,645.145490,1,0.414
MNIST,FTRL,10,50,0,2588,0.106521,645.252011,1,0.414
MNIST,FTRL,10,50,0,2589,0.352662,645.604673,1,0.415
MNIST,FTRL,10,50,0,2590,0.198878,645.803551,1,0.415
MNIST,FTRL,10,50,0,2591,0.318789,646.122340,1,0.415
MNIST,FTRL,10,50,0,2592,0.376417,646.498757,1,0.415
MNIST,FTRL,10,50,0,2593,0.295959,646.794716,1,0.415
MNIST,FTRL,10,50,0,2594,0.194298,646.989014,1,0.415
MNIST,FTRL,10,50,0,2595,0.191758,647.180772,1,0.415
MNIST,FTRL,10,50,0,2596,0.257266,647.438038,1,0.416
MNIST,FTRL,10,50,0,2597,0.309481,647.747519,1,0.416
MNIST,FTRL,10,50,0,2598,0.103356,647.850875,1,0.416
MNIST,FTRL,10,50,0,2599,0.242695,648.093569,1,0.416
MNIST,FTRL,10,50,0,2600,0.304886,648.398455,1,0.416
MNIST,FTRL,10,50,0,2601,0.154670,648.553125,1,0.417
MNIST,FTRL,10,50,0,2602,0.285871,648.838996,1,0.417
MNIST,FTRL,10,50,0,2603,0.075870,648.914866,1,0.417
MNIST,FTRL,10,50,0,2604,0.267457,649.182323,1,0.417
MNIST,FTRL,10,50,0,2605,0.158673,649.340995,1,0.417
MNIST,FTRL,10,50,0,2606,0.227641,649.568637,1,0.417
MNIST,FTRL,10,50,0,2607,0.340826,649.909462,1,0.417
MNIST,FTRL,10,50,0,2608,0.216447,650.125909,1,0.418
MNIST,FTRL,10,50,0,2609,0.246828,650.372737,1,0.418
MNIST,FTRL,10,50,0,2610,0.285950,650.658687,1,0.418
MNIST,FTRL,10,50,0,2611,0.157488,650.816175,1,0.418
MNIST,FTRL,10,50,0,2612,0.406422,651.222597,1,0.418
MNIST,FTRL,10,50,0,2613,0.095312,651.317909,1,0.418
MNIST,FTRL,10,50,0,2614,0.146857,651.464766,1,0.418
MNIST,FTRL,10,50,0,2615,0.138670,651.603436,1,0.419
MNIST,FTRL,10,50,0,2616,0.399878,652.003314,1,0.419
MNIST,FTRL,10,50,0,2617,0.107825,652.111138,1,0.419
MNIST,FTRL,10,50,0,2618,0.254636,652.365774,1,0.419
MNIST,FTRL,10,50,0,2619,0.361159,652.726933,1,0.419
MNIST,FTRL,10,50,0,2620,0.315459,653.042392,1,0.419
MNIST,FTRL,10,50,0,2621,0.232369,653.274761,1,0.420
MNIST,FTRL,10,50,0,2622,0.256058,653.530819,1,0.420
MNIST,FTRL,10,50,0,2623,0.531429,654.062248,1,0.420
MNIST,FTRL,10,50,0,2624,0.288970,654.351218,1,0.420
MNIST,FTRL,10,50,0,2625,0.243020,654.594238,1,0.420
MNIST,FTRL,10,50,0,2626,0.217359,654.811598,1,0.420
MNIST,FTRL,10,50,0,2627,0.273327,655.084924,1,0.420
MNIST,FTRL,10,50,0,2628,0.144209,655.229133,1,0.421
MNIST,FTRL,10,50,0,2629,0.260520,655.489654,1,0.421
MNIST,FTRL,10,50,0,2630,0.200203,655.689857,1,0.421
MNIST,FTRL,10,50,0,2631,0.137996,655.827853,1,0.421
MNIST,FTRL,10,50,0,2632,0.119847,655.947700,1,0.421
MNIST,FTRL,10,50,0,2633,0.200377,656.148077,1,0.421
MNIST,FTRL,10,50,0,2634,0.226486,656.374563,1,0.422
MNIST,FTRL,10,50,0,2635,0.228095,656.602658,1,0.422
MNIST,FTRL,10,50,0,2636,0.353481,656.956139,1,0.422
MNIST,FTRL,10,50,0,2637,0.142883,657.099022,1,0.422
MNIST,FTRL,10,50,0,2638,0.293643,657.392665,1,0.422
MNIST,FTRL,10,50,0,2639,0.104843,657.497508,1,0.422
MNIST,FTRL,10,50,0,2640,0.414626,657.912134,1,0.422
MNIST,FTRL,10,50,0,2641,0.210539,658.122672,1,0.423
MNIST,FTRL,10,50,0,2642,0.188182,658.310855,1,0.423
MNIST,FTRL,10,50,0,2643,0.078784,658.389639,1,0.423
MNIST,FTRL,10,50,0,2644,0.124348,658.513987,1,0.423
MNIST,FTRL,10,50,0,2645,0.366599,658.880586,1,0.423
MNIST,FTRL,10,50,0,2646,0.432060,659.312646,1,0.423
MNIST,FTRL,10,50,0,2647,0.405987,659.718634,1,0.423
MNIST,FTRL,10,50,0,2648,0.280815,659.999449,1,0.424
MNIST,FTRL,10,50,0,2649,0.252010,660.251459,1,0.424
MNIST,FTRL,10,50,0,2650,0.215574,660.467032,1,0.424
MNIST,FTRL,10,50,0,2651,0.213021,660.680053,1,0.424
MNIST,FTRL,10,50,0,2652,0.224503,660.904556,1,0.424
MNIST,FTRL,10,50,0,2653,0.063050,660.967607,1,0.425
MNIST,FTRL,10,50,0,2654,0.217587,661.185194,1,0.425
MNIST,FTRL,10,50,0,2655,0.287844,661.473038,1,0.425
MNIST,FTRL,10,50,0,2656,0.322485,661.795524,1,0.425
MNIST,FTRL,10,50,0,2657,0.369203,662.164726,1,0.425
MNIST,FTRL,10,50,0,2658,0.297723,662.462450,1,0.425
MNIST,FTRL,10,50,0,2659,0.320671,662.783121,1,0.425
MNIST,FTRL,10,50,0,2660,0.219217,663.002338,1,0.426
MNIST,FTRL,10,50,0,2661,0.194680,663.197018,1,0.426
MNIST,FTRL,10,50,0,2662,0.383420,663.580437,1,0.426
MNIST,FTRL,10,50,0,2663,0.154014,663.734451,1,0.426
MNIST,FTRL,10,50,0,2664,0.240430,663.974880,1,0.426
MNIST,FTRL,10,50,0,2665,0.240153,664.215034,1,0.426
MNIST,FTRL,10,50,0,2666,0.099950,664.314984,1,0.426
MNIST,FTRL,10,50,0,2667,0.338164,664.653148,1,0.427
MNIST,FTRL,10,50,0,2668,0.099415,664.752563,1,0.427
MNIST,FTRL,10,50,0,2669,0.074147,664.826710,1,0.427
MNIST,FTRL,10,50,0,2670,0.141521,664.968231,1,0.427
MNIST,FTRL,10,50,0,2671,0.276233,665.244465,1,0.427
MNIST,FTRL,10,50,0,2672,0.243073,665.487537,1,0.427
MNIST,FTRL,10,50,0,2673,0.277567,665.765104,1,0.428
MNIST,FTRL,10,50,0,2674,0.083341,665.848445,1,0.428
MNIST,FTRL,10,50,0,2675,0.122123,665.970568,1,0.428
MNIST,FTRL,10,50,0,2676,0.194970,666.165538,1,0.428
MNIST,FTRL,10,50,0,2677,0.245516,666.411054,1,0.428
MNIST,FTRL,10,50,0,2678,0.214036,666.625091,1,0.428
MNIST,FTRL,10,50,0,2679,0.119873,666.744963,1,0.428
MNIST,FTRL,10,50,0,2680,0.172459,666.917422,1,0.429
MNIST,FTRL,10,50,0,2681,0.194999,667.112421,1,0.429
MNIST,FTRL,10,50,0,2682,0.271827,667.384248,1,0.429
MNIST,FTRL,10,50,0,2683,0.306189,667.690437,1,0.429
MNIST,FTRL,10,50,0,2684,0.196789,667.887226,1,0.429
MNIST,FTRL,10,50,0,2685,0.215340,668.102567,1,0.429
MNIST,FTRL,10,50,0,2686,0.208304,668.310870,1,0.429
MNIST,FTRL,10,50,0,2687,0.204507,668.515377,1,0.430
MNIST,FTRL,10,50,0,2688,0.103013,668.618390,1,0.430
MNIST,FTRL,10,50,0,2689,0.154408,668.772798,1,0.430
MNIST,FTRL,10,50,0,2690,0.338371,669.111169,1,0.430
MNIST,FTRL,10,50,0,2691,0.205459,669.316628,1,0.430
MNIST,FTRL,10,50,0,2692,0.312211,669.628839,1,0.430
MNIST,FTRL,10,50,0,2693,0.157246,669.786086,1,0.431
MNIST,FTRL,10,50,0,2694,0.098195,669.884281,1,0.431
MNIST,FTRL,10,50,0,2695,0.282344,670.166625,1,0.431
MNIST,FTRL,10,50,0,2696,0.143151,670.309776,1,0.431
MNIST,FTRL,10,50,0,2697,0.173204,670.482980,1,0.431
MNIST,FTRL,10,50,0,2698,0.121557,670.604537,1,0.431
MNIST,FTRL,10,50,0,2699,0.213298,670.817834,1,0.431
MNIST,FTRL,10,50,0,2700,0.295747,671.113581,1,0.432
MNIST,FTRL,10,50,0,2701,0.423053,671.536634,1,0.432
MNIST,FTRL,10,50,0,2702,0.323927,671.860561,1,0.432
MNIST,FTRL,10,50,0,2703,0.077940,671.938501,1,0.432
MNIST,FTRL,10,50,0,2704,0.122034,672.060535,1,0.432
MNIST,FTRL,10,50,0,2705,0.183864,672.244399,1,0.432
MNIST,FTRL,10,50,0,2706,0.057966,672.302365,1,0.433
MNIST,FTRL,10,50,0,2707,0.247728,672.550093,1,0.433
MNIST,FTRL,10,50,0,2708,0.125735,672.675828,1,0.433
MNIST,FTRL,10,50,0,2709,0.381024,673.056852,1,0.433
MNIST,FTRL,10,50,0,2710,0.122019,673.178871,1,0.433
MNIST,FTRL,10,50,0,2711,0.348937,673.527808,1,0.433
MNIST,FTRL,10,50,0,2712,0.260645,673.788453,1,0.434
MNIST,FTRL,10,50,0,2713,0.257006,674.045459,1,0.434
MNIST,FTRL,10,50,0,2714,0.073509,674.118967,1,0.434
MNIST,FTRL,10,50,0,2715,0.149565,674.268532,1,0.434
MNIST,FTRL,10,50,0,2716,0.182317,674.450849,1,0.434
MNIST,FTRL,10,50,0,2717,0.184914,674.635763,1,0.434
MNIST,FTRL,10,50,0,2718,0.331150,674.966914,1,0.434
MNIST,FTRL,10,50,0,2719,0.401134,675.368047,1,0.435
MNIST,FTRL,10,50,0,2720,0.130465,675.498512,1,0.435
MNIST,FTRL,10,50,0,2721,0.277432,675.775945,1,0.435
MNIST,FTRL,10,50,0,2722,0.348506,676.124451,1,0.435
MNIST,FTRL,10,50,0,2723,0.095610,676.220061,1,0.435
MNIST,FTRL,10,50,0,2724,0.307791,676.527851,1,0.435
MNIST,FTRL,10,50,0,2725,0.457496,676.985348,1,0.435
MNIST,FTRL,10,50,0,2726,0.294423,677.279771,1,0.436
MNIST,FTRL,10,50,0,2727,0.224196,677.503967,1,0.436
MNIST,FTRL,10,50,0,2728,0.252552,677.756519,1,0.436
MNIST,FTRL,10,50,0,2729,0.315532,678.072051,1,0.436
MNIST,FTRL,10,50,0,2730,0.073126,678.145178,1,0.436
MNIST,FTRL,10,50,0,2731,0.136612,678.281790,1,0.436
MNIST,FTRL,10,50,0,2732,0.169751,678.451541,1,0.437
MNIST,FTRL,10,50,0,2733,0.346752,678.798292,1,0.437
MNIST,FTRL,10,50,0,2734,0.255144,679.053436,1,0.437
MNIST,FTRL,10,50,0,2735,0.314375,679.367811,1,0.437
MNIST,FTRL,10,50,0,2736,0.488076,679.855887,1,0.437
MNIST,FTRL,10,50,0,2737,0.214556,680.070443,1,0.437
MNIST,FTRL,10,50,0,2738,0.237036,680.307478,1,0.437
MNIST,FTRL,10,50,0,2739,0.277119,680.584598,1,0.438
MNIST,FTRL,10,50,0,2740,0.230815,680.815413,1,0.438
MNIST,FTRL,10,50,0,2741,0.291021,681.106434,1,0.438
MNIST,FTRL,10,50,0,2742,0.225656,681.332090,1,0.438
MNIST,FTRL,10,50,0,2743,0.377483,681.709573,1,0.438
MNIST,FTRL,10,50,0,2744,0.340425,682.049999,1,0.438
MNIST,FTRL,10,50,0,2745,0.206416,682.256415,1,0.439
MNIST,FTRL,10,50,0,2746,0.217583,682.473998,1,0.439
MNIST,FTRL,10,50,0,2747,0.407979,682.881977,1,0.439
MNIST,FTRL,10,50,0,2748,0.342058,683.224034,1,0.439
MNIST,FTRL,10,50,0,2749,0.234636,683.458671,1,0.439
MNIST,FTRL,10,50,0,2750,0.376385,683.835055,1,0.439
MNIST,FTRL,10,50,0,2751,0.379135,684.214190,1,0.440
MNIST,FTRL,10,50,0,2752,0.183866,684.398056,1,0.440
MNIST,FTRL,10,50,0,2753,0.400766,684.798821,1,0.440
MNIST,FTRL,10,50,0,2754,0.121968,684.920789,1,0.440
MNIST,FTRL,10,50,0,2755,0.208387,685.129176,1,0.440
MNIST,FTRL,10,50,0,2756,0.210173,685.339349,1,0.440
MNIST,FTRL,10,50,0,2757,0.088385,685.427734,1,0.440
MNIST,FTRL,10,50,0,2758,0.286186,685.713920,1,0.441
MNIST,FTRL,10,50,0,2759,0.202409,685.916329,1,0.441
MNIST,FTRL,10,50,0,2760,0.244821,686.161150,1,0.441
MNIST,FTRL,10,50,0,2761,0.324264,686.485414,1,0.441
MNIST,FTRL,10,50,0,2762,0.579824,687.065238,1,0.441
MNIST,FTRL,10,50,0,2763,0.069481,687.134719,1,0.441
MNIST,FTRL,10,50,0,2764,0.159779,687.294499,1,0.442
MNIST,FTRL,10,50,0,2765,0.163666,687.458165,1,0.442
MNIST,FTRL,10,50,0,2766,0.210046,687.668211,1,0.442
MNIST,FTRL,10,50,0,2767,0.194018,687.862229,1,0.442
MNIST,FTRL,10,50,0,2768,0.181128,688.043357,1,0.442
MNIST,FTRL,10,50,0,2769,0.252856,688.296213,1,0.442
MNIST,FTRL,10,50,0,2770,0.267155,688.563368,1,0.443
MNIST,FTRL,10,50,0,2771,0.180277,688.743645,1,0.443
MNIST,FTRL,10,50,0,2772,0.331930,689.075576,1,0.443
MNIST,FTRL,10,50,0,2773,0.232348,689.307924,1,0.443
MNIST,FTRL,10,50,0,2774,0.216620,689.524544,1,0.443
MNIST,FTRL,10,50,0,2775,0.357656,689.882201,1,0.443
MNIST,FTRL,10,50,0,2776,0.194634,690.076835,1,0.444
MNIST,FTRL,10,50,0,2777,0.347568,690.424403,1,0.444
MNIST,FTRL,10,50,0,2778,0.182349,690.606751,1,0.444
MNIST,FTRL,10,50,0,2779,0.325073,690.931825,1,0.444
MNIST,FTRL,10,50,0,2780,0.245049,691.176874,1,0.444
MNIST,FTRL,10,50,0,2781,0.182018,691.358892,1,0.444
MNIST,FTRL,10,50,0,2782,0.246051,691.604942,1,0.444
MNIST,FTRL,10,50,0,2783,0.161848,691.766790,1,0.445
MNIST,FTRL,10,50,0,2784,0.180874,691.947664,1,0.445
MNIST,FTRL,10,50,0,2785,0.377895,692.325558,1,0.445
MNIST,FTRL,10,50,0,2786,0.240847,692.566405,1,0.445
MNIST,FTRL,10,50,0,2787,0.134492,692.700898,1,0.445
MNIST,FTRL,10,50,0,2788,0.460461,693.161359,1,0.445
MNIST,FTRL,10,50,0,2789,0.311379,693.472738,1,0.446
MNIST,FTRL,10,50,0,2790,0.154496,693.627234,1,0.446
MNIST,FTRL,10,50,0,2791,0.289362,693.916596,1,0.446
MNIST,FTRL,10,50,0,2792,0.507109,694.423705,1,0.446
MNIST,FTRL,10,50,0,2793,0.246100,694.669804,1,0.446
MNIST,FTRL,10,50,0,2794,0.246106,694.915911,1,0.446
MNIST,FTRL,10,50,0,2795,0.329285,695.245196,1,0.446
MNIST,FTRL,10,50,0,2796,0.145909,695.391105,1,0.447
MNIST,FTRL,10,50,0,2797,0.213363,695.604469,1,0.447
MNIST,FTRL,10,50,0,2798,0.140108,695.744576,1,0.447
MNIST,FTRL,10,50,0,2799,0.128175,695.872751,1,0.447
MNIST,FTRL,10,50,0,2800,0.239145,696.111896,1,0.447
MNIST,FTRL,10,50,0,2801,0.141125,696.253022,1,0.447
MNIST,FTRL,10,50,0,2802,0.357793,696.610815,1,0.448
MNIST,FTRL,10,50,0,2803,0.445832,697.056647,1,0.448
MNIST,FTRL,10,50,0,2804,0.161993,697.218640,1,0.448
MNIST,FTRL,10,50,0,2805,0.161428,697.380068,1,0.448
MNIST,FTRL,10,50,0,2806,0.405433,697.785501,1,0.448
MNIST,FTRL,10,50,0,2807,0.281329,698.066830,1,0.448
MNIST,FTRL,10,50,0,2808,0.171358,698.238188,1,0.449
MNIST,FTRL,10,50,0,2809,0.139555,698.377743,1,0.449
MNIST,FTRL,10,50,0,2810,0.268463,698.646205,1,0.449
MNIST,FTRL,10,50,0,2811,0.101527,698.747732,1,0.449
MNIST,FTRL,10,50,0,2812,0.110189,698.857921,1,0.449
MNIST,FTRL,10,50,0,2813,0.356058,699.213979,1,0.449
MNIST,FTRL,10,50,0,2814,0.304190,699.518169,1,0.449
MNIST,FTRL,10,50,0,2815,0.369203,699.887372,1,0.450
MNIST,FTRL,10,50,0,2816,0.279651,700.167023,1,0.450
MNIST,FTRL,10,50,0,2817,0.189006,700.356029,1,0.450
MNIST,FTRL,10,50,0,2818,0.249678,700.605707,1,0.450
MNIST,FTRL,10,50,0,2819,0.273763,700.879470,1,0.450
MNIST,FTRL,10,50,0,2820,0.357284,701.236754,1,0.450
MNIST,FTRL,10,50,0,2821,0.212669,701.449423,1,0.451
MNIST,FTRL,10,50,0,2822,0.185806,701.635229,1,0.451
MNIST,FTRL,10,50,0,2823,0.146176,701.781406,1,0.451
MNIST,FTRL,10,50,0,2824,0.081065,701.862471,1,0.451
MNIST,FTRL,10,50,0,2825,0.411476,702.273947,1,0.451
MNIST,FTRL,10,50,0,2826,0.277957,702.551903,1,0.451
MNIST,FTRL,10,50,0,2827,0.145300,702.697203,1,0.451
MNIST,FTRL,10,50,0,2828,0.176043,702.873247,1,0.452
MNIST,FTRL,10,50,0,2829,0.125597,702.998844,1,0.452
MNIST,FTRL,10,50,0,2830,0.347422,703.346266,1,0.452
MNIST,FTRL,10,50,0,2831,0.145364,703.491630,1,0.452
MNIST,FTRL,10,50,0,2832,0.079637,703.571267,1,0.452
MNIST,FTRL,10,50,0,2833,0.240920,703.812187,1,0.452
MNIST,FTRL,10,50,0,2834,0.116472,703.928659,1,0.452
MNIST,FTRL,10,50,0,2835,0.383959,704.312618,1,0.453
MNIST,FTRL,10,50,0,2836,0.315919,704.628537,1,0.453
MNIST,FTRL,10,50,0,2837,0.249610,704.878147,1,0.453
MNIST,FTRL,10,50,0,2838,0.413177,705.291324,1,0.453
MNIST,FTRL,10,50,0,2839,0.355315,705.646639,1,0.453
MNIST,FTRL,10,50,0,2840,0.277789,705.924428,1,0.453
MNIST,FTRL,10,50,0,2841,0.228774,706.153202,1,0.454
MNIST,FTRL,10,50,0,2842,0.264974,706.418177,1,0.454
MNIST,FTRL,10,50,0,2843,0.316632,706.734809,1,0.454
MNIST,FTRL,10,50,0,2844,0.375893,707.110702,1,0.454
MNIST,FTRL,10,50,0,2845,0.211770,707.322473,1,0.454
MNIST,FTRL,10,50,0,2846,0.164025,707.486498,1,0.454
MNIST,FTRL,10,50,0,2847,0.156692,707.643190,1,0.454
MNIST,FTRL,10,50,0,2848,0.121940,707.765130,1,0.455
MNIST,FTRL,10,50,0,2849,0.280422,708.045552,1,0.455
MNIST,FTRL,10,50,0,2850,0.079256,708.124809,1,0.455
MNIST,FTRL,10,50,0,2851,0.189109,708.313918,1,0.455
MNIST,FTRL,10,50,0,2852,0.454260,708.768178,1,0.455
MNIST,FTRL,10,50,0,2853,0.380042,709.148220,1,0.456
MNIST,FTRL,10,50,0,2854,0.268322,709.416542,1,0.456
MNIST,FTRL,10,50,0,2855,0.207766,709.624309,1,0.456
MNIST,FTRL,10,50,0,2856,0.122622,709.746931,1,0.456
MNIST,FTRL,10,50,0,2857,0.296326,710.043257,1,0.456
MNIST,FTRL,10,50,0,2858,0.068362,710.111619,1,0.456
MNIST,FTRL,10,50,0,2859,0.093531,710.205150,1,0.456
MNIST,FTRL,10,50,0,2860,0.140397,710.345547,1,0.457
MNIST,FTRL,10,50,0,2861,0.434632,710.780179,1,0.457
MNIST,FTRL,10,50,0,2862,0.292754,711.072933,1,0.457
MNIST,FTRL,10,50,0,2863,0.167928,711.240861,1,0.457
MNIST,FTRL,10,50,0,2864,0.053173,711.294034,1,0.457
MNIST,FTRL,10,50,0,2865,0.103175,711.397208,1,0.457
MNIST,FTRL,10,50,0,2866,0.161034,711.558242,1,0.458
MNIST,FTRL,10,50,0,2867,0.083578,711.641821,1,0.458
MNIST,FTRL,10,50,0,2868,0.259277,711.901098,1,0.458
MNIST,FTRL,10,50,0,2869,0.157754,712.058852,1,0.458
MNIST,FTRL,10,50,0,2870,0.291778,712.350630,1,0.458
MNIST,FTRL,10,50,0,2871,0.293507,712.644137,1,0.458
MNIST,FTRL,10,50,0,2872,0.216633,712.860770,1,0.458
MNIST,FTRL,10,50,0,2873,0.235133,713.095903,1,0.459
MNIST,FTRL,10,50,0,2874,0.450605,713.546508,1,0.459
MNIST,FTRL,10,50,0,2875,0.115506,713.662014,1,0.459
MNIST,FTRL,10,50,0,2876,0.268347,713.930361,1,0.459
MNIST,FTRL,10,50,0,2877,0.223785,714.154146,1,0.459
MNIST,FTRL,10,50,0,2878,0.050640,714.204786,1,0.459
MNIST,FTRL,10,50,0,2879,0.195534,714.400320,1,0.459
MNIST,FTRL,10,50,0,2880,0.345538,714.745858,1,0.460
MNIST,FTRL,10,50,0,2881,0.271622,715.017480,1,0.460
MNIST,FTRL,10,50,0,2882,0.311043,715.328524,1,0.460
MNIST,FTRL,10,50,0,2883,0.301271,715.629795,1,0.460
MNIST,FTRL,10,50,0,2884,0.115925,715.745720,1,0.460
MNIST,FTRL,10,50,0,2885,0.141376,715.887096,1,0.460
MNIST,FTRL,10,50,0,2886,0.328868,716.215964,1,0.461
MNIST,FTRL,10,50,0,2887,0.262434,716.478399,1,0.461
MNIST,FTRL,10,50,0,2888,0.196549,716.674948,1,0.461
MNIST,FTRL,10,50,0,2889,0.262257,716.937204,1,0.461
MNIST,FTRL,10,50,0,2890,0.182486,717.119690,1,0.461
MNIST,FTRL,10,50,0,2891,0.255638,717.375329,1,0.461
MNIST,FTRL,10,50,0,2892,0.155570,717.530899,1,0.461
MNIST,FTRL,10,50,0,2893,0.260586,717.791484,1,0.462
MNIST,FTRL,10,50,0,2894,0.263076,718.054560,1,0.462
MNIST,FTRL,10,50,0,2895,0.094033,718.148593,1,0.462
MNIST,FTRL,10,50,0,2896,0.271459,718.420052,1,0.462
MNIST,FTRL,10,50,0,2897,0.213907,718.633960,1,0.462
MNIST,FTRL,10,50,0,2898,0.388824,719.022784,1,0.462
MNIST,FTRL,10,50,0,2899,0.292858,719.315642,1,0.463
MNIST,FTRL,10,50,0,2900,0.373949,719.689591,1,0.463
MNIST,FTRL,10,50,0,2901,0.308563,719.998154,1,0.463
MNIST,FTRL,10,50,0,2902,0.346149,720.344303,1,0.463
MNIST,FTRL,10,50,0,2903,0.270783,720.615086,1,0.463
MNIST,FTRL,10,50,0,2904,0.299880,720.914966,1,0.463
MNIST,FTRL,10,50,0,2905,0.192765,721.107732,1,0.464
MNIST,FTRL,10,50,0,2906,0.206711,721.314442,1,0.464
MNIST,FTRL,10,50,0,2907,0.337722,721.652164,1,0.464
MNIST,FTRL,10,50,0,2908,0.203177,721.855341,1,0.464
MNIST,FTRL,10,50,0,2909,0.170656,722.025997,1,0.464
MNIST,FTRL,10,50,0,2910,0.362307,722.388304,1,0.464
MNIST,FTRL,10,50,0,2911,0.335020,722.723324,1,0.464
MNIST,FTRL,10,50,0,2912,0.319733,723.043057,1,0.465
MNIST,FTRL,10,50,0,2913,0.276197,723.319254,1,0.465
MNIST,FTRL,10,50,0,2914,0.119621,723.438876,1,0.465
MNIST,FTRL,10,50,0,2915,0.318064,723.756940,1,0.465
MNIST,FTRL,10,50,0,2916,0.140017,723.896957,1,0.465
MNIST,FTRL,10,50,0,2917,0.263934,724.160891,1,0.465
MNIST,FTRL,10,50,0,2918,0.522320,724.683211,1,0.466
MNIST,FTRL,10,50,0,2919,0.408651,725.091862,1,0.466
MNIST,FTRL,10,50,0,2920,0.311224,725.403086,1,0.466
MNIST,FTRL,10,50,0,2921,0.238181,725.641267,1,0.466
MNIST,FTRL,10,50,0,2922,0.319081,725.960348,1,0.466
MNIST,FTRL,10,50,0,2923,0.175364,726.135712,1,0.466
MNIST,FTRL,10,50,0,2924,0.211072,726.346784,1,0.466
MNIST,FTRL,10,50,0,2925,0.199492,726.546276,1,0.467
MNIST,FTRL,10,50,0,2926,0.300069,726.846345,1,0.467
MNIST,FTRL,10,50,0,2927,0.213290,727.059635,1,0.467
MNIST,FTRL,10,50,0,2928,0.125579,727.185213,1,0.467
MNIST,FTRL,10,50,0,2929,0.203241,727.388454,1,0.467
MNIST,FTRL,10,50,0,2930,0.220236,727.608690,1,0.467
MNIST,FTRL,10,50,0,2931,0.288867,727.897557,1,0.468
MNIST,FTRL,10,50,0,2932,0.161338,728.058895,1,0.468
MNIST,FTRL,10,50,0,2933,0.252309,728.311204,1,0.468
MNIST,FTRL,10,50,0,2934,0.230545,728.541748,1,0.468
MNIST,FTRL,10,50,0,2935,0.229527,728.771275,1,0.468
MNIST,FTRL,10,50,0,2936,0.249608,729.020883,1,0.468
MNIST,FTRL,10,50,0,2937,0.186333,729.207216,1,0.468
MNIST,FTRL,10,50,0,2938,0.461718,729.668934,1,0.469
MNIST,FTRL,10,50,0,2939,0.269595,729.938530,1,0.469
MNIST,FTRL,10,50,0,2940,0.305501,730.244031,1,0.469
MNIST,FTRL,10,50,0,2941,0.201186,730.445218,1,0.469
MNIST,FTRL,10,50,0,2942,0.246225,730.691442,1,0.469
MNIST,FTRL,10,50,0,2943,0.097372,730.788815,1,0.469
MNIST,FTRL,10,50,0,2944,0.085988,730.874803,1,0.469
MNIST,FTRL,10,50,0,2945,0.288768,731.163570,1,0.470
MNIST,FTRL,10,50,0,2946,0.261236,731.424806,1,0.470
MNIST,FTRL,10,50,0,2947,0.121944,731.546750,1,0.470
MNIST,FTRL,10,50,0,2948,0.241096,731.787846,1,0.470
MNIST,FTRL,10,50,0,2949,0.187984,731.975830,1,0.470
MNIST,FTRL,10,50,0,2950,0.261766,732.237596,1,0.471
MNIST,FTRL,10,50,0,2951,0.259669,732.497265,1,0.471
MNIST,FTRL,10,50,0,2952,0.299708,732.796973,1,0.471
MNIST,FTRL,10,50,0,2953,0.217443,733.014416,1,0.471
MNIST,FTRL,10,50,0,2954,0.201984,733.216400,1,0.471
MNIST,FTRL,10,50,0,2955,0.107519,733.323918,1,0.471
MNIST,FTRL,10,50,0,2956,0.150427,733.474346,1,0.471
MNIST,FTRL,10,50,0,2957,0.104037,733.578382,1,0.472
MNIST,FTRL,10,50,0,2958,0.340785,733.919167,1,0.472
MNIST,FTRL,10,50,0,2959,0.181836,734.101003,1,0.472
MNIST,FTRL,10,50,0,2960,0.137202,734.238205,1,0.472
MNIST,FTRL,10,50,0,2961,0.090380,734.328585,1,0.472
MNIST,FTRL,10,50,0,2962,0.352526,734.681110,1,0.472
MNIST,FTRL,10,50,0,2963,0.333183,735.014293,1,0.472
MNIST,FTRL,10,50,0,2964,0.359709,735.374003,1,0.473
MNIST,FTRL,10,50,0,2965,0.127360,735.501363,1,0.473
MNIST,FTRL,10,50,0,2966,0.208533,735.709895,1,0.473
MNIST,FTRL,10,50,0,2967,0.241708,735.951603,1,0.473
MNIST,FTRL,10,50,0,2968,0.324032,736.275635,1,0.473
MNIST,FTRL,10,50,0,2969,0.168903,736.444538,1,0.473
MNIST,FTRL,10,50,0,2970,0.215599,736.660137,1,0.474
MNIST,FTRL,10,50,0,2971,0.268209,736.928346,1,0.474
MNIST,FTRL,10,50,0,2972,0.152881,737.081227,1,0.474
MNIST,FTRL,10,50,0,2973,0.191274,737.272501,1,0.474
MNIST,FTRL,10,50,0,2974,0.343702,737.616203,1,0.474
MNIST,FTRL,10,50,0,2975,0.115520,737.731723,1,0.474
MNIST,FTRL,10,50,0,2976,0.274723,738.006446,1,0.474
MNIST,FTRL,10,50,0,2977,0.262885,738.269331,1,0.475
MNIST,FTRL,10,50,0,2978,0.371064,738.640395,1,0.475
MNIST,FTRL,10,50,0,2979,0.389298,739.029693,1,0.475
MNIST,FTRL,10,50,0,2980,0.325151,739.354844,1,0.475
MNIST,FTRL,10,50,0,2981,0.363084,739.717928,1,0.475
MNIST,FTRL,10,50,0,2982,0.262628,739.980556,1,0.475
MNIST,FTRL,10,50,0,2983,0.152297,740.132853,1,0.476
MNIST,FTRL,10,50,0,2984,0.200630,740.333482,1,0.476
MNIST,FTRL,10,50,0,2985,0.190562,740.524044,1,0.476
MNIST,FTRL,10,50,0,2986,0.185266,740.709310,1,0.476
MNIST,FTRL,10,50,0,2987,0.158286,740.867596,1,0.476
MNIST,FTRL,10,50,0,2988,0.233676,741.101272,1,0.476
MNIST,FTRL,10,50,0,2989,0.252296,741.353568,1,0.476
MNIST,FTRL,10,50,0,2990,0.286495,741.640063,1,0.477
MNIST,FTRL,10,50,0,2991,0.232050,741.872113,1,0.477
MNIST,FTRL,10,50,0,2992,0.275863,742.147976,1,0.477
MNIST,FTRL,10,50,0,2993,0.187543,742.335519,1,0.477
MNIST,FTRL,10,50,0,2994,0.267763,742.603282,1,0.477
MNIST,FTRL,10,50,0,2995,0.240869,742.844151,1,0.477
MNIST,FTRL,10,50,0,2996,0.250156,743.094307,1,0.477
MNIST,FTRL,10,50,0,2997,0.135703,743.230010,1,0.478
MNIST,FTRL,10,50,0,2998,0.400345,743.630355,1,0.478
MNIST,FTRL,10,50,0,2999,0.150803,743.781159,1,0.478
MNIST,FTRL,10,50,0,3000,0.417157,744.198316,1,0.478
MNIST,FTRL,10,50,0,3001,0.420886,744.619202,1,0.479
MNIST,FTRL,10,50,0,3002,0.246680,744.865882,1,0.479
MNIST,FTRL,10,50,0,3003,0.204379,745.070260,1,0.479
MNIST,FTRL,10,50,0,3004,0.345404,745.415665,1,0.479
MNIST,FTRL,10,50,0,3005,0.342765,745.758430,1,0.479
MNIST,FTRL,10,50,0,3006,0.223797,745.982227,1,0.480
MNIST,FTRL,10,50,0,3007,0.315928,746.298155,1,0.480
MNIST,FTRL,10,50,0,3008,0.483832,746.781987,1,0.480
MNIST,FTRL,10,50,0,3009,0.322962,747.104948,1,0.480
MNIST,FTRL,10,50,0,3010,0.138764,747.243713,1,0.480
MNIST,FTRL,10,50,0,3011,0.284582,747.528295,1,0.480
MNIST,FTRL,10,50,0,3012,0.333714,747.862009,1,0.481
MNIST,FTRL,10,50,0,3013,0.186343,748.048352,1,0.481
MNIST,FTRL,10,50,0,3014,0.202208,748.250560,1,0.481
MNIST,FTRL,10,50,0,3015,0.097462,748.348023,1,0.481
MNIST,FTRL,10,50,0,3016,0.488841,748.836863,1,0.481
MNIST,FTRL,10,50,0,3017,0.196343,749.033206,1,0.481
MNIST,FTRL,10,50,0,3018,0.307892,749.341098,1,0.481
MNIST,FTRL,10,50,0,3019,0.115417,749.456515,1,0.482
MNIST,FTRL,10,50,0,3020,0.321093,749.777609,1,0.482
MNIST,FTRL,10,50,0,3021,0.382894,750.160503,1,0.482
MNIST,FTRL,10,50,0,3022,0.322242,750.482744,1,0.482
MNIST,FTRL,10,50,0,3023,0.307522,750.790266,1,0.482
MNIST,FTRL,10,50,0,3024,0.367799,751.158065,1,0.482
MNIST,FTRL,10,50,0,3025,0.284911,751.442976,1,0.483
MNIST,FTRL,10,50,0,3026,0.139411,751.582387,1,0.483
MNIST,FTRL,10,50,0,3027,0.135535,751.717922,1,0.483
MNIST,FTRL,10,50,0,3028,0.423423,752.141344,1,0.483
MNIST,FTRL,10,50,0,3029,0.163770,752.305114,1,0.483
MNIST,FTRL,10,50,0,3030,0.410996,752.716110,1,0.483
MNIST,FTRL,10,50,0,3031,0.308590,753.024700,1,0.483
MNIST,FTRL,10,50,0,3032,0.206010,753.230710,1,0.484
MNIST,FTRL,10,50,0,3033,0.227583,753.458293,1,0.484
MNIST,FTRL,10,50,0,3034,0.290034,753.748327,1,0.484
MNIST,FTRL,10,50,0,3035,0.129426,753.877753,1,0.484
MNIST,FTRL,10,50,0,3036,0.242589,754.120342,1,0.484
MNIST,FTRL,10,50,0,3037,0.351269,754.471611,1,0.484
MNIST,FTRL,10,50,0,3038,0.247594,754.719205,1,0.484
MNIST,FTRL,10,50,0,3039,0.363559,755.082764,1,0.485
MNIST,FTRL,10,50,0,3040,0.238386,755.321150,1,0.485
MNIST,FTRL,10,50,0,3041,0.237730,755.558880,1,0.485
MNIST,FTRL,10,50,0,3042,0.178091,755.736972,1,0.485
MNIST,FTRL,10,50,0,3043,0.295528,756.032500,1,0.485
MNIST,FTRL,10,50,0,3044,0.123184,756.155684,1,0.485
MNIST,FTRL,10,50,0,3045,0.249483,756.405167,1,0.486
MNIST,FTRL,10,50,0,3046,0.367347,756.772514,1,0.486
MNIST,FTRL,10,50,0,3047,0.341211,757.113724,1,0.486
MNIST,FTRL,10,50,0,3048,0.269651,757.383375,1,0.486
MNIST,FTRL,10,50,0,3049,0.330345,757.713720,1,0.486
MNIST,FTRL,10,50,0,3050,0.278276,757.991996,1,0.486
MNIST,FTRL,10,50,0,3051,0.282025,758.274022,1,0.487
MNIST,FTRL,10,50,0,3052,0.151056,758.425078,1,0.487
MNIST,FTRL,10,50,0,3053,0.181156,758.606234,1,0.487
MNIST,FTRL,10,50,0,3054,0.283951,758.890185,1,0.487
MNIST,FTRL,10,50,0,3055,0.302600,759.192785,1,0.487
MNIST,FTRL,10,50,0,3056,0.241795,759.434579,1,0.487
MNIST,FTRL,10,50,0,3057,0.340011,759.774590,1,0.488
MNIST,FTRL,10,50,0,3058,0.108251,759.882842,1,0.488
MNIST,FTRL,10,50,0,3059,0.261352,760.144194,1,0.488
MNIST,FTRL,10,50,0,3060,0.208966,760.353160,1,0.488
MNIST,FTRL,10,50,0,3061,0.239781,760.592941,1,0.488
MNIST,FTRL,10,50,0,3062,0.276296,760.869237,1,0.488
MNIST,FTRL,10,50,0,3063,0.309984,761.179221,1,0.488
MNIST,FTRL,10,50,0,3064,0.373663,761.552884,1,0.489
MNIST,FTRL,10,50,0,3065,0.172761,761.725646,1,0.489
MNIST,FTRL,10,50,0,3066,0.210503,761.936148,1,0.489
MNIST,FTRL,10,50,0,3067,0.254076,762.190225,1,0.489
MNIST,FTRL,10,50,0,3068,0.310856,762.501081,1,0.489
MNIST,FTRL,10,50,0,3069,0.278820,762.779900,1,0.489
MNIST,FTRL,10,50,0,3070,0.298578,763.078478,1,0.490
MNIST,FTRL,10,50,0,3071,0.123375,763.201853,1,0.490
MNIST,FTRL,10,50,0,3072,0.310043,763.511896,1,0.490
MNIST,FTRL,10,50,0,3073,0.244164,763.756061,1,0.490
MNIST,FTRL,10,50,0,3074,0.217697,763.973758,1,0.490
MNIST,FTRL,10,50,0,3075,0.199797,764.173554,1,0.490
MNIST,FTRL,10,50,0,3076,0.141812,764.315367,1,0.491
MNIST,FTRL,10,50,0,3077,0.106372,764.421739,1,0.491
MNIST,FTRL,10,50,0,3078,0.425480,764.847219,1,0.491
MNIST,FTRL,10,50,0,3079,0.224636,765.071855,1,0.491
MNIST,FTRL,10,50,0,3080,0.380974,765.452829,1,0.491
MNIST,FTRL,10,50,0,3081,0.310203,765.763032,1,0.491
MNIST,FTRL,10,50,0,3082,0.109287,765.872319,1,0.492
MNIST,FTRL,10,50,0,3083,0.172590,766.044909,1,0.492
MNIST,FTRL,10,50,0,3084,0.216375,766.261284,1,0.492
MNIST,FTRL,10,50,0,3085,0.129480,766.390765,1,0.492
MNIST,FTRL,10,50,0,3086,0.324350,766.715114,1,0.492
MNIST,FTRL,10,50,0,3087,0.055697,766.770812,1,0.492
MNIST,FTRL,10,50,0,3088,0.121995,766.892807,1,0.493
MNIST,FTRL,10,50,0,3089,0.182734,767.075540,1,0.493
MNIST,FTRL,10,50,0,3090,0.122558,767.198098,1,0.493
MNIST,FTRL,10,50,0,3091,0.239982,767.438080,1,0.493
MNIST,FTRL,10,50,0,3092,0.199113,767.637193,1,0.493
MNIST,FTRL,10,50,0,3093,0.265745,767.902938,1,0.493
MNIST,FTRL,10,50,0,3094,0.199203,768.102141,1,0.494
MNIST,FTRL,10,50,0,3095,0.227878,768.330018,1,0.494
MNIST,FTRL,10,50,0,3096,0.366650,768.696668,1,0.494
MNIST,FTRL,10,50,0,3097,0.321850,769.018518,1,0.494
MNIST,FTRL,10,50,0,3098,0.195453,769.213971,1,0.494
MNIST,FTRL,10,50,0,3099,0.150086,769.364057,1,0.495
MNIST,FTRL,10,50,0,3100,0.192497,769.556553,1,0.495
MNIST,FTRL,10,50,0,3101,0.190987,769.747540,1,0.495
MNIST,FTRL,10,50,0,3102,0.323058,770.070598,1,0.495
MNIST,FTRL,10,50,0,3103,0.115236,770.185833,1,0.495
MNIST,FTRL,10,50,0,3104,0.223957,770.409790,1,0.496
MNIST,FTRL,10,50,0,3105,0.197653,770.607444,1,0.496
MNIST,FTRL,10,50,0,3106,0.166918,770.774362,1,0.496
MNIST,FTRL,10,50,0,3107,0.320516,771.094878,1,0.496
MNIST,FTRL,10,50,0,3108,0.306852,771.401731,1,0.496
MNIST,FTRL,10,50,0,3109,0.336905,771.738636,1,0.497
MNIST,FTRL,10,50,0,3110,0.215068,771.953704,1,0.497
MNIST,FTRL,10,50,0,3111,0.381183,772.334887,1,0.497
MNIST,FTRL,10,50,0,3112,0.218624,772.553511,1,0.497
MNIST,FTRL,10,50,0,3113,0.355699,772.909210,1,0.497
MNIST,FTRL,10,50,0,3114,0.302637,773.211847,1,0.497
MNIST,FTRL,10,50,0,3115,0.220637,773.432484,1,0.498
MNIST,FTRL,10,50,0,3116,0.291494,773.723977,1,0.498
MNIST,FTRL,10,50,0,3117,0.293253,774.017230,1,0.498
MNIST,FTRL,10,50,0,3118,0.227580,774.244810,1,0.498
MNIST,FTRL,10,50,0,3119,0.393297,774.638107,1,0.498
MNIST,FTRL,10,50,0,3120,0.178497,774.816604,1,0.498
MNIST,FTRL,10,50,0,3121,0.173809,774.990414,1,0.498
MNIST,FTRL,10,50,0,3122,0.311047,775.301461,1,0.499
MNIST,FTRL,10,50,0,3123,0.263133,775.564594,1,0.499
MNIST,FTRL,10,50,0,3124,0.245772,775.810366,1,0.499
MNIST,FTRL,10,50,0,3125,0.288157,776.098523,1,0.499
MNIST,FTRL,10,50,0,3126,0.177578,776.276101,1,0.499
MNIST,FTRL,10,50,0,3127,0.154784,776.430884,1,0.499
MNIST,FTRL,10,50,0,3128,0.082251,776.513135,1,0.499
MNIST,FTRL,10,50,0,3129,0.202675,776.715811,1,0.500
MNIST,FTRL,10,50,0,3130,0.230937,776.946748,1,0.500
MNIST,FTRL,10,50,0,3131,0.310820,777.257568,1,0.500
MNIST,FTRL,10,50,0,3132,0.386589,777.644157,1,0.500
MNIST,FTRL,10,50,0,3133,0.264450,777.908607,1,0.500
MNIST,FTRL,10,50,0,3134,0.151427,778.060034,1,0.500
MNIST,FTRL,10,50,0,3135,0.261287,778.321321,1,0.501
MNIST,FTRL,10,50,0,3136,0.333183,778.654503,1,0.501
MNIST,FTRL,10,50,0,3137,0.327369,778.981873,1,0.501
MNIST,FTRL,10,50,0,3138,0.155652,779.137525,1,0.501
MNIST,FTRL,10,50,0,3139,0.325312,779.462837,1,0.501
MNIST,FTRL,10,50,0,3140,0.304426,779.767262,1,0.501
MNIST,FTRL,10,50,0,3141,0.179365,779.946627,1,0.501
MNIST,FTRL,10,50,0,3142,0.345055,780.291682,1,0.502
MNIST,FTRL,10,50,0,3143,0.132573,780.424255,1,0.502
MNIST,FTRL,10,50,0,3144,0.155105,780.579360,1,0.502
MNIST,FTRL,10,50,0,3145,0.177383,780.756744,1,0.502
MNIST,FTRL,10,50,0,3146,0.355720,781.112464,1,0.502
MNIST,FTRL,10,50,0,3147,0.206777,781.319241,1,0.502
MNIST,FTRL,10,50,0,3148,0.296154,781.615395,1,0.502
MNIST,FTRL,10,50,0,3149,0.066951,781.682346,1,0.503
MNIST,FTRL,10,50,0,3150,0.158831,781.841177,1,0.503
MNIST,FTRL,10,50,0,3151,0.336866,782.178043,1,0.503
MNIST,FTRL,10,50,0,3152,0.260428,782.438471,1,0.503
MNIST,FTRL,10,50,0,3153,0.231379,782.669850,1,0.503
MNIST,FTRL,10,50,0,3154,0.379444,783.049294,1,0.504
MNIST,FTRL,10,50,0,3155,0.228025,783.277319,1,0.504
MNIST,FTRL,10,50,0,3156,0.163587,783.440906,1,0.504
MNIST,FTRL,10,50,0,3157,0.199915,783.640821,1,0.504
MNIST,FTRL,10,50,0,3158,0.203633,783.844454,1,0.504
MNIST,FTRL,10,50,0,3159,0.297136,784.141590,1,0.504
MNIST,FTRL,10,50,0,3160,0.228015,784.369605,1,0.504
MNIST,FTRL,10,50,0,3161,0.281275,784.650880,1,0.505
MNIST,FTRL,10,50,0,3162,0.347408,784.998287,1,0.505
MNIST,FTRL,10,50,0,3163,0.285703,785.283990,1,0.505
MNIST,FTRL,10,50,0,3164,0.246780,785.530771,1,0.505
MNIST,FTRL,10,50,0,3165,0.204233,785.735004,1,0.505
MNIST,FTRL,10,50,0,3166,0.212947,785.947951,1,0.505
MNIST,FTRL,10,50,0,3167,0.243897,786.191848,1,0.506
MNIST,FTRL,10,50,0,3168,0.153834,786.345682,1,0.506
MNIST,FTRL,10,50,0,3169,0.283628,786.629310,1,0.506
MNIST,FTRL,10,50,0,3170,0.313824,786.943134,1,0.506
MNIST,FTRL,10,50,0,3171,0.187486,787.130620,1,0.506
MNIST,FTRL,10,50,0,3172,0.101763,787.232384,1,0.506
MNIST,FTRL,10,50,0,3173,0.109336,787.341719,1,0.506
MNIST,FTRL,10,50,0,3174,0.286919,787.628638,1,0.507
MNIST,FTRL,10,50,0,3175,0.183119,787.811758,1,0.507
MNIST,FTRL,10,50,0,3176,0.213669,788.025426,1,0.507
MNIST,FTRL,10,50,0,3177,0.317459,788.342885,1,0.507
MNIST,FTRL,10,50,0,3178,0.264303,788.607188,1,0.507
MNIST,FTRL,10,50,0,3179,0.405076,789.012263,1,0.507
MNIST,FTRL,10,50,0,3180,0.331650,789.343913,1,0.508
MNIST,FTRL,10,50,0,3181,0.442768,789.786681,1,0.508
MNIST,FTRL,10,50,0,3182,0.356615,790.143296,1,0.508
MNIST,FTRL,10,50,0,3183,0.282045,790.425342,1,0.508
MNIST,FTRL,10,50,0,3184,0.128577,790.553919,1,0.508
MNIST,FTRL,10,50,0,3185,0.061693,790.615612,1,0.509
MNIST,FTRL,10,50,0,3186,0.291473,790.907086,1,0.509
MNIST,FTRL,10,50,0,3187,0.322147,791.229233,1,0.509
MNIST,FTRL,10,50,0,3188,0.250008,791.479240,1,0.509
MNIST,FTRL,10,50,0,3189,0.184033,791.663273,1,0.509
MNIST,FTRL,10,50,0,3190,0.310345,791.973619,1,0.509
MNIST,FTRL,10,50,0,3191,0.298591,792.272210,1,0.509
MNIST,FTRL,10,50,0,3192,0.256544,792.528754,1,0.510
MNIST,FTRL,10,50,0,3193,0.264852,792.793606,1,0.510
MNIST,FTRL,10,50,0,3194,0.137126,792.930732,1,0.510
MNIST,FTRL,10,50,0,3195,0.218854,793.149586,1,0.510
MNIST,FTRL,10,50,0,3196,0.268909,793.418495,1,0.510
MNIST,FTRL,10,50,0,3197,0.145105,793.563600,1,0.510
MNIST,FTRL,10,50,0,3198,0.215984,793.779584,1,0.511
MNIST,FTRL,10,50,0,3199,0.362816,794.142400,1,0.511
MNIST,FTRL,10,50,0,3200,0.252708,794.395108,1,0.511
MNIST,FTRL,10,50,0,3201,0.311600,794.706708,1,0.511
MNIST,FTRL,10,50,0,3202,0.354102,795.060810,1,0.511
MNIST,FTRL,10,50,0,3203,0.178369,795.239179,1,0.511
MNIST,FTRL,10,50,0,3204,0.186767,795.425946,1,0.512
MNIST,FTRL,10,50,0,3205,0.272981,795.698927,1,0.512
MNIST,FTRL,10,50,0,3206,0.084243,795.783170,1,0.512
MNIST,FTRL,10,50,0,3207,0.337362,796.120532,1,0.512
MNIST,FTRL,10,50,0,3208,0.264954,796.385486,1,0.512
MNIST,FTRL,10,50,0,3209,0.360149,796.745635,1,0.512
MNIST,FTRL,10,50,0,3210,0.400848,797.146483,1,0.513
MNIST,FTRL,10,50,0,3211,0.207373,797.353856,1,0.513
MNIST,FTRL,10,50,0,3212,0.295433,797.649289,1,0.513
MNIST,FTRL,10,50,0,3213,0.249505,797.898794,1,0.513
MNIST,FTRL,10,50,0,3214,0.312213,798.211007,1,0.513
MNIST,FTRL,10,50,0,3215,0.176409,798.387415,1,0.513
MNIST,FTRL,10,50,0,3216,0.317516,798.704932,1,0.513
MNIST,FTRL,10,50,0,3217,0.150729,798.855661,1,0.514
MNIST,FTRL,10,50,0,3218,0.341739,799.197400,1,0.514
MNIST,FTRL,10,50,0,3219,0.230596,799.427996,1,0.514
MNIST,FTRL,10,50,0,3220,0.186130,799.614126,1,0.514
MNIST,FTRL,10,50,0,3221,0.244540,799.858666,1,0.514
MNIST,FTRL,10,50,0,3222,0.127848,799.986514,1,0.514
MNIST,FTRL,10,50,0,3223,0.253194,800.239708,1,0.514
MNIST,FTRL,10,50,0,3224,0.296729,800.536437,1,0.515
MNIST,FTRL,10,50,0,3225,0.169965,800.706402,1,0.515
MNIST,FTRL,10,50,0,3226,0.289883,800.996285,1,0.515
MNIST,FTRL,10,50,0,3227,0.230760,801.227045,1,0.515
MNIST,FTRL,10,50,0,3228,0.195844,801.422889,1,0.515
MNIST,FTRL,10,50,0,3229,0.332864,801.755753,1,0.515
MNIST,FTRL,10,50,0,3230,0.151152,801.906906,1,0.516
MNIST,FTRL,10,50,0,3231,0.261936,802.168842,1,0.516
MNIST,FTRL,10,50,0,3232,0.362049,802.530890,1,0.516
MNIST,FTRL,10,50,0,3233,0.205279,802.736169,1,0.516
MNIST,FTRL,10,50,0,3234,0.222154,802.958323,1,0.516
MNIST,FTRL,10,50,0,3235,0.180969,803.139292,1,0.516
MNIST,FTRL,10,50,0,3236,0.240687,803.379979,1,0.516
MNIST,FTRL,10,50,0,3237,0.339666,803.719645,1,0.517
MNIST,FTRL,10,50,0,3238,0.171744,803.891389,1,0.517
MNIST,FTRL,10,50,0,3239,0.207260,804.098648,1,0.517
MNIST,FTRL,10,50,0,3240,0.225475,804.324123,1,0.517
MNIST,FTRL,10,50,0,3241,0.322882,804.647005,1,0.517
MNIST,FTRL,10,50,0,3242,0.109820,804.756825,1,0.517
MNIST,FTRL,10,50,0,3243,0.322966,805.079791,1,0.518
MNIST,FTRL,10,50,0,3244,0.190906,805.270697,1,0.518
MNIST,FTRL,10,50,0,3245,0.252430,805.523127,1,0.518
MNIST,FTRL,10,50,0,3246,0.360309,805.883436,1,0.518
MNIST,FTRL,10,50,0,3247,0.191705,806.075141,1,0.518
MNIST,FTRL,10,50,0,3248,0.344121,806.419262,1,0.518
MNIST,FTRL,10,50,0,3249,0.325521,806.744783,1,0.518
MNIST,FTRL,10,50,0,3250,0.233186,806.977969,1,0.519
MNIST,FTRL,10,50,0,3251,0.239731,807.217700,1,0.519
MNIST,FTRL,10,50,0,3252,0.271646,807.489346,1,0.519
MNIST,FTRL,10,50,0,3253,0.315621,807.804968,1,0.519
MNIST,FTRL,10,50,0,3254,0.094947,807.899914,1,0.519
MNIST,FTRL,10,50,0,3255,0.271905,808.171819,1,0.519
MNIST,FTRL,10,50,0,3256,0.153034,808.324853,1,0.520
MNIST,FTRL,10,50,0,3257,0.310192,808.635045,1,0.520
MNIST,FTRL,10,50,0,3258,0.256539,808.891584,1,0.520
MNIST,FTRL,10,50,0,3259,0.160095,809.051679,1,0.520
MNIST,FTRL,10,50,0,3260,0.182607,809.234286,1,0.520
MNIST,FTRL,10,50,0,3261,0.185699,809.419985,1,0.520
MNIST,FTRL,10,50,0,3262,0.215795,809.635780,1,0.520
MNIST,FTRL,10,50,0,3263,0.271934,809.907715,1,0.521
MNIST,FTRL,10,50,0,3264,0.308456,810.216171,1,0.521
MNIST,FTRL,10,50,0,3265,0.236214,810.452385,1,0.521
MNIST,FTRL,10,50,0,3266,0.173244,810.625629,1,0.522
MNIST,FTRL,10,50,0,3267,0.270676,810.896305,1,0.522
MNIST,FTRL,10,50,0,3268,0.433197,811.329502,1,0.522
MNIST,FTRL,10,50,0,3269,0.232700,811.562202,1,0.522
MNIST,FTRL,10,50,0,3270,0.107983,811.670184,1,0.522
MNIST,FTRL,10,50,0,3271,0.342601,812.012786,1,0.522
MNIST,FTRL,10,50,0,3272,0.359293,812.372079,1,0.522
MNIST,FTRL,10,50,0,3273,0.074415,812.446494,1,0.523
MNIST,FTRL,10,50,0,3274,0.244795,812.691289,1,0.523
MNIST,FTRL,10,50,0,3275,0.285318,812.976607,1,0.523
MNIST,FTRL,10,50,0,3276,0.431939,813.408545,1,0.523
MNIST,FTRL,10,50,0,3277,0.285455,813.694000,1,0.523
MNIST,FTRL,10,50,0,3278,0.360125,814.054126,1,0.523
MNIST,FTRL,10,50,0,3279,0.303063,814.357188,1,0.524
MNIST,FTRL,10,50,0,3280,0.243975,814.601163,1,0.524
MNIST,FTRL,10,50,0,3281,0.238562,814.839725,1,0.524
MNIST,FTRL,10,50,0,3282,0.268654,815.108379,1,0.524
MNIST,FTRL,10,50,0,3283,0.124304,815.232683,1,0.524
MNIST,FTRL,10,50,0,3284,0.254738,815.487421,1,0.524
MNIST,FTRL,10,50,0,3285,0.245607,815.733028,1,0.524
MNIST,FTRL,10,50,0,3286,0.180854,815.913882,1,0.525
MNIST,FTRL,10,50,0,3287,0.237333,816.151215,1,0.525
MNIST,FTRL,10,50,0,3288,0.167309,816.318524,1,0.525
MNIST,FTRL,10,50,0,3289,0.198104,816.516628,1,0.525
MNIST,FTRL,10,50,0,3290,0.289615,816.806243,1,0.525
MNIST,FTRL,10,50,0,3291,0.338795,817.145038,1,0.525
MNIST,FTRL,10,50,0,3292,0.305975,817.451013,1,0.526
MNIST,FTRL,10,50,0,3293,0.263881,817.714894,1,0.526
MNIST,FTRL,10,50,0,3294,0.326177,818.041072,1,0.526
MNIST,FTRL,10,50,0,3295,0.091804,818.132876,1,0.526
MNIST,FTRL,10,50,0,3296,0.300599,818.433475,1,0.526
MNIST,FTRL,10,50,0,3297,0.312673,818.746148,1,0.526
MNIST,FTRL,10,50,0,3298,0.404865,819.151013,1,0.526
MNIST,FTRL,10,50,0,3299,0.102961,819.253974,1,0.527
MNIST,FTRL,10,50,0,3300,0.307018,819.560992,1,0.527
MNIST,FTRL,10,50,0,3301,0.163053,819.724045,1,0.527
MNIST,FTRL,10,50,0,3302,0.145786,819.869830,1,0.527
MNIST,FTRL,10,50,0,3303,0.268261,820.138091,1,0.527
MNIST,FTRL,10,50,0,3304,0.314990,820.453081,1,0.527
MNIST,FTRL,10,50,0,3305,0.571853,821.024935,1,0.528
MNIST,FTRL,10,50,0,3306,0.174118,821.199052,1,0.528
MNIST,FTRL,10,50,0,3307,0.342331,821.541383,1,0.528
MNIST,FTRL,10,50,0,3308,0.108700,821.650084,1,0.528
MNIST,FTRL,10,50,0,3309,0.248551,821.898635,1,0.528
MNIST,FTRL,10,50,0,3310,0.357434,822.256069,1,0.528
MNIST,FTRL,10,50,0,3311,0.253584,822.509653,1,0.529
MNIST,FTRL,10,50,0,3312,0.375214,822.884868,1,0.529
MNIST,FTRL,10,50,0,3313,0.400709,823.285576,1,0.529
MNIST,FTRL,10,50,0,3314,0.142957,823.428533,1,0.529
MNIST,FTRL,10,50,0,3315,0.275530,823.704062,1,0.529
MNIST,FTRL,10,50,0,3316,0.238818,823.942880,1,0.529
MNIST,FTRL,10,50,0,3317,0.117707,824.060588,1,0.529
MNIST,FTRL,10,50,0,3318,0.265711,824.326298,1,0.530
MNIST,FTRL,10,50,0,3319,0.260427,824.586725,1,0.530
MNIST,FTRL,10,50,0,3320,0.244525,824.831250,1,0.530
MNIST,FTRL,10,50,0,3321,0.116740,824.947990,1,0.530
MNIST,FTRL,10,50,0,3322,0.240233,825.188223,1,0.530
MNIST,FTRL,10,50,0,3323,0.237919,825.426141,1,0.530
MNIST,FTRL,10,50,0,3324,0.406539,825.832680,1,0.530
MNIST,FTRL,10,50,0,3325,0.230978,826.063658,1,0.531
MNIST,FTRL,10,50,0,3326,0.289267,826.352924,1,0.531
MNIST,FTRL,10,50,0,3327,0.078386,826.431310,1,0.531
MNIST,FTRL,10,50,0,3328,0.282593,826.713903,1,0.531
MNIST,FTRL,10,50,0,3329,0.242139,826.956042,1,0.531
MNIST,FTRL,10,50,0,3330,0.148368,827.104410,1,0.531
MNIST,FTRL,10,50,0,3331,0.303698,827.408108,1,0.531
MNIST,FTRL,10,50,0,3332,0.059506,827.467615,1,0.532
MNIST,FTRL,10,50,0,3333,0.206383,827.673998,1,0.532
MNIST,FTRL,10,50,0,3334,0.312934,827.986932,1,0.532
MNIST,FTRL,10,50,0,3335,0.112452,828.099384,1,0.532
MNIST,FTRL,10,50,0,3336,0.270977,828.370361,1,0.532
MNIST,FTRL,10,50,0,3337,0.196791,828.567152,1,0.532
MNIST,FTRL,10,50,0,3338,0.104424,828.671576,1,0.533
MNIST,FTRL,10,50,0,3339,0.257327,828.928902,1,0.533
MNIST,FTRL,10,50,0,3340,0.415586,829.344488,1,0.533
MNIST,FTRL,10,50,0,3341,0.144309,829.488797,1,0.533
MNIST,FTRL,10,50,0,3342,0.200216,829.689013,1,0.533
MNIST,FTRL,10,50,0,3343,0.302859,829.991872,1,0.533
MNIST,FTRL,10,50,0,3344,0.298458,830.290330,1,0.533
MNIST,FTRL,10,50,0,3345,0.196631,830.486961,1,0.534
MNIST,FTRL,10,50,0,3346,0.226195,830.713157,1,0.534
MNIST,FTRL,10,50,0,3347,0.231950,830.945107,1,0.534
MNIST,FTRL,10,50,0,3348,0.087464,831.032571,1,0.534
MNIST,FTRL,10,50,0,3349,0.203405,831.235976,1,0.534
MNIST,FTRL,10,50,0,3350,0.287814,831.523790,1,0.535
MNIST,FTRL,10,50,0,3351,0.213635,831.737425,1,0.535
MNIST,FTRL,10,50,0,3352,0.338463,832.075888,1,0.535
MNIST,FTRL,10,50,0,3353,0.216694,832.292581,1,0.535
MNIST,FTRL,10,50,0,3354,0.294395,832.586976,1,0.536
MNIST,FTRL,10,50,0,3355,0.174484,832.761460,1,0.536
MNIST,FTRL,10,50,0,3356,0.422534,833.183994,1,0.536
MNIST,FTRL,10,50,0,3357,0.207884,833.391878,1,0.536
MNIST,FTRL,10,50,0,3358,0.323816,833.715694,1,0.536
MNIST,FTRL,10,50,0,3359,0.244844,833.960537,1,0.537
MNIST,FTRL,10,50,0,3360,0.276898,834.237435,1,0.537
MNIST,FTRL,10,50,0,3361,0.195185,834.432620,1,0.537
MNIST,FTRL,10,50,0,3362,0.164634,834.597254,1,0.537
MNIST,FTRL,10,50,0,3363,0.295706,834.892960,1,0.537
MNIST,FTRL,10,50,0,3364,0.123967,835.016927,1,0.537
MNIST,FTRL,10,50,0,3365,0.225728,835.242655,1,0.538
MNIST,FTRL,10,50,0,3366,0.364889,835.607544,1,0.538
MNIST,FTRL,10,50,0,3367,0.388874,835.996418,1,0.538
MNIST,FTRL,10,50,0,3368,0.129727,836.126144,1,0.538
MNIST,FTRL,10,50,0,3369,0.200643,836.326787,1,0.538
MNIST,FTRL,10,50,0,3370,0.229621,836.556409,1,0.538
MNIST,FTRL,10,50,0,3371,0.224103,836.780512,1,0.539
MNIST,FTRL,10,50,0,3372,0.157108,836.937620,1,0.539
MNIST,FTRL,10,50,0,3373,0.166166,837.103786,1,0.539
MNIST,FTRL,10,50,0,3374,0.381966,837.485752,1,0.539
MNIST,FTRL,10,50,0,3375,0.182529,837.668281,1,0.539
MNIST,FTRL,10,50,0,3376,0.440864,838.109145,1,0.539
MNIST,FTRL,10,50,0,3377,0.091968,838.201113,1,0.540
MNIST,FTRL,10,50,0,3378,0.395013,838.596125,1,0.540
MNIST,FTRL,10,50,0,3379,0.321140,838.917265,1,0.540
MNIST,FTRL,10,50,0,3380,0.110259,839.027524,1,0.540
MNIST,FTRL,10,50,0,3381,0.142732,839.170256,1,0.540
MNIST,FTRL,10,50,0,3382,0.322507,839.492763,1,0.540
MNIST,FTRL,10,50,0,3383,0.323060,839.815823,1,0.540
MNIST,FTRL,10,50,0,3384,0.329478,840.145302,1,0.541
MNIST,FTRL,10,50,0,3385,0.165162,840.310464,1,0.541
MNIST,FTRL,10,50,0,3386,0.366921,840.677385,1,0.541
MNIST,FTRL,10,50,0,3387,0.268577,840.945961,1,0.541
MNIST,FTRL,10,50,0,3388,0.292898,841.238860,1,0.541
MNIST,FTRL,10,50,0,3389,0.144595,841.383455,1,0.541
MNIST,FTRL,10,50,0,3390,0.289838,841.673293,1,0.542
MNIST,FTRL,10,50,0,3391,0.102980,841.776273,1,0.542
MNIST,FTRL,10,50,0,3392,0.172859,841.949132,1,0.542
MNIST,FTRL,10,50,0,3393,0.272488,842.221620,1,0.542
MNIST,FTRL,10,50,0,3394,0.121710,842.343329,1,0.542
MNIST,FTRL,10,50,0,3395,0.356595,842.699925,1,0.542
MNIST,FTRL,10,50,0,3396,0.221288,842.921213,1,0.542
MNIST,FTRL,10,50,0,3397,0.262136,843.183348,1,0.543
MNIST,FTRL,10,50,0,3398,0.245001,843.428349,1,0.543
MNIST,FTRL,10,50,0,3399,0.153331,843.581681,1,0.543
MNIST,FTRL,10,50,0,3400,0.322829,843.904510,1,0.543
MNIST,FTRL,10,50,0,3401,0.197195,844.101705,1,0.543
MNIST,FTRL,10,50,0,3402,0.262147,844.363852,1,0.543
MNIST,FTRL,10,50,0,3403,0.144582,844.508434,1,0.544
MNIST,FTRL,10,50,0,3404,0.293722,844.802155,1,0.544
MNIST,FTRL,10,50,0,3405,0.253343,845.055498,1,0.544
MNIST,FTRL,10,50,0,3406,0.283354,845.338852,1,0.544
MNIST,FTRL,10,50,0,3407,0.159720,845.498572,1,0.544
MNIST,FTRL,10,50,0,3408,0.135014,845.633586,1,0.544
MNIST,FTRL,10,50,0,3409,0.235846,845.869432,1,0.545
MNIST,FTRL,10,50,0,3410,0.098391,845.967823,1,0.545
MNIST,FTRL,10,50,0,3411,0.156564,846.124386,1,0.545
MNIST,FTRL,10,50,0,3412,0.203236,846.327622,1,0.545
MNIST,FTRL,10,50,0,3413,0.276250,846.603872,1,0.545
MNIST,FTRL,10,50,0,3414,0.320235,846.924107,1,0.545
MNIST,FTRL,10,50,0,3415,0.255173,847.179280,1,0.546
MNIST,FTRL,10,50,0,3416,0.470132,847.649412,1,0.546
MNIST,FTRL,10,50,0,3417,0.141963,847.791375,1,0.546
MNIST,FTRL,10,50,0,3418,0.341081,848.132456,1,0.546
MNIST,FTRL,10,50,0,3419,0.295168,848.427624,1,0.546
MNIST,FTRL,10,50,0,3420,0.139341,848.566965,1,0.547
MNIST,FTRL,10,50,0,3421,0.251010,848.817975,1,0.547
MNIST,FTRL,10,50,0,3422,0.322596,849.140571,1,0.547
MNIST,FTRL,10,50,0,3423,0.062035,849.202606,1,0.547
MNIST,FTRL,10,50,0,3424,0.261120,849.463726,1,0.547
MNIST,FTRL,10,50,0,3425,0.089207,849.552933,1,0.547
MNIST,FTRL,10,50,0,3426,0.276206,849.829139,1,0.548
MNIST,FTRL,10,50,0,3427,0.211220,850.040359,1,0.548
MNIST,FTRL,10,50,0,3428,0.120846,850.161205,1,0.548
MNIST,FTRL,10,50,0,3429,0.178246,850.339451,1,0.548
MNIST,FTRL,10,50,0,3430,0.149464,850.488915,1,0.549
MNIST,FTRL,10,50,0,3431,0.241280,850.730195,1,0.549
MNIST,FTRL,10,50,0,3432,0.331236,851.061431,1,0.549
MNIST,FTRL,10,50,0,3433,0.189984,851.251414,1,0.549
MNIST,FTRL,10,50,0,3434,0.279404,851.530818,1,0.549
MNIST,FTRL,10,50,0,3435,0.328575,851.859393,1,0.549
MNIST,FTRL,10,50,0,3436,0.225277,852.084671,1,0.549
MNIST,FTRL,10,50,0,3437,0.131329,852.216000,1,0.550
MNIST,FTRL,10,50,0,3438,0.125542,852.341542,1,0.550
MNIST,FTRL,10,50,0,3439,0.319163,852.660706,1,0.550
MNIST,FTRL,10,50,0,3440,0.267474,852.928180,1,0.550
MNIST,FTRL,10,50,0,3441,0.303774,853.231954,1,0.550
MNIST,FTRL,10,50,0,3442,0.192024,853.423978,1,0.550
MNIST,FTRL,10,50,0,3443,0.142939,853.566916,1,0.551
MNIST,FTRL,10,50,0,3444,0.253176,853.820092,1,0.551
MNIST,FTRL,10,50,0,3445,0.127854,853.947946,1,0.551
MNIST,FTRL,10,50,0,3446,0.157871,854.105817,1,0.551
MNIST,FTRL,10,50,0,3447,0.260750,854.366567,1,0.551
MNIST,FTRL,10,50,0,3448,0.199463,854.566029,1,0.551
MNIST,FTRL,10,50,0,3449,0.255542,854.821571,1,0.551
MNIST,FTRL,10,50,0,3450,0.504361,855.325932,1,0.552
MNIST,FTRL,10,50,0,3451,0.156513,855.482446,1,0.552
MNIST,FTRL,10,50,0,3452,0.170682,855.653128,1,0.552
MNIST,FTRL,10,50,0,3453,0.335691,855.988819,1,0.553
MNIST,FTRL,10,50,0,3454,0.236640,856.225459,1,0.553
MNIST,FTRL,10,50,0,3455,0.245474,856.470933,1,0.553
MNIST,FTRL,10,50,0,3456,0.173234,856.644167,1,0.553
MNIST,FTRL,10,50,0,3457,0.245076,856.889243,1,0.553
MNIST,FTRL,10,50,0,3458,0.445288,857.334531,1,0.554
MNIST,FTRL,10,50,0,3459,0.257054,857.591585,1,0.554
MNIST,FTRL,10,50,0,3460,0.281365,857.872950,1,0.554
MNIST,FTRL,10,50,0,3461,0.058511,857.931461,1,0.554
MNIST,FTRL,10,50,0,3462,0.213445,858.144906,1,0.554
MNIST,FTRL,10,50,0,3463,0.243653,858.388560,1,0.554
MNIST,FTRL,10,50,0,3464,0.298447,858.687007,1,0.554
MNIST,FTRL,10,50,0,3465,0.152273,858.839280,1,0.555
MNIST,FTRL,10,50,0,3466,0.315572,859.154851,1,0.555
MNIST,FTRL,10,50,0,3467,0.048016,859.202868,1,0.555
MNIST,FTRL,10,50,0,3468,0.257870,859.460738,1,0.555
MNIST,FTRL,10,50,0,3469,0.239686,859.700424,1,0.555
MNIST,FTRL,10,50,0,3470,0.275360,859.975784,1,0.555
MNIST,FTRL,10,50,0,3471,0.172733,860.148517,1,0.556
MNIST,FTRL,10,50,0,3472,0.207076,860.355593,1,0.556
MNIST,FTRL,10,50,0,3473,0.168407,860.523999,1,0.556
MNIST,FTRL,10,50,0,3474,0.510441,861.034440,1,0.556
MNIST,FTRL,10,50,0,3475,0.104349,861.138790,1,0.556
MNIST,FTRL,10,50,0,3476,0.247903,861.386692,1,0.556
MNIST,FTRL,10,50,0,3477,0.250204,861.636896,1,0.556
MNIST,FTRL,10,50,0,3478,0.117946,861.754843,1,0.557
MNIST,FTRL,10,50,0,3479,0.191823,861.946666,1,0.557
MNIST,FTRL,10,50,0,3480,0.296455,862.243120,1,0.557
MNIST,FTRL,10,50,0,3481,0.246619,862.489740,1,0.557
MNIST,FTRL,10,50,0,3482,0.159050,862.648790,1,0.557
MNIST,FTRL,10,50,0,3483,0.268797,862.917587,1,0.557
MNIST,FTRL,10,50,0,3484,0.230646,863.148233,1,0.557
MNIST,FTRL,10,50,0,3485,0.229001,863.377233,1,0.558
MNIST,FTRL,10,50,0,3486,0.121974,863.499208,1,0.558
MNIST,FTRL,10,50,0,3487,0.146827,863.646034,1,0.558
MNIST,FTRL,10,50,0,3488,0.127653,863.773687,1,0.558
MNIST,FTRL,10,50,0,3489,0.329550,864.103237,1,0.558
MNIST,FTRL,10,50,0,3490,0.233763,864.336999,1,0.558
MNIST,FTRL,10,50,0,3491,0.294754,864.631754,1,0.559
MNIST,FTRL,10,50,0,3492,0.166862,864.798615,1,0.559
MNIST,FTRL,10,50,0,3493,0.340256,865.138871,1,0.559
MNIST,FTRL,10,50,0,3494,0.191355,865.330226,1,0.559
MNIST,FTRL,10,50,0,3495,0.236791,865.567017,1,0.559
MNIST,FTRL,10,50,0,3496,0.194972,865.761989,1,0.560
MNIST,FTRL,10,50,0,3497,0.361191,866.123180,1,0.560
MNIST,FTRL,10,50,0,3498,0.298492,866.421672,1,0.560
MNIST,FTRL,10,50,0,3499,0.268801,866.690473,1,0.560
MNIST,FTRL,10,50,0,3500,0.303613,866.994086,1,0.560
MNIST,FTRL,10,50,0,3501,0.432370,867.426456,1,0.561
MNIST,FTRL,10,50,0,3502,0.218876,867.645332,1,0.561
MNIST,FTRL,10,50,0,3503,0.231777,867.877109,1,0.561
MNIST,FTRL,10,50,0,3504,0.124017,868.001126,1,0.561
MNIST,FTRL,10,50,0,3505,0.212446,868.213572,1,0.561
MNIST,FTRL,10,50,0,3506,0.196964,868.410535,1,0.562
MNIST,FTRL,10,50,0,3507,0.307250,868.717786,1,0.562
MNIST,FTRL,10,50,0,3508,0.186083,868.903869,1,0.562
MNIST,FTRL,10,50,0,3509,0.192776,869.096645,1,0.562
MNIST,FTRL,10,50,0,3510,0.241474,869.338119,1,0.562
MNIST,FTRL,10,50,0,3511,0.169445,869.507564,1,0.562
MNIST,FTRL,10,50,0,3512,0.178868,869.686432,1,0.563
MNIST,FTRL,10,50,0,3513,0.309924,869.996356,1,0.563
MNIST,FTRL,10,50,0,3514,0.363128,870.359484,1,0.563
MNIST,FTRL,10,50,0,3515,0.268724,870.628208,1,0.563
MNIST,FTRL,10,50,0,3516,0.191763,870.819970,1,0.563
MNIST,FTRL,10,50,0,3517,0.284165,871.104135,1,0.563
MNIST,FTRL,10,50,0,3518,0.285726,871.389861,1,0.564
MNIST,FTRL,10,50,0,3519,0.319058,871.708919,1,0.564
MNIST,FTRL,10,50,0,3520,0.325409,872.034328,1,0.564
MNIST,FTRL,10,50,0,3521,0.217638,872.251966,1,0.564
MNIST,FTRL,10,50,0,3522,0.294512,872.546478,1,0.564
MNIST,FTRL,10,50,0,3523,0.325121,872.871600,1,0.564
MNIST,FTRL,10,50,0,3524,0.082436,872.954036,1,0.564
MNIST,FTRL,10,50,0,3525,0.108677,873.062713,1,0.565
MNIST,FTRL,10,50,0,3526,0.322539,873.385252,1,0.565
MNIST,FTRL,10,50,0,3527,0.262417,873.647669,1,0.565
MNIST,FTRL,10,50,0,3528,0.165137,873.812806,1,0.565
MNIST,FTRL,10,50,0,3529,0.230095,874.042900,1,0.565
MNIST,FTRL,10,50,0,3530,0.267195,874.310096,1,0.565
MNIST,FTRL,10,50,0,3531,0.165178,874.475273,1,0.565
MNIST,FTRL,10,50,0,3532,0.212657,874.687931,1,0.566
MNIST,FTRL,10,50,0,3533,0.315266,875.003197,1,0.566
MNIST,FTRL,10,50,0,3534,0.145387,875.148584,1,0.566
MNIST,FTRL,10,50,0,3535,0.222552,875.371135,1,0.566
MNIST,FTRL,10,50,0,3536,0.201694,875.572829,1,0.566
MNIST,FTRL,10,50,0,3537,0.088499,875.661328,1,0.567
MNIST,FTRL,10,50,0,3538,0.103669,875.764997,1,0.567
MNIST,FTRL,10,50,0,3539,0.396246,876.161243,1,0.567
MNIST,FTRL,10,50,0,3540,0.228567,876.389810,1,0.567
MNIST,FTRL,10,50,0,3541,0.166369,876.556179,1,0.567
MNIST,FTRL,10,50,0,3542,0.353362,876.909541,1,0.567
MNIST,FTRL,10,50,0,3543,0.173447,877.082988,1,0.567
MNIST,FTRL,10,50,0,3544,0.169699,877.252687,1,0.568
MNIST,FTRL,10,50,0,3545,0.275908,877.528595,1,0.568
MNIST,FTRL,10,50,0,3546,0.218801,877.747397,1,0.568
MNIST,FTRL,10,50,0,3547,0.139831,877.887227,1,0.568
MNIST,FTRL,10,50,0,3548,0.288257,878.175484,1,0.568
MNIST,FTRL,10,50,0,3549,0.158087,878.333571,1,0.568
MNIST,FTRL,10,50,0,3550,0.196027,878.529598,1,0.569
MNIST,FTRL,10,50,0,3551,0.170932,878.700530,1,0.569
MNIST,FTRL,10,50,0,3552,0.144404,878.844934,1,0.569
MNIST,FTRL,10,50,0,3553,0.334699,879.179633,1,0.569
MNIST,FTRL,10,50,0,3554,0.236561,879.416195,1,0.569
MNIST,FTRL,10,50,0,3555,0.298828,879.715023,1,0.570
MNIST,FTRL,10,50,0,3556,0.238368,879.953391,1,0.570
MNIST,FTRL,10,50,0,3557,0.322546,880.275937,1,0.570
MNIST,FTRL,10,50,0,3558,0.194374,880.470311,1,0.570
MNIST,FTRL,10,50,0,3559,0.083822,880.554132,1,0.570
MNIST,FTRL,10,50,0,3560,0.176012,880.730144,1,0.570
MNIST,FTRL,10,50,0,3561,0.171854,880.901997,1,0.570
MNIST,FTRL,10,50,0,3562,0.268041,881.170038,1,0.571
MNIST,FTRL,10,50,0,3563,0.217385,881.387424,1,0.571
MNIST,FTRL,10,50,0,3564,0.091393,881.478817,1,0.571
MNIST,FTRL,10,50,0,3565,0.176843,881.655660,1,0.571
MNIST,FTRL,10,50,0,3566,0.347257,882.002917,1,0.571
MNIST,FTRL,10,50,0,3567,0.253651,882.256568,1,0.571
MNIST,FTRL,10,50,0,3568,0.157009,882.413577,1,0.571
MNIST,FTRL,10,50,0,3569,0.293798,882.707375,1,0.572
MNIST,FTRL,10,50,0,3570,0.081474,882.788848,1,0.572
MNIST,FTRL,10,50,0,3571,0.410142,883.198990,1,0.572
MNIST,FTRL,10,50,0,3572,0.162428,883.361418,1,0.572
MNIST,FTRL,10,50,0,3573,0.344862,883.706280,1,0.572
MNIST,FTRL,10,50,0,3574,0.113066,883.819345,1,0.572
MNIST,FTRL,10,50,0,3575,0.327240,884.146585,1,0.573
MNIST,FTRL,10,50,0,3576,0.135916,884.282502,1,0.573
MNIST,FTRL,10,50,0,3577,0.206421,884.488922,1,0.573
MNIST,FTRL,10,50,0,3578,0.275746,884.764668,1,0.573
MNIST,FTRL,10,50,0,3579,0.157830,884.922497,1,0.573
MNIST,FTRL,10,50,0,3580,0.265630,885.188127,1,0.573
MNIST,FTRL,10,50,0,3581,0.147206,885.335333,1,0.573
MNIST,FTRL,10,50,0,3582,0.251271,885.586604,1,0.574
MNIST,FTRL,10,50,0,3583,0.283710,885.870314,1,0.574
MNIST,FTRL,10,50,0,3584,0.334222,886.204537,1,0.574
MNIST,FTRL,10,50,0,3585,0.226378,886.430914,1,0.574
MNIST,FTRL,10,50,0,3586,0.253105,886.684019,1,0.574
MNIST,FTRL,10,50,0,3587,0.328181,887.012200,1,0.574
MNIST,FTRL,10,50,0,3588,0.162205,887.174405,1,0.574
MNIST,FTRL,10,50,0,3589,0.117950,887.292356,1,0.575
MNIST,FTRL,10,50,0,3590,0.252320,887.544676,1,0.575
MNIST,FTRL,10,50,0,3591,0.251348,887.796024,1,0.575
MNIST,FTRL,10,50,0,3592,0.258182,888.054206,1,0.575
MNIST,FTRL,10,50,0,3593,0.274273,888.328479,1,0.575
MNIST,FTRL,10,50,0,3594,0.363513,888.691992,1,0.575
MNIST,FTRL,10,50,0,3595,0.142601,888.834593,1,0.576
MNIST,FTRL,10,50,0,3596,0.288637,889.123230,1,0.576
MNIST,FTRL,10,50,0,3597,0.214049,889.337279,1,0.576
MNIST,FTRL,10,50,0,3598,0.207256,889.544535,1,0.576
MNIST,FTRL,10,50,0,3599,0.373365,889.917900,1,0.576
MNIST,FTRL,10,50,0,3600,0.194770,890.112670,1,0.576
MNIST,FTRL,10,50,0,3601,0.404410,890.517080,1,0.577
MNIST,FTRL,10,50,0,3602,0.358188,890.875268,1,0.577
MNIST,FTRL,10,50,0,3603,0.137853,891.013120,1,0.577
MNIST,FTRL,10,50,0,3604,0.492839,891.505959,1,0.577
MNIST,FTRL,10,50,0,3605,0.241637,891.747596,1,0.577
MNIST,FTRL,10,50,0,3606,0.277888,892.025484,1,0.577
MNIST,FTRL,10,50,0,3607,0.493550,892.519035,1,0.578
MNIST,FTRL,10,50,0,3608,0.470505,892.989540,1,0.578
MNIST,FTRL,10,50,0,3609,0.186745,893.176285,1,0.578
MNIST,FTRL,10,50,0,3610,0.202019,893.378303,1,0.578
MNIST,FTRL,10,50,0,3611,0.215918,893.594221,1,0.578
MNIST,FTRL,10,50,0,3612,0.204428,893.798649,1,0.578
MNIST,FTRL,10,50,0,3613,0.094315,893.892964,1,0.578
MNIST,FTRL,10,50,0,3614,0.245146,894.138111,1,0.579
MNIST,FTRL,10,50,0,3615,0.236381,894.374491,1,0.579
MNIST,FTRL,10,50,0,3616,0.306217,894.680708,1,0.579
MNIST,FTRL,10,50,0,3617,0.224596,894.905304,1,0.579
MNIST,FTRL,10,50,0,3618,0.273755,895.179059,1,0.579
MNIST,FTRL,10,50,0,3619,0.206763,895.385822,1,0.579
MNIST,FTRL,10,50,0,3620,0.306379,895.692202,1,0.579
MNIST,FTRL,10,50,0,3621,0.350090,896.042291,1,0.580
MNIST,FTRL,10,50,0,3622,0.298337,896.340628,1,0.580
MNIST,FTRL,10,50,0,3623,0.114501,896.455129,1,0.580
MNIST,FTRL,10,50,0,3624,0.344627,896.799756,1,0.580
MNIST,FTRL,10,50,0,3625,0.280717,897.080473,1,0.580
MNIST,FTRL,10,50,0,3626,0.164124,897.244598,1,0.580
MNIST,FTRL,10,50,0,3627,0.059196,897.303793,1,0.581
MNIST,FTRL,10,50,0,3628,0.156435,897.460228,1,0.581
MNIST,FTRL,10,50,0,3629,0.219054,897.679282,1,0.581
MNIST,FTRL,10,50,0,3630,0.361271,898.040553,1,0.581
MNIST,FTRL,10,50,0,3631,0.284564,898.325118,1,0.581
MNIST,FTRL,10,50,0,3632,0.305556,898.630674,1,0.581
MNIST,FTRL,10,50,0,3633,0.370466,899.001140,1,0.581
MNIST,FTRL,10,50,0,3634,0.167019,899.168158,1,0.582
MNIST,FTRL,10,50,0,3635,0.090654,899.258812,1,0.582
MNIST,FTRL,10,50,0,3636,0.151731,899.410543,1,0.582
MNIST,FTRL,10,50,0,3637,0.225291,899.635834,1,0.582
MNIST,FTRL,10,50,0,3638,0.116226,899.752060,1,0.582
MNIST,FTRL,10,50,0,3639,0.064558,899.816617,1,0.582
MNIST,FTRL,10,50,0,3640,0.273457,900.090074,1,0.582
MNIST,FTRL,10,50,0,3641,0.182734,900.272808,1,0.583
MNIST,FTRL,10,50,0,3642,0.306294,900.579102,1,0.583
MNIST,FTRL,10,50,0,3643,0.248443,900.827546,1,0.583
MNIST,FTRL,10,50,0,3644,0.219003,901.046548,1,0.583
MNIST,FTRL,10,50,0,3645,0.279088,901.325636,1,0.583
MNIST,FTRL,10,50,0,3646,0.138987,901.464623,1,0.583
MNIST,FTRL,10,50,0,3647,0.176406,901.641029,1,0.584
MNIST,FTRL,10,50,0,3648,0.202174,901.843203,1,0.584
MNIST,FTRL,10,50,0,3649,0.175142,902.018346,1,0.584
MNIST,FTRL,10,50,0,3650,0.366235,902.384581,1,0.584
MNIST,FTRL,10,50,0,3651,0.227071,902.611652,1,0.584
MNIST,FTRL,10,50,0,3652,0.343742,902.955394,1,0.584
MNIST,FTRL,10,50,0,3653,0.253809,903.209202,1,0.585
MNIST,FTRL,10,50,0,3654,0.332622,903.541824,1,0.585
MNIST,FTRL,10,50,0,3655,0.226872,903.768696,1,0.585
MNIST,FTRL,10,50,0,3656,0.352851,904.121547,1,0.585
MNIST,FTRL,10,50,0,3657,0.225528,904.347076,1,0.585
MNIST,FTRL,10,50,0,3658,0.169419,904.516495,1,0.585
MNIST,FTRL,10,50,0,3659,0.245754,904.762250,1,0.586
MNIST,FTRL,10,50,0,3660,0.252751,905.015001,1,0.586
MNIST,FTRL,10,50,0,3661,0.155097,905.170098,1,0.586
MNIST,FTRL,10,50,0,3662,0.119674,905.289773,1,0.586
MNIST,FTRL,10,50,0,3663,0.481351,905.771124,1,0.586
MNIST,FTRL,10,50,0,3664,0.257296,906.028420,1,0.586
MNIST,FTRL,10,50,0,3665,0.174676,906.203095,1,0.586
MNIST,FTRL,10,50,0,3666,0.242013,906.445108,1,0.587
MNIST,FTRL,10,50,0,3667,0.142895,906.588003,1,0.587
MNIST,FTRL,10,50,0,3668,0.228507,906.816510,1,0.587
MNIST,FTRL,10,50,0,3669,0.257198,907.073708,1,0.587
MNIST,FTRL,10,50,0,3670,0.105286,907.178994,1,0.587
MNIST,FTRL,10,50,0,3671,0.297339,907.476333,1,0.587
MNIST,FTRL,10,50,0,3672,0.239247,907.715580,1,0.588
MNIST,FTRL,10,50,0,3673,0.210884,907.926464,1,0.588
MNIST,FTRL,10,50,0,3674,0.088649,908.015113,1,0.588
MNIST,FTRL,10,50,0,3675,0.207516,908.222629,1,0.588
MNIST,FTRL,10,50,0,3676,0.111970,908.334599,1,0.588
MNIST,FTRL,10,50,0,3677,0.196977,908.531576,1,0.588
MNIST,FTRL,10,50,0,3678,0.160051,908.691627,1,0.588
MNIST,FTRL,10,50,0,3679,0.054883,908.746510,1,0.589
MNIST,FTRL,10,50,0,3680,0.222493,908.969003,1,0.589
MNIST,FTRL,10,50,0,3681,0.359858,909.328861,1,0.589
MNIST,FTRL,10,50,0,3682,0.123443,909.452304,1,0.589
MNIST,FTRL,10,50,0,3683,0.102255,909.554559,1,0.589
MNIST,FTRL,10,50,0,3684,0.143610,909.698169,1,0.589
MNIST,FTRL,10,50,0,3685,0.276629,909.974798,1,0.590
MNIST,FTRL,10,50,0,3686,0.498751,910.473549,1,0.590
MNIST,FTRL,10,50,0,3687,0.274582,910.748131,1,0.590
MNIST,FTRL,10,50,0,3688,0.179182,910.927313,1,0.590
MNIST,FTRL,10,50,0,3689,0.314723,911.242036,1,0.590
MNIST,FTRL,10,50,0,3690,0.288073,911.530109,1,0.590
MNIST,FTRL,10,50,0,3691,0.253838,911.783947,1,0.590
MNIST,FTRL,10,50,0,3692,0.314825,912.098772,1,0.591
MNIST,FTRL,10,50,0,3693,0.327821,912.426592,1,0.591
MNIST,FTRL,10,50,0,3694,0.389424,912.816017,1,0.591
MNIST,FTRL,10,50,0,3695,0.154017,912.970034,1,0.591
MNIST,FTRL,10,50,0,3696,0.386079,913.356113,1,0.591
MNIST,FTRL,10,50,0,3697,0.195249,913.551361,1,0.591
MNIST,FTRL,10,50,0,3698,0.310933,913.862294,1,0.592
MNIST,FTRL,10,50,0,3699,0.229271,914.091565,1,0.592
MNIST,FTRL,10,50,0,3700,0.194870,914.286435,1,0.592
MNIST,FTRL,10,50,0,3701,0.385801,914.672236,1,0.592
MNIST,FTRL,10,50,0,3702,0.255746,914.927982,1,0.592
MNIST,FTRL,10,50,0,3703,0.105358,915.033340,1,0.592
MNIST,FTRL,10,50,0,3704,0.165210,915.198550,1,0.593
MNIST,FTRL,10,50,0,3705,0.073995,915.272545,1,0.593
MNIST,FTRL,10,50,0,3706,0.266783,915.539328,1,0.593
MNIST,FTRL,10,50,0,3707,0.267817,915.807145,1,0.593
MNIST,FTRL,10,50,0,3708,0.137811,915.944957,1,0.593
MNIST,FTRL,10,50,0,3709,0.298220,916.243176,1,0.593
MNIST,FTRL,10,50,0,3710,0.292355,916.535531,1,0.594
MNIST,FTRL,10,50,0,3711,0.105120,916.640652,1,0.594
MNIST,FTRL,10,50,0,3712,0.274954,916.915605,1,0.594
MNIST,FTRL,10,50,0,3713,0.188442,917.104047,1,0.594
MNIST,FTRL,10,50,0,3714,0.221513,917.325561,1,0.594
MNIST,FTRL,10,50,0,3715,0.334262,917.659823,1,0.594
MNIST,FTRL,10,50,0,3716,0.293491,917.953313,1,0.594
MNIST,FTRL,10,50,0,3717,0.379460,918.332773,1,0.595
MNIST,FTRL,10,50,0,3718,0.249411,918.582184,1,0.595
MNIST,FTRL,10,50,0,3719,0.181302,918.763487,1,0.595
MNIST,FTRL,10,50,0,3720,0.085975,918.849461,1,0.595
MNIST,FTRL,10,50,0,3721,0.148650,918.998111,1,0.595
MNIST,FTRL,10,50,0,3722,0.183051,919.181162,1,0.595
MNIST,FTRL,10,50,0,3723,0.197538,919.378700,1,0.596
MNIST,FTRL,10,50,0,3724,0.288529,919.667230,1,0.596
MNIST,FTRL,10,50,0,3725,0.235598,919.902828,1,0.596
MNIST,FTRL,10,50,0,3726,0.247752,920.150580,1,0.596
MNIST,FTRL,10,50,0,3727,0.402515,920.553096,1,0.596
MNIST,FTRL,10,50,0,3728,0.299271,920.852367,1,0.596
MNIST,FTRL,10,50,0,3729,0.239720,921.092087,1,0.596
MNIST,FTRL,10,50,0,3730,0.275552,921.367639,1,0.597
MNIST,FTRL,10,50,0,3731,0.254328,921.621967,1,0.597
MNIST,FTRL,10,50,0,3732,0.224443,921.846410,1,0.597
MNIST,FTRL,10,50,0,3733,0.178053,922.024463,1,0.597
MNIST,FTRL,10,50,0,3734,0.403750,922.428213,1,0.597
MNIST,FTRL,10,50,0,3735,0.222923,922.651136,1,0.597
MNIST,FTRL,10,50,0,3736,0.181064,922.832200,1,0.598
MNIST,FTRL,10,50,0,3737,0.268048,923.100248,1,0.598
MNIST,FTRL,10,50,0,3738,0.249230,923.349479,1,0.598
MNIST,FTRL,10,50,0,3739,0.240494,923.589973,1,0.598
MNIST,FTRL,10,50,0,3740,0.312384,923.902356,1,0.598
MNIST,FTRL,10,50,0,3741,0.152347,924.054703,1,0.598
MNIST,FTRL,10,50,0,3742,0.248349,924.303053,1,0.598
MNIST,FTRL,10,50,0,3743,0.154461,924.457514,1,0.599
MNIST,FTRL,10,50,0,3744,0.382255,924.839769,1,0.599
MNIST,FTRL,10,50,0,3745,0.308866,925.148635,1,0.599
MNIST,FTRL,10,50,0,3746,0.169574,925.318209,1,0.599
MNIST,FTRL,10,50,0,3747,0.223392,925.541601,1,0.599
MNIST,FTRL,10,50,0,3748,0.108360,925.649961,1,0.599
MNIST,FTRL,10,50,0,3749,0.261881,925.911842,1,0.600
MNIST,FTRL,10,50,0,3750,0.170921,926.082763,1,0.600
MNIST,FTRL,10,50,0,3751,0.262809,926.345572,1,0.600
MNIST,FTRL,10,50,0,3752,0.310642,926.656214,1,0.600
MNIST,FTRL,10,50,0,3753,0.223628,926.879843,1,0.600
MNIST,FTRL,10,50,0,3754,0.181698,927.061541,1,0.601
MNIST,FTRL,10,50,0,3755,0.275742,927.337283,1,0.601
MNIST,FTRL,10,50,0,3756,0.243049,927.580332,1,0.601
MNIST,FTRL,10,50,0,3757,0.115793,927.696125,1,0.601
MNIST,FTRL,10,50,0,3758,0.311358,928.007483,1,0.601
MNIST,FTRL,10,50,0,3759,0.255054,928.262537,1,0.601
MNIST,FTRL,10,50,0,3760,0.361706,928.624243,1,0.602
MNIST,FTRL,10,50,0,3761,0.184751,928.808993,1,0.602
MNIST,FTRL,10,50,0,3762,0.186282,928.995275,1,0.602
MNIST,FTRL,10,50,0,3763,0.071065,929.066341,1,0.602
MNIST,FTRL,10,50,0,3764,0.096662,929.163003,1,0.602
MNIST,FTRL,10,50,0,3765,0.167670,929.330673,1,0.602
MNIST,FTRL,10,50,0,3766,0.181435,929.512109,1,0.602
MNIST,FTRL,10,50,0,3767,0.274390,929.786498,1,0.603
MNIST,FTRL,10,50,0,3768,0.353640,930.140139,1,0.603
MNIST,FTRL,10,50,0,3769,0.103688,930.243827,1,0.603
MNIST,FTRL,10,50,0,3770,0.506772,930.750599,1,0.603
MNIST,FTRL,10,50,0,3771,0.232130,930.982729,1,0.603
MNIST,FTRL,10,50,0,3772,0.338988,931.321717,1,0.603
MNIST,FTRL,10,50,0,3773,0.120774,931.442491,1,0.603
MNIST,FTRL,10,50,0,3774,0.301007,931.743498,1,0.604
MNIST,FTRL,10,50,0,3775,0.256625,932.000123,1,0.604
MNIST,FTRL,10,50,0,3776,0.223624,932.223747,1,0.604
MNIST,FTRL,10,50,0,3777,0.270152,932.493899,1,0.604
MNIST,FTRL,10,50,0,3778,0.419021,932.912919,1,0.604
MNIST,FTRL,10,50,0,3779,0.296655,933.209575,1,0.604
MNIST,FTRL,10,50,0,3780,0.279654,933.489228,1,0.605
MNIST,FTRL,10,50,0,3781,0.329866,933.819094,1,0.605
MNIST,FTRL,10,50,0,3782,0.118082,933.937176,1,0.605
MNIST,FTRL,10,50,0,3783,0.276321,934.213497,1,0.605
MNIST,FTRL,10,50,0,3784,0.455153,934.668650,1,0.605
MNIST,FTRL,10,50,0,3785,0.131015,934.799665,1,0.605
MNIST,FTRL,10,50,0,3786,0.321106,935.120771,1,0.606
MNIST,FTRL,10,50,0,3787,0.357504,935.478275,1,0.606
MNIST,FTRL,10,50,0,3788,0.101996,935.580272,1,0.606
MNIST,FTRL,10,50,0,3789,0.213276,935.793548,1,0.606
MNIST,FTRL,10,50,0,3790,0.100009,935.893557,1,0.606
MNIST,FTRL,10,50,0,3791,0.177431,936.070989,1,0.606
MNIST,FTRL,10,50,0,3792,0.306489,936.377478,1,0.606
MNIST,FTRL,10,50,0,3793,0.213536,936.591014,1,0.607
MNIST,FTRL,10,50,0,3794,0.405107,936.996121,1,0.607
MNIST,FTRL,10,50,0,3795,0.442736,937.438858,1,0.607
MNIST,FTRL,10,50,0,3796,0.152831,937.591688,1,0.607
MNIST,FTRL,10,50,0,3797,0.295423,937.887111,1,0.607
MNIST,FTRL,10,50,0,3798,0.064324,937.951436,1,0.607
MNIST,FTRL,10,50,0,3799,0.373319,938.324755,1,0.607
MNIST,FTRL,10,50,0,3800,0.153821,938.478575,1,0.608
MNIST,FTRL,10,50,0,3801,0.321949,938.800524,1,0.608
MNIST,FTRL,10,50,0,3802,0.250943,939.051468,1,0.608
MNIST,FTRL,10,50,0,3803,0.189649,939.241117,1,0.608
MNIST,FTRL,10,50,0,3804,0.273688,939.514805,1,0.608
MNIST,FTRL,10,50,0,3805,0.209987,939.724792,1,0.609
MNIST,FTRL,10,50,0,3806,0.223181,939.947973,1,0.609
MNIST,FTRL,10,50,0,3807,0.351173,940.299146,1,0.609
MNIST,FTRL,10,50,0,3808,0.100025,940.399171,1,0.609
MNIST,FTRL,10,50,0,3809,0.235089,940.634260,1,0.609
MNIST,FTRL,10,50,0,3810,0.204740,940.839000,1,0.609
MNIST,FTRL,10,50,0,3811,0.235792,941.074792,1,0.609
MNIST,FTRL,10,50,0,3812,0.305016,941.379809,1,0.610
MNIST,FTRL,10,50,0,3813,0.187422,941.567231,1,0.610
MNIST,FTRL,10,50,0,3814,0.165634,941.732864,1,0.610
MNIST,FTRL,10,50,0,3815,0.183907,941.916771,1,0.610
MNIST,FTRL,10,50,0,3816,0.143718,942.060489,1,0.610
MNIST,FTRL,10,50,0,3817,0.317664,942.378153,1,0.610
MNIST,FTRL,10,50,0,3818,0.369300,942.747453,1,0.610
MNIST,FTRL,10,50,0,3819,0.199577,942.947029,1,0.611
MNIST,FTRL,10,50,0,3820,0.158860,943.105890,1,0.611
MNIST,FTRL,10,50,0,3821,0.149729,943.255618,1,0.611
MNIST,FTRL,10,50,0,3822,0.334105,943.589723,1,0.611
MNIST,FTRL,10,50,0,3823,0.283296,943.873019,1,0.611
MNIST,FTRL,10,50,0,3824,0.211114,944.084133,1,0.611
MNIST,FTRL,10,50,0,3825,0.201982,944.286115,1,0.612
MNIST,FTRL,10,50,0,3826,0.365915,944.652029,1,0.612
MNIST,FTRL,10,50,0,3827,0.189838,944.841867,1,0.612
MNIST,FTRL,10,50,0,3828,0.303746,945.145613,1,0.612
MNIST,FTRL,10,50,0,3829,0.180179,945.325792,1,0.612
MNIST,FTRL,10,50,0,3830,0.347480,945.673272,1,0.612
MNIST,FTRL,10,50,0,3831,0.152504,945.825776,1,0.612
MNIST,FTRL,10,50,0,3832,0.310335,946.136112,1,0.613
MNIST,FTRL,10,50,0,3833,0.180488,946.316600,1,0.613
MNIST,FTRL,10,50,0,3834,0.238816,946.555416,1,0.613
MNIST,FTRL,10,50,0,3835,0.374105,946.929521,1,0.613
MNIST,FTRL,10,50,0,3836,0.213733,947.143254,1,0.613
MNIST,FTRL,10,50,0,3837,0.337773,947.481027,1,0.613
MNIST,FTRL,10,50,0,3838,0.285136,947.766163,1,0.613
MNIST,FTRL,10,50,0,3839,0.277751,948.043915,1,0.614
MNIST,FTRL,10,50,0,3840,0.200785,948.244700,1,0.614
MNIST,FTRL,10,50,0,3841,0.196571,948.441271,1,0.614
MNIST,FTRL,10,50,0,3842,0.322524,948.763795,1,0.614
MNIST,FTRL,10,50,0,3843,0.326575,949.090370,1,0.614
MNIST,FTRL,10,50,0,3844,0.202774,949.293144,1,0.614
MNIST,FTRL,10,50,0,3845,0.334685,949.627829,1,0.615
MNIST,FTRL,10,50,0,3846,0.260601,949.888430,1,0.615
MNIST,FTRL,10,50,0,3847,0.101401,949.989831,1,0.615
MNIST,FTRL,10,50,0,3848,0.227496,950.217326,1,0.615
MNIST,FTRL,10,50,0,3849,0.054404,950.271730,1,0.615
MNIST,FTRL,10,50,0,3850,0.147834,950.419564,1,0.616
MNIST,FTRL,10,50,0,3851,0.348157,950.767720,1,0.616
MNIST,FTRL,10,50,0,3852,0.398339,951.166059,1,0.616
MNIST,FTRL,10,50,0,3853,0.262842,951.428901,1,0.616
MNIST,FTRL,10,50,0,3854,0.322329,951.751230,1,0.616
MNIST,FTRL,10,50,0,3855,0.351489,952.102720,1,0.616
MNIST,FTRL,10,50,0,3856,0.416999,952.519718,1,0.616
MNIST,FTRL,10,50,0,3857,0.378703,952.898421,1,0.617
MNIST,FTRL,10,50,0,3858,0.198829,953.097250,1,0.617
MNIST,FTRL,10,50,0,3859,0.286125,953.383375,1,0.617
MNIST,FTRL,10,50,0,3860,0.095032,953.478407,1,0.617
MNIST,FTRL,10,50,0,3861,0.217105,953.695513,1,0.617
MNIST,FTRL,10,50,0,3862,0.149143,953.844656,1,0.617
MNIST,FTRL,10,50,0,3863,0.117734,953.962390,1,0.617
MNIST,FTRL,10,50,0,3864,0.322487,954.284876,1,0.618
MNIST,FTRL,10,50,0,3865,0.225122,954.509998,1,0.618
MNIST,FTRL,10,50,0,3866,0.204138,954.714136,1,0.618
MNIST,FTRL,10,50,0,3867,0.133236,954.847372,1,0.618
MNIST,FTRL,10,50,0,3868,0.159340,955.006712,1,0.618
MNIST,FTRL,10,50,0,3869,0.185389,955.192102,1,0.618
MNIST,FTRL,10,50,0,3870,0.132861,955.324962,1,0.619
MNIST,FTRL,10,50,0,3871,0.244005,955.568967,1,0.619
MNIST,FTRL,10,50,0,3872,0.276200,955.845166,1,0.619
MNIST,FTRL,10,50,0,3873,0.292769,956.137935,1,0.619
MNIST,FTRL,10,50,0,3874,0.195149,956.333084,1,0.619
MNIST,FTRL,10,50,0,3875,0.092738,956.425822,1,0.619
MNIST,FTRL,10,50,0,3876,0.126303,956.552125,1,0.619
MNIST,FTRL,10,50,0,3877,0.215463,956.767588,1,0.620
MNIST,FTRL,10,50,0,3878,0.282606,957.050194,1,0.620
MNIST,FTRL,10,50,0,3879,0.186006,957.236200,1,0.620
MNIST,FTRL,10,50,0,3880,0.198709,957.434909,1,0.620
MNIST,FTRL,10,50,0,3881,0.358037,957.792946,1,0.620
MNIST,FTRL,10,50,0,3882,0.206560,957.999506,1,0.620
MNIST,FTRL,10,50,0,3883,0.226249,958.225755,1,0.621
MNIST,FTRL,10,50,0,3884,0.273931,958.499686,1,0.621
MNIST,FTRL,10,50,0,3885,0.281545,958.781231,1,0.621
MNIST,FTRL,10,50,0,3886,0.169912,958.951143,1,0.621
MNIST,FTRL,10,50,0,3887,0.252414,959.203557,1,0.621
MNIST,FTRL,10,50,0,3888,0.210813,959.414370,1,0.621
MNIST,FTRL,10,50,0,3889,0.228485,959.642855,1,0.621
MNIST,FTRL,10,50,0,3890,0.229060,959.871916,1,0.622
MNIST,FTRL,10,50,0,3891,0.203580,960.075496,1,0.622
MNIST,FTRL,10,50,0,3892,0.198430,960.273926,1,0.622
MNIST,FTRL,10,50,0,3893,0.233823,960.507749,1,0.622
MNIST,FTRL,10,50,0,3894,0.326621,960.834370,1,0.622
MNIST,FTRL,10,50,0,3895,0.171021,961.005391,1,0.622
MNIST,FTRL,10,50,0,3896,0.235634,961.241025,1,0.623
MNIST,FTRL,10,50,0,3897,0.091275,961.332300,1,0.623
MNIST,FTRL,10,50,0,3898,0.326983,961.659283,1,0.623
MNIST,FTRL,10,50,0,3899,0.146002,961.805285,1,0.623
MNIST,FTRL,10,50,0,3900,0.140338,961.945623,1,0.623
MNIST,FTRL,10,50,0,3901,0.104707,962.050329,1,0.623
MNIST,FTRL,10,50,0,3902,0.205903,962.256232,1,0.624
MNIST,FTRL,10,50,0,3903,0.201363,962.457595,1,0.624
MNIST,FTRL,10,50,0,3904,0.486162,962.943757,1,0.624
MNIST,FTRL,10,50,0,3905,0.182887,963.126644,1,0.624
MNIST,FTRL,10,50,0,3906,0.292370,963.419015,1,0.624
MNIST,FTRL,10,50,0,3907,0.227392,963.646407,1,0.624
MNIST,FTRL,10,50,0,3908,0.252706,963.899113,1,0.624
MNIST,FTRL,10,50,0,3909,0.216309,964.115422,1,0.625
MNIST,FTRL,10,50,0,3910,0.369340,964.484762,1,0.625
MNIST,FTRL,10,50,0,3911,0.247422,964.732185,1,0.625
MNIST,FTRL,10,50,0,3912,0.126739,964.858924,1,0.625
MNIST,FTRL,10,50,0,3913,0.420515,965.279439,1,0.625
MNIST,FTRL,10,50,0,3914,0.367031,965.646470,1,0.625
MNIST,FTRL,10,50,0,3915,0.245725,965.892195,1,0.626
MNIST,FTRL,10,50,0,3916,0.068294,965.960489,1,0.626
MNIST,FTRL,10,50,0,3917,0.258656,966.219145,1,0.626
MNIST,FTRL,10,50,0,3918,0.405046,966.624191,1,0.626
MNIST,FTRL,10,50,0,3919,0.310274,966.934466,1,0.626
MNIST,FTRL,10,50,0,3920,0.355525,967.289991,1,0.626
MNIST,FTRL,10,50,0,3921,0.091494,967.381484,1,0.626
MNIST,FTRL,10,50,0,3922,0.344800,967.726284,1,0.627
MNIST,FTRL,10,50,0,3923,0.177314,967.903598,1,0.627
MNIST,FTRL,10,50,0,3924,0.129697,968.033295,1,0.627
MNIST,FTRL,10,50,0,3925,0.340000,968.373296,1,0.627
MNIST,FTRL,10,50,0,3926,0.131112,968.504408,1,0.627
MNIST,FTRL,10,50,0,3927,0.296510,968.800917,1,0.627
MNIST,FTRL,10,50,0,3928,0.378935,969.179853,1,0.628
MNIST,FTRL,10,50,0,3929,0.068345,969.248197,1,0.628
MNIST,FTRL,10,50,0,3930,0.298011,969.546208,1,0.628
MNIST,FTRL,10,50,0,3931,0.358426,969.904634,1,0.628
MNIST,FTRL,10,50,0,3932,0.081519,969.986153,1,0.628
MNIST,FTRL,10,50,0,3933,0.124355,970.110508,1,0.628
MNIST,FTRL,10,50,0,3934,0.200703,970.311211,1,0.628
MNIST,FTRL,10,50,0,3935,0.283469,970.594680,1,0.629
MNIST,FTRL,10,50,0,3936,0.235774,970.830454,1,0.629
MNIST,FTRL,10,50,0,3937,0.256744,971.087198,1,0.629
MNIST,FTRL,10,50,0,3938,0.442945,971.530143,1,0.629
MNIST,FTRL,10,50,0,3939,0.264636,971.794779,1,0.629
MNIST,FTRL,10,50,0,3940,0.351194,972.145974,1,0.629
MNIST,FTRL,10,50,0,3941,0.340614,972.486588,1,0.630
MNIST,FTRL,10,50,0,3942,0.372053,972.858641,1,0.630
MNIST,FTRL,10,50,0,3943,0.419545,973.278186,1,0.630
MNIST,FTRL,10,50,0,3944,0.290680,973.568865,1,0.630
MNIST,FTRL,10,50,0,3945,0.413594,973.982459,1,0.630
MNIST,FTRL,10,50,0,3946,0.235379,974.217838,1,0.630
MNIST,FTRL,10,50,0,3947,0.258062,974.475901,1,0.631
MNIST,FTRL,10,50,0,3948,0.368223,974.844123,1,0.631
MNIST,FTRL,10,50,0,3949,0.090472,974.934595,1,0.631
MNIST,FTRL,10,50,0,3950,0.262649,975.197244,1,0.631
MNIST,FTRL,10,50,0,3951,0.115726,975.312970,1,0.631
MNIST,FTRL,10,50,0,3952,0.250170,975.563140,1,0.631
MNIST,FTRL,10,50,0,3953,0.313831,975.876972,1,0.632
MNIST,FTRL,10,50,0,3954,0.138445,976.015417,1,0.632
MNIST,FTRL,10,50,0,3955,0.274920,976.290337,1,0.632
MNIST,FTRL,10,50,0,3956,0.230985,976.521322,1,0.632
MNIST,FTRL,10,50,0,3957,0.204913,976.726235,1,0.632
MNIST,FTRL,10,50,0,3958,0.448269,977.174504,1,0.632
MNIST,FTRL,10,50,0,3959,0.216432,977.390935,1,0.633
MNIST,FTRL,10,50,0,3960,0.075019,977.465954,1,0.633
MNIST,FTRL,10,50,0,3961,0.242071,977.708025,1,0.633
MNIST,FTRL,10,50,0,3962,0.306965,978.014990,1,0.633
MNIST,FTRL,10,50,0,3963,0.219336,978.234326,1,0.633
MNIST,FTRL,10,50,0,3964,0.197650,978.431977,1,0.633
MNIST,FTRL,10,50,0,3965,0.200042,978.632018,1,0.633
MNIST,FTRL,10,50,0,3966,0.272051,978.904069,1,0.634
MNIST,FTRL,10,50,0,3967,0.202321,979.106389,1,0.634
MNIST,FTRL,10,50,0,3968,0.308592,979.414981,1,0.634
MNIST,FTRL,10,50,0,3969,0.157522,979.572503,1,0.634
MNIST,FTRL,10,50,0,3970,0.349805,979.922309,1,0.634
MNIST,FTRL,10,50,0,3971,0.329400,980.251709,1,0.634
MNIST,FTRL,10,50,0,3972,0.332373,980.584082,1,0.634
MNIST,FTRL,10,50,0,3973,0.226894,980.810975,1,0.635
MNIST,FTRL,10,50,0,3974,0.155266,980.966241,1,0.635
MNIST,FTRL,10,50,0,3975,0.190076,981.156318,1,0.635
MNIST,FTRL,10,50,0,3976,0.412925,981.569243,1,0.635
MNIST,FTRL,10,50,0,3977,0.160559,981.729802,1,0.635
MNIST,FTRL,10,50,0,3978,0.169876,981.899678,1,0.635
MNIST,FTRL,10,50,0,3979,0.383277,982.282955,1,0.636
MNIST,FTRL,10,50,0,3980,0.385838,982.668793,1,0.636
MNIST,FTRL,10,50,0,3981,0.260294,982.929087,1,0.636
MNIST,FTRL,10,50,0,3982,0.206265,983.135352,1,0.636
MNIST,FTRL,10,50,0,3983,0.203580,983.338932,1,0.636
MNIST,FTRL,10,50,0,3984,0.391101,983.730033,1,0.636
MNIST,FTRL,10,50,0,3985,0.452664,984.182698,1,0.637
MNIST,FTRL,10,50,0,3986,0.294175,984.476872,1,0.637
MNIST,FTRL,10,50,0,3987,0.120812,984.597684,1,0.637
MNIST,FTRL,10,50,0,3988,0.207868,984.805553,1,0.637
MNIST,FTRL,10,50,0,3989,0.172138,984.977690,1,0.637
MNIST,FTRL,10,50,0,3990,0.251249,985.228939,1,0.637
MNIST,FTRL,10,50,0,3991,0.067709,985.296648,1,0.637
MNIST,FTRL,10,50,0,3992,0.419639,985.716287,1,0.638
MNIST,FTRL,10,50,0,3993,0.156427,985.872713,1,0.638
MNIST,FTRL,10,50,0,3994,0.288689,986.161402,1,0.638
MNIST,FTRL,10,50,0,3995,0.276524,986.437927,1,0.638
MNIST,FTRL,10,50,0,3996,0.239518,986.677445,1,0.638
MNIST,FTRL,10,50,0,3997,0.312175,986.989620,1,0.638
MNIST,FTRL,10,50,0,3998,0.118124,987.107744,1,0.638
MNIST,FTRL,10,50,0,3999,0.169342,987.277086,1,0.639
MNIST,FTRL,10,50,0,4000,0.125229,987.402315,1,0.639
MNIST,FTRL,10,50,0,4001,0.253153,987.655469,1,0.639
MNIST,FTRL,10,50,0,4002,0.346529,988.001997,1,0.640
MNIST,FTRL,10,50,0,4003,0.259285,988.261282,1,0.640
MNIST,FTRL,10,50,0,4004,0.228459,988.489741,1,0.640
MNIST,FTRL,10,50,0,4005,0.299187,988.788928,1,0.640
MNIST,FTRL,10,50,0,4006,0.232418,989.021347,1,0.640
MNIST,FTRL,10,50,0,4007,0.380663,989.402009,1,0.641
MNIST,FTRL,10,50,0,4008,0.184581,989.586591,1,0.641
MNIST,FTRL,10,50,0,4009,0.224769,989.811359,1,0.641
MNIST,FTRL,10,50,0,4010,0.383654,990.195014,1,0.641
MNIST,FTRL,10,50,0,4011,0.269862,990.464876,1,0.641
MNIST,FTRL,10,50,0,4012,0.226334,990.691209,1,0.642
MNIST,FTRL,10,50,0,4013,0.509335,991.200545,1,0.642
MNIST,FTRL,10,50,0,4014,0.257814,991.458359,1,0.642
MNIST,FTRL,10,50,0,4015,0.294274,991.752632,1,0.642
MNIST,FTRL,10,50,0,4016,0.195357,991.947989,1,0.642
MNIST,FTRL,10,50,0,4017,0.220318,992.168307,1,0.642
MNIST,FTRL,10,50,0,4018,0.229328,992.397635,1,0.643
MNIST,FTRL,10,50,0,4019,0.223122,992.620757,1,0.643
MNIST,FTRL,10,50,0,4020,0.157807,992.778564,1,0.643
MNIST,FTRL,10,50,0,4021,0.321964,993.100528,1,0.643
MNIST,FTRL,10,50,0,4022,0.157167,993.257695,1,0.643
MNIST,FTRL,10,50,0,4023,0.107364,993.365059,1,0.643
MNIST,FTRL,10,50,0,4024,0.220014,993.585073,1,0.643
MNIST,FTRL,10,50,0,4025,0.210174,993.795247,1,0.644
MNIST,FTRL,10,50,0,4026,0.254251,994.049498,1,0.644
MNIST,FTRL,10,50,0,4027,0.333767,994.383265,1,0.644
MNIST,FTRL,10,50,0,4028,0.257875,994.641140,1,0.644
MNIST,FTRL,10,50,0,4029,0.325436,994.966576,1,0.644
MNIST,FTRL,10,50,0,4030,0.259074,995.225650,1,0.644
MNIST,FTRL,10,50,0,4031,0.482016,995.707667,1,0.645
MNIST,FTRL,10,50,0,4032,0.215937,995.923604,1,0.645
MNIST,FTRL,10,50,0,4033,0.157957,996.081560,1,0.645
MNIST,FTRL,10,50,0,4034,0.111731,996.193291,1,0.645
MNIST,FTRL,10,50,0,4035,0.285148,996.478439,1,0.645
MNIST,FTRL,10,50,0,4036,0.275591,996.754030,1,0.645
MNIST,FTRL,10,50,0,4037,0.209064,996.963094,1,0.646
MNIST,FTRL,10,50,0,4038,0.271272,997.234365,1,0.646
MNIST,FTRL,10,50,0,4039,0.269761,997.504126,1,0.646
MNIST,FTRL,10,50,0,4040,0.229547,997.733673,1,0.646
MNIST,FTRL,10,50,0,4041,0.306132,998.039806,1,0.646
MNIST,FTRL,10,50,0,4042,0.232676,998.272482,1,0.646
MNIST,FTRL,10,50,0,4043,0.187842,998.460324,1,0.647
MNIST,FTRL,10,50,0,4044,0.245750,998.706073,1,0.647
MNIST,FTRL,10,50,0,4045,0.146990,998.853063,1,0.647
MNIST,FTRL,10,50,0,4046,0.231447,999.084510,1,0.647
MNIST,FTRL,10,50,0,4047,0.327634,999.412144,1,0.647
MNIST,FTRL,10,50,0,4048,0.378619,999.790764,1,0.647
MNIST,FTRL,10,50,0,4049,0.140229,999.930992,1,0.648
MNIST,FTRL,10,50,0,4050,0.196789,1000.127781,1,0.648
MNIST,FTRL,10,50,0,4051,0.081700,1000.209481,1,0.648
MNIST,FTRL,10,50,0,4052,0.248267,1000.457748,1,0.648
MNIST,FTRL,10,50,0,4053,0.195367,1000.653115,1,0.648
MNIST,FTRL,10,50,0,4054,0.300948,1000.954064,1,0.648
MNIST,FTRL,10,50,0,4055,0.227449,1001.181512,1,0.649
MNIST,FTRL,10,50,0,4056,0.299443,1001.480956,1,0.649
MNIST,FTRL,10,50,0,4057,0.320147,1001.801103,1,0.649
MNIST,FTRL,10,50,0,4058,0.312041,1002.113144,1,0.649
MNIST,FTRL,10,50,0,4059,0.314316,1002.427460,1,0.649
MNIST,FTRL,10,50,0,4060,0.181604,1002.609063,1,0.649
MNIST,FTRL,10,50,0,4061,0.199345,1002.808408,1,0.650
MNIST,FTRL,10,50,0,4062,0.270106,1003.078514,1,0.650
MNIST,FTRL,10,50,0,4063,0.104963,1003.183477,1,0.650
MNIST,FTRL,10,50,0,4064,0.269911,1003.453388,1,0.650
MNIST,FTRL,10,50,0,4065,0.218254,1003.671641,1,0.650
MNIST,FTRL,10,50,0,4066,0.183410,1003.855052,1,0.650
MNIST,FTRL,10,50,0,4067,0.303953,1004.159004,1,0.650
MNIST,FTRL,10,50,0,4068,0.153701,1004.312705,1,0.651
MNIST,FTRL,10,50,0,4069,0.124687,1004.437392,1,0.651
MNIST,FTRL,10,50,0,4070,0.175951,1004.613342,1,0.651
MNIST,FTRL,10,50,0,4071,0.316241,1004.929583,1,0.651
MNIST,FTRL,10,50,0,4072,0.094228,1005.023811,1,0.651
MNIST,FTRL,10,50,0,4073,0.196281,1005.220092,1,0.651
MNIST,FTRL,10,50,0,4074,0.269879,1005.489971,1,0.652
MNIST,FTRL,10,50,0,4075,0.340620,1005.830591,1,0.652
MNIST,FTRL,10,50,0,4076,0.182545,1006.013136,1,0.652
MNIST,FTRL,10,50,0,4077,0.208104,1006.221240,1,0.652
MNIST,FTRL,10,50,0,4078,0.238017,1006.459257,1,0.652
MNIST,FTRL,10,50,0,4079,0.120016,1006.579272,1,0.652
MNIST,FTRL,10,50,0,4080,0.385890,1006.965163,1,0.652
MNIST,FTRL,10,50,0,4081,0.502698,1007.467861,1,0.653
MNIST,FTRL,10,50,0,4082,0.212286,1007.680147,1,0.653
MNIST,FTRL,10,50,0,4083,0.144616,1007.824763,1,0.653
MNIST,FTRL,10,50,0,4084,0.259191,1008.083954,1,0.653
MNIST,FTRL,10,50,0,4085,0.193006,1008.276960,1,0.653
MNIST,FTRL,10,50,0,4086,0.230135,1008.507095,1,0.653
MNIST,FTRL,10,50,0,4087,0.317365,1008.824460,1,0.654
MNIST,FTRL,10,50,0,4088,0.297060,1009.121520,1,0.654
MNIST,FTRL,10,50,0,4089,0.266823,1009.388344,1,0.654
MNIST,FTRL,10,50,0,4090,0.328378,1009.716722,1,0.654
MNIST,FTRL,10,50,0,4091,0.213354,1009.930076,1,0.654
MNIST,FTRL,10,50,0,4092,0.286675,1010.216751,1,0.654
MNIST,FTRL,10,50,0,4093,0.269277,1010.486027,1,0.654
MNIST,FTRL,10,50,0,4094,0.265365,1010.751393,1,0.655
MNIST,FTRL,10,50,0,4095,0.178467,1010.929860,1,0.655
MNIST,FTRL,10,50,0,4096,0.228298,1011.158157,1,0.655
MNIST,FTRL,10,50,0,4097,0.202189,1011.360347,1,0.655
MNIST,FTRL,10,50,0,4098,0.160537,1011.520884,1,0.655
MNIST,FTRL,10,50,0,4099,0.185834,1011.706718,1,0.655
MNIST,FTRL,10,50,0,4100,0.204253,1011.910971,1,0.656
MNIST,FTRL,10,50,0,4101,0.169206,1012.080177,1,0.656
MNIST,FTRL,10,50,0,4102,0.228415,1012.308592,1,0.656
MNIST,FTRL,10,50,0,4103,0.310497,1012.619089,1,0.656
MNIST,FTRL,10,50,0,4104,0.129139,1012.748227,1,0.656
MNIST,FTRL,10,50,0,4105,0.191455,1012.939683,1,0.656
MNIST,FTRL,10,50,0,4106,0.205232,1013.144915,1,0.657
MNIST,FTRL,10,50,0,4107,0.144648,1013.289563,1,0.657
MNIST,FTRL,10,50,0,4108,0.323160,1013.612723,1,0.657
MNIST,FTRL,10,50,0,4109,0.216220,1013.828943,1,0.657
MNIST,FTRL,10,50,0,4110,0.211165,1014.040108,1,0.657
MNIST,FTRL,10,50,0,4111,0.242066,1014.282174,1,0.657
MNIST,FTRL,10,50,0,4112,0.186183,1014.468357,1,0.658
MNIST,FTRL,10,50,0,4113,0.194318,1014.662675,1,0.658
MNIST,FTRL,10,50,0,4114,0.232106,1014.894781,1,0.658
MNIST,FTRL,10,50,0,4115,0.250522,1015.145303,1,0.658
MNIST,FTRL,10,50,0,4116,0.248890,1015.394193,1,0.658
MNIST,FTRL,10,50,0,4117,0.201395,1015.595588,1,0.658
MNIST,FTRL,10,50,0,4118,0.451446,1016.047034,1,0.658
MNIST,FTRL,10,50,0,4119,0.347494,1016.394527,1,0.659
MNIST,FTRL,10,50,0,4120,0.189252,1016.583779,1,0.659
MNIST,FTRL,10,50,0,4121,0.397731,1016.981510,1,0.659
MNIST,FTRL,10,50,0,4122,0.311230,1017.292741,1,0.659
MNIST,FTRL,10,50,0,4123,0.165689,1017.458430,1,0.659
MNIST,FTRL,10,50,0,4124,0.111197,1017.569627,1,0.659
MNIST,FTRL,10,50,0,4125,0.369875,1017.939502,1,0.660
MNIST,FTRL,10,50,0,4126,0.258118,1018.197621,1,0.660
MNIST,FTRL,10,50,0,4127,0.175134,1018.372755,1,0.660
MNIST,FTRL,10,50,0,4128,0.287715,1018.660470,1,0.660
MNIST,FTRL,10,50,0,4129,0.293897,1018.954367,1,0.660
MNIST,FTRL,10,50,0,4130,0.231031,1019.185398,1,0.660
MNIST,FTRL,10,50,0,4131,0.213408,1019.398806,1,0.660
MNIST,FTRL,10,50,0,4132,0.117174,1019.515980,1,0.661
MNIST,FTRL,10,50,0,4133,0.145081,1019.661062,1,0.661
MNIST,FTRL,10,50,0,4134,0.208991,1019.870052,1,0.661
MNIST,FTRL,10,50,0,4135,0.397130,1020.267182,1,0.661
MNIST,FTRL,10,50,0,4136,0.237589,1020.504771,1,0.661
MNIST,FTRL,10,50,0,4137,0.148081,1020.652852,1,0.661
MNIST,FTRL,10,50,0,4138,0.221769,1020.874620,1,0.662
MNIST,FTRL,10,50,0,4139,0.228616,1021.103236,1,0.662
MNIST,FTRL,10,50,0,4140,0.080531,1021.183767,1,0.662
MNIST,FTRL,10,50,0,4141,0.369957,1021.553724,1,0.662
MNIST,FTRL,10,50,0,4142,0.277660,1021.831384,1,0.662
MNIST,FTRL,10,50,0,4143,0.127234,1021.958618,1,0.662
MNIST,FTRL,10,50,0,4144,0.317914,1022.276533,1,0.663
MNIST,FTRL,10,50,0,4145,0.154831,1022.431364,1,0.663
MNIST,FTRL,10,50,0,4146,0.274474,1022.705838,1,0.663
MNIST,FTRL,10,50,0,4147,0.386446,1023.092284,1,0.663
MNIST,FTRL,10,50,0,4148,0.097614,1023.189898,1,0.663
MNIST,FTRL,10,50,0,4149,0.301560,1023.491458,1,0.663
MNIST,FTRL,10,50,0,4150,0.185472,1023.676930,1,0.664
MNIST,FTRL,10,50,0,4151,0.127996,1023.804926,1,0.664
MNIST,FTRL,10,50,0,4152,0.131314,1023.936240,1,0.664
MNIST,FTRL,10,50,0,4153,0.247591,1024.183831,1,0.664
MNIST,FTRL,10,50,0,4154,0.167732,1024.351563,1,0.664
MNIST,FTRL,10,50,0,4155,0.274504,1024.626067,1,0.664
MNIST,FTRL,10,50,0,4156,0.337504,1024.963571,1,0.665
MNIST,FTRL,10,50,0,4157,0.320943,1025.284514,1,0.665
MNIST,FTRL,10,50,0,4158,0.094710,1025.379223,1,0.665
MNIST,FTRL,10,50,0,4159,0.136745,1025.515969,1,0.665
MNIST,FTRL,10,50,0,4160,0.221602,1025.737570,1,0.665
MNIST,FTRL,10,50,0,4161,0.291376,1026.028946,1,0.665
MNIST,FTRL,10,50,0,4162,0.178275,1026.207221,1,0.666
MNIST,FTRL,10,50,0,4163,0.129696,1026.336917,1,0.666
MNIST,FTRL,10,50,0,4164,0.285879,1026.622796,1,0.666
MNIST,FTRL,10,50,0,4165,0.468297,1027.091093,1,0.666
MNIST,FTRL,10,50,0,4166,0.194076,1027.285169,1,0.667
MNIST,FTRL,10,50,0,4167,0.216574,1027.501743,1,0.667
MNIST,FTRL,10,50,0,4168,0.245885,1027.747628,1,0.667
MNIST,FTRL,10,50,0,4169,0.394429,1028.142057,1,0.667
MNIST,FTRL,10,50,0,4170,0.202602,1028.344659,1,0.667
MNIST,FTRL,10,50,0,4171,0.181581,1028.526240,1,0.668
MNIST,FTRL,10,50,0,4172,0.489449,1029.015689,1,0.668
MNIST,FTRL,10,50,0,4173,0.187220,1029.202910,1,0.668
MNIST,FTRL,10,50,0,4174,0.096715,1029.299625,1,0.668
MNIST,FTRL,10,50,0,4175,0.182683,1029.482308,1,0.669
MNIST,FTRL,10,50,0,4176,0.250614,1029.732922,1,0.669
MNIST,FTRL,10,50,0,4177,0.248881,1029.981803,1,0.669
MNIST,FTRL,10,50,0,4178,0.337218,1030.319021,1,0.669
MNIST,FTRL,10,50,0,4179,0.256633,1030.575654,1,0.669
MNIST,FTRL,10,50,0,4180,0.090210,1030.665864,1,0.669
MNIST,FTRL,10,50,0,4181,0.173392,1030.839256,1,0.669
MNIST,FTRL,10,50,0,4182,0.148736,1030.987992,1,0.670
MNIST,FTRL,10,50,0,4183,0.213027,1031.201019,1,0.670
MNIST,FTRL,10,50,0,4184,0.524754,1031.725773,1,0.670
MNIST,FTRL,10,50,0,4185,0.076386,1031.802159,1,0.670
MNIST,FTRL,10,50,0,4186,0.145729,1031.947888,1,0.670
MNIST,FTRL,10,50,0,4187,0.241748,1032.189636,1,0.670
MNIST,FTRL,10,50,0,4188,0.318773,1032.508409,1,0.671
MNIST,FTRL,10,50,0,4189,0.211656,1032.720064,1,0.671
MNIST,FTRL,10,50,0,4190,0.311042,1033.031107,1,0.671
MNIST,FTRL,10,50,0,4191,0.189910,1033.221017,1,0.671
MNIST,FTRL,10,50,0,4192,0.226145,1033.447161,1,0.671
MNIST,FTRL,10,50,0,4193,0.186461,1033.633623,1,0.671
MNIST,FTRL,10,50,0,4194,0.142623,1033.776246,1,0.671
MNIST,FTRL,10,50,0,4195,0.345224,1034.121469,1,0.672
MNIST,FTRL,10,50,0,4196,0.207596,1034.329066,1,0.672
MNIST,FTRL,10,50,0,4197,0.161346,1034.490411,1,0.672
MNIST,FTRL,10,50,0,4198,0.228515,1034.718926,1,0.672
MNIST,FTRL,10,50,0,4199,0.049568,1034.768494,1,0.672
MNIST,FTRL,10,50,0,4200,0.092647,1034.861141,1,0.673
MNIST,FTRL,10,50,0,4201,0.455153,1035.316294,1,0.673
MNIST,FTRL,10,50,0,4202,0.234102,1035.550396,1,0.673
MNIST,FTRL,10,50,0,4203,0.167317,1035.717713,1,0.673
MNIST,FTRL,10,50,0,4204,0.250864,1035.968577,1,0.673
MNIST,FTRL,10,50,0,4205,0.141594,1036.110171,1,0.673
MNIST,FTRL,10,50,0,4206,0.188530,1036.298701,1,0.673
MNIST,FTRL,10,50,0,4207,0.346826,1036.645527,1,0.674
MNIST,FTRL,10,50,0,4208,0.231324,1036.876851,1,0.674
MNIST,FTRL,10,50,0,4209,0.111538,1036.988390,1,0.674
MNIST,FTRL,10,50,0,4210,0.265550,1037.253940,1,0.674
MNIST,FTRL,10,50,0,4211,0.219770,1037.473710,1,0.674
MNIST,FTRL,10,50,0,4212,0.230040,1037.703750,1,0.674
MNIST,FTRL,10,50,0,4213,0.241507,1037.945257,1,0.675
MNIST,FTRL,10,50,0,4214,0.159984,1038.105242,1,0.675
MNIST,FTRL,10,50,0,4215,0.128174,1038.233416,1,0.675
MNIST,FTRL,10,50,0,4216,0.318485,1038.551901,1,0.675
MNIST,FTRL,10,50,0,4217,0.116904,1038.668805,1,0.675
MNIST,FTRL,10,50,0,4218,0.136222,1038.805027,1,0.675
MNIST,FTRL,10,50,0,4219,0.391885,1039.196911,1,0.675
MNIST,FTRL,10,50,0,4220,0.344243,1039.541154,1,0.676
MNIST,FTRL,10,50,0,4221,0.273056,1039.814211,1,0.676
MNIST,FTRL,10,50,0,4222,0.185281,1039.999492,1,0.676
MNIST,FTRL,10,50,0,4223,0.295959,1040.295450,1,0.676
MNIST,FTRL,10,50,0,4224,0.199132,1040.494582,1,0.676
MNIST,FTRL,10,50,0,4225,0.185737,1040.680319,1,0.676
MNIST,FTRL,10,50,0,4226,0.302721,1040.983040,1,0.677
MNIST,FTRL,10,50,0,4227,0.308517,1041.291557,1,0.677
MNIST,FTRL,10,50,0,4228,0.314180,1041.605737,1,0.677
MNIST,FTRL,10,50,0,4229,0.302160,1041.907897,1,0.677
MNIST,FTRL,10,50,0,4230,0.266110,1042.174007,1,0.677
MNIST,FTRL,10,50,0,4231,0.276573,1042.450580,1,0.677
MNIST,FTRL,10,50,0,4232,0.205683,1042.656264,1,0.677
MNIST,FTRL,10,50,0,4233,0.145028,1042.801292,1,0.678
MNIST,FTRL,10,50,0,4234,0.235784,1043.037075,1,0.678
MNIST,FTRL,10,50,0,4235,0.277885,1043.314960,1,0.678
MNIST,FTRL,10,50,0,4236,0.302542,1043.617502,1,0.678
MNIST,FTRL,10,50,0,4237,0.315093,1043.932595,1,0.678
MNIST,FTRL,10,50,0,4238,0.123261,1044.055856,1,0.678
MNIST,FTRL,10,50,0,4239,0.277992,1044.333847,1,0.679
MNIST,FTRL,10,50,0,4240,0.203257,1044.537104,1,0.679
MNIST,FTRL,10,50,0,4241,0.280142,1044.817246,1,0.679
MNIST,FTRL,10,50,0,4242,0.333367,1045.150614,1,0.679
MNIST,FTRL,10,50,0,4243,0.335658,1045.486271,1,0.679
MNIST,FTRL,10,50,0,4244,0.256548,1045.742819,1,0.679
MNIST,FTRL,10,50,0,4245,0.193787,1045.936606,1,0.679
MNIST,FTRL,10,50,0,4246,0.289084,1046.225690,1,0.680
MNIST,FTRL,10,50,0,4247,0.263776,1046.489466,1,0.680
MNIST,FTRL,10,50,0,4248,0.341073,1046.830538,1,0.680
MNIST,FTRL,10,50,0,4249,0.173532,1047.004071,1,0.680
MNIST,FTRL,10,50,0,4250,0.266907,1047.270978,1,0.680
MNIST,FTRL,10,50,0,4251,0.130709,1047.401686,1,0.680
MNIST,FTRL,10,50,0,4252,0.185817,1047.587503,1,0.681
MNIST,FTRL,10,50,0,4253,0.204093,1047.791596,1,0.681
MNIST,FTRL,10,50,0,4254,0.345217,1048.136814,1,0.681
MNIST,FTRL,10,50,0,4255,0.243801,1048.380615,1,0.681
MNIST,FTRL,10,50,0,4256,0.339137,1048.719752,1,0.682
MNIST,FTRL,10,50,0,4257,0.320705,1049.040456,1,0.682
MNIST,FTRL,10,50,0,4258,0.377058,1049.417514,1,0.682
MNIST,FTRL,10,50,0,4259,0.142145,1049.559660,1,0.682
MNIST,FTRL,10,50,0,4260,0.072519,1049.632178,1,0.682
MNIST,FTRL,10,50,0,4261,0.253914,1049.886092,1,0.682
MNIST,FTRL,10,50,0,4262,0.231175,1050.117267,1,0.683
MNIST,FTRL,10,50,0,4263,0.204252,1050.321519,1,0.683
MNIST,FTRL,10,50,0,4264,0.496695,1050.818214,1,0.683
MNIST,FTRL,10,50,0,4265,0.224488,1051.042701,1,0.683
MNIST,FTRL,10,50,0,4266,0.250923,1051.293625,1,0.683
MNIST,FTRL,10,50,0,4267,0.151006,1051.444631,1,0.683
MNIST,FTRL,10,50,0,4268,0.238771,1051.683402,1,0.683
MNIST,FTRL,10,50,0,4269,0.172164,1051.855566,1,0.684
MNIST,FTRL,10,50,0,4270,0.374648,1052.230213,1,0.684
MNIST,FTRL,10,50,0,4271,0.538605,1052.768818,1,0.684
MNIST,FTRL,10,50,0,4272,0.152519,1052.921337,1,0.684
MNIST,FTRL,10,50,0,4273,0.261947,1053.183284,1,0.684
MNIST,FTRL,10,50,0,4274,0.237804,1053.421088,1,0.684
MNIST,FTRL,10,50,0,4275,0.252302,1053.673390,1,0.684
MNIST,FTRL,10,50,0,4276,0.192167,1053.865557,1,0.685
MNIST,FTRL,10,50,0,4277,0.351336,1054.216893,1,0.685
MNIST,FTRL,10,50,0,4278,0.280561,1054.497454,1,0.685
MNIST,FTRL,10,50,0,4279,0.403153,1054.900606,1,0.685
MNIST,FTRL,10,50,0,4280,0.123751,1055.024358,1,0.685
MNIST,FTRL,10,50,0,4281,0.174312,1055.198669,1,0.685
MNIST,FTRL,10,50,0,4282,0.108377,1055.307046,1,0.686
MNIST,FTRL,10,50,0,4283,0.203910,1055.510956,1,0.686
MNIST,FTRL,10,50,0,4284,0.127882,1055.638839,1,0.686
MNIST,FTRL,10,50,0,4285,0.319817,1055.958655,1,0.686
MNIST,FTRL,10,50,0,4286,0.252751,1056.211406,1,0.686
MNIST,FTRL,10,50,0,4287,0.380181,1056.591587,1,0.686
MNIST,FTRL,10,50,0,4288,0.129170,1056.720757,1,0.687
MNIST,FTRL,10,50,0,4289,0.200347,1056.921104,1,0.687
MNIST,FTRL,10,50,0,4290,0.105121,1057.026225,1,0.687
MNIST,FTRL,10,50,0,4291,0.266289,1057.292515,1,0.687
MNIST,FTRL,10,50,0,4292,0.278517,1057.571031,1,0.687
MNIST,FTRL,10,50,0,4293,0.283204,1057.854235,1,0.687
MNIST,FTRL,10,50,0,4294,0.087584,1057.941819,1,0.687
MNIST,FTRL,10,50,0,4295,0.351788,1058.293607,1,0.688
MNIST,FTRL,10,50,0,4296,0.155825,1058.449432,1,0.688
MNIST,FTRL,10,50,0,4297,0.228648,1058.678080,1,0.688
MNIST,FTRL,10,50,0,4298,0.186447,1058.864527,1,0.688
MNIST,FTRL,10,50,0,4299,0.204286,1059.068813,1,0.688
MNIST,FTRL,10,50,0,4300,0.136914,1059.205727,1,0.688
MNIST,FTRL,10,50,0,4301,0.265635,1059.471362,1,0.689
MNIST,FTRL,10,50,0,4302,0.152616,1059.623978,1,0.689
MNIST,FTRL,10,50,0,4303,0.456743,1060.080721,1,0.689
MNIST,FTRL,10,50,0,4304,0.206094,1060.286815,1,0.689
MNIST,FTRL,10,50,0,4305,0.321240,1060.608055,1,0.689
MNIST,FTRL,10,50,0,4306,0.092887,1060.700942,1,0.689
MNIST,FTRL,10,50,0,4307,0.206308,1060.907250,1,0.690
MNIST,FTRL,10,50,0,4308,0.407051,1061.314301,1,0.690
MNIST,FTRL,10,50,0,4309,0.175432,1061.489732,1,0.690
MNIST,FTRL,10,50,0,4310,0.218145,1061.707877,1,0.690
MNIST,FTRL,10,50,0,4311,0.145595,1061.853473,1,0.690
MNIST,FTRL,10,50,0,4312,0.143220,1061.996693,1,0.690
MNIST,FTRL,10,50,0,4313,0.214390,1062.211083,1,0.690
MNIST,FTRL,10,50,0,4314,0.453874,1062.664957,1,0.691
MNIST,FTRL,10,50,0,4315,0.189010,1062.853967,1,0.691
MNIST,FTRL,10,50,0,4316,0.274619,1063.128586,1,0.691
MNIST,FTRL,10,50,0,4317,0.138267,1063.266853,1,0.691
MNIST,FTRL,10,50,0,4318,0.325795,1063.592648,1,0.691
MNIST,FTRL,10,50,0,4319,0.398418,1063.991066,1,0.691
MNIST,FTRL,10,50,0,4320,0.163863,1064.154929,1,0.692
MNIST,FTRL,10,50,0,4321,0.137604,1064.292533,1,0.692
MNIST,FTRL,10,50,0,4322,0.190238,1064.482772,1,0.692
MNIST,FTRL,10,50,0,4323,0.268758,1064.751530,1,0.692
MNIST,FTRL,10,50,0,4324,0.156089,1064.907619,1,0.692
MNIST,FTRL,10,50,0,4325,0.287688,1065.195307,1,0.692
MNIST,FTRL,10,50,0,4326,0.390414,1065.585720,1,0.693
MNIST,FTRL,10,50,0,4327,0.250162,1065.835882,1,0.693
MNIST,FTRL,10,50,0,4328,0.239453,1066.075334,1,0.693
MNIST,FTRL,10,50,0,4329,0.176313,1066.251647,1,0.693
MNIST,FTRL,10,50,0,4330,0.305645,1066.557292,1,0.693
MNIST,FTRL,10,50,0,4331,0.284041,1066.841333,1,0.693
MNIST,FTRL,10,50,0,4332,0.273208,1067.114541,1,0.694
MNIST,FTRL,10,50,0,4333,0.141591,1067.256132,1,0.694
MNIST,FTRL,10,50,0,4334,0.273548,1067.529680,1,0.694
MNIST,FTRL,10,50,0,4335,0.304940,1067.834620,1,0.694
MNIST,FTRL,10,50,0,4336,0.103559,1067.938178,1,0.694
MNIST,FTRL,10,50,0,4337,0.312929,1068.251107,1,0.694
MNIST,FTRL,10,50,0,4338,0.182935,1068.434042,1,0.695
MNIST,FTRL,10,50,0,4339,0.230275,1068.664317,1,0.695
MNIST,FTRL,10,50,0,4340,0.351795,1069.016112,1,0.695
MNIST,FTRL,10,50,0,4341,0.301349,1069.317461,1,0.695
MNIST,FTRL,10,50,0,4342,0.300134,1069.617596,1,0.695
MNIST,FTRL,10,50,0,4343,0.408076,1070.025672,1,0.696
MNIST,FTRL,10,50,0,4344,0.504682,1070.530353,1,0.696
MNIST,FTRL,10,50,0,4345,0.299088,1070.829441,1,0.696
MNIST,FTRL,10,50,0,4346,0.267844,1071.097285,1,0.696
MNIST,FTRL,10,50,0,4347,0.233688,1071.330972,1,0.696
MNIST,FTRL,10,50,0,4348,0.190313,1071.521285,1,0.696
MNIST,FTRL,10,50,0,4349,0.234176,1071.755461,1,0.696
MNIST,FTRL,10,50,0,4350,0.199998,1071.955459,1,0.697
MNIST,FTRL,10,50,0,4351,0.145506,1072.100965,1,0.697
MNIST,FTRL,10,50,0,4352,0.217645,1072.318610,1,0.697
MNIST,FTRL,10,50,0,4353,0.322373,1072.640984,1,0.697
MNIST,FTRL,10,50,0,4354,0.248884,1072.889867,1,0.697
MNIST,FTRL,10,50,0,4355,0.156898,1073.046765,1,0.698
MNIST,FTRL,10,50,0,4356,0.175147,1073.221912,1,0.698
MNIST,FTRL,10,50,0,4357,0.195002,1073.416913,1,0.698
MNIST,FTRL,10,50,0,4358,0.143175,1073.560089,1,0.698
MNIST,FTRL,10,50,0,4359,0.221386,1073.781475,1,0.698
MNIST,FTRL,10,50,0,4360,0.236801,1074.018276,1,0.698
MNIST,FTRL,10,50,0,4361,0.333049,1074.351325,1,0.698
MNIST,FTRL,10,50,0,4362,0.282382,1074.633706,1,0.699
MNIST,FTRL,10,50,0,4363,0.258906,1074.892612,1,0.699
MNIST,FTRL,10,50,0,4364,0.133893,1075.026506,1,0.699
MNIST,FTRL,10,50,0,4365,0.409167,1075.435672,1,0.699
MNIST,FTRL,10,50,0,4366,0.358785,1075.794457,1,0.699
MNIST,FTRL,10,50,0,4367,0.334563,1076.129020,1,0.699
MNIST,FTRL,10,50,0,4368,0.229694,1076.358715,1,0.700
MNIST,FTRL,10,50,0,4369,0.186702,1076.545416,1,0.700
MNIST,FTRL,10,50,0,4370,0.265302,1076.810719,1,0.700
MNIST,FTRL,10,50,0,4371,0.307707,1077.118426,1,0.700
MNIST,FTRL,10,50,0,4372,0.170736,1077.289162,1,0.700
MNIST,FTRL,10,50,0,4373,0.187949,1077.477110,1,0.700
MNIST,FTRL,10,50,0,4374,0.366336,1077.843447,1,0.700
MNIST,FTRL,10,50,0,4375,0.145403,1077.988850,1,0.701
MNIST,FTRL,10,50,0,4376,0.185092,1078.173942,1,0.701
MNIST,FTRL,10,50,0,4377,0.352492,1078.526433,1,0.701
MNIST,FTRL,10,50,0,4378,0.071657,1078.598090,1,0.701
MNIST,FTRL,10,50,0,4379,0.224467,1078.822557,1,0.701
MNIST,FTRL,10,50,0,4380,0.112576,1078.935133,1,0.701
MNIST,FTRL,10,50,0,4381,0.098778,1079.033910,1,0.702
MNIST,FTRL,10,50,0,4382,0.146951,1079.180862,1,0.702
MNIST,FTRL,10,50,0,4383,0.204002,1079.384864,1,0.702
MNIST,FTRL,10,50,0,4384,0.144549,1079.529413,1,0.702
MNIST,FTRL,10,50,0,4385,0.278517,1079.807930,1,0.702
MNIST,FTRL,10,50,0,4386,0.336540,1080.144470,1,0.702
MNIST,FTRL,10,50,0,4387,0.174448,1080.318917,1,0.702
MNIST,FTRL,10,50,0,4388,0.311022,1080.629940,1,0.703
MNIST,FTRL,10,50,0,4389,0.269867,1080.899807,1,0.703
MNIST,FTRL,10,50,0,4390,0.190648,1081.090455,1,0.703
MNIST,FTRL,10,50,0,4391,0.235332,1081.325786,1,0.703
MNIST,FTRL,10,50,0,4392,0.225135,1081.550921,1,0.703
MNIST,FTRL,10,50,0,4393,0.271207,1081.822128,1,0.703
MNIST,FTRL,10,50,0,4394,0.183272,1082.005400,1,0.704
MNIST,FTRL,10,50,0,4395,0.186878,1082.192278,1,0.704
MNIST,FTRL,10,50,0,4396,0.126963,1082.319241,1,0.704
MNIST,FTRL,10,50,0,4397,0.385625,1082.704865,1,0.704
MNIST,FTRL,10,50,0,4398,0.452230,1083.157096,1,0.704
MNIST,FTRL,10,50,0,4399,0.215996,1083.373091,1,0.704
MNIST,FTRL,10,50,0,4400,0.106791,1083.479882,1,0.705
MNIST,FTRL,10,50,0,4401,0.387538,1083.867420,1,0.705
MNIST,FTRL,10,50,0,4402,0.179135,1084.046555,1,0.705
MNIST,FTRL,10,50,0,4403,0.170927,1084.217482,1,0.705
MNIST,FTRL,10,50,0,4404,0.203668,1084.421150,1,0.705
MNIST,FTRL,10,50,0,4405,0.218687,1084.639837,1,0.705
MNIST,FTRL,10,50,0,4406,0.261648,1084.901485,1,0.706
MNIST,FTRL,10,50,0,4407,0.190105,1085.091589,1,0.706
MNIST,FTRL,10,50,0,4408,0.122070,1085.213659,1,0.706
MNIST,FTRL,10,50,0,4409,0.220494,1085.434153,1,0.706
MNIST,FTRL,10,50,0,4410,0.223387,1085.657539,1,0.706
MNIST,FTRL,10,50,0,4411,0.068030,1085.725569,1,0.706
MNIST,FTRL,10,50,0,4412,0.191925,1085.917494,1,0.706
MNIST,FTRL,10,50,0,4413,0.182423,1086.099916,1,0.707
MNIST,FTRL,10,50,0,4414,0.195160,1086.295076,1,0.707
MNIST,FTRL,10,50,0,4415,0.277543,1086.572619,1,0.707
MNIST,FTRL,10,50,0,4416,0.082974,1086.655593,1,0.707
MNIST,FTRL,10,50,0,4417,0.240943,1086.896536,1,0.707
MNIST,FTRL,10,50,0,4418,0.207539,1087.104075,1,0.707
MNIST,FTRL,10,50,0,4419,0.188312,1087.292388,1,0.707
MNIST,FTRL,10,50,0,4420,0.258188,1087.550576,1,0.708
MNIST,FTRL,10,50,0,4421,0.314592,1087.865168,1,0.708
MNIST,FTRL,10,50,0,4422,0.133652,1087.998820,1,0.708
MNIST,FTRL,10,50,0,4423,0.230882,1088.229702,1,0.708
MNIST,FTRL,10,50,0,4424,0.252595,1088.482297,1,0.709
MNIST,FTRL,10,50,0,4425,0.118227,1088.600525,1,0.709
MNIST,FTRL,10,50,0,4426,0.190128,1088.790653,1,0.709
MNIST,FTRL,10,50,0,4427,0.171961,1088.962614,1,0.709
MNIST,FTRL,10,50,0,4428,0.406088,1089.368702,1,0.709
MNIST,FTRL,10,50,0,4429,0.339094,1089.707795,1,0.709
MNIST,FTRL,10,50,0,4430,0.149172,1089.856967,1,0.710
MNIST,FTRL,10,50,0,4431,0.299993,1090.156960,1,0.710
MNIST,FTRL,10,50,0,4432,0.204172,1090.361132,1,0.710
MNIST,FTRL,10,50,0,4433,0.230814,1090.591946,1,0.710
MNIST,FTRL,10,50,0,4434,0.206089,1090.798035,1,0.710
MNIST,FTRL,10,50,0,4435,0.239621,1091.037656,1,0.710
MNIST,FTRL,10,50,0,4436,0.214822,1091.252479,1,0.710
MNIST,FTRL,10,50,0,4437,0.206959,1091.459438,1,0.711
MNIST,FTRL,10,50,0,4438,0.214674,1091.674113,1,0.711
MNIST,FTRL,10,50,0,4439,0.248149,1091.922261,1,0.711
MNIST,FTRL,10,50,0,4440,0.214310,1092.136571,1,0.711
MNIST,FTRL,10,50,0,4441,0.091544,1092.228115,1,0.711
MNIST,FTRL,10,50,0,4442,0.256747,1092.484862,1,0.711
MNIST,FTRL,10,50,0,4443,0.269933,1092.754796,1,0.712
MNIST,FTRL,10,50,0,4444,0.269545,1093.024341,1,0.712
MNIST,FTRL,10,50,0,4445,0.262006,1093.286347,1,0.712
MNIST,FTRL,10,50,0,4446,0.223586,1093.509933,1,0.712
MNIST,FTRL,10,50,0,4447,0.255940,1093.765872,1,0.712
MNIST,FTRL,10,50,0,4448,0.346981,1094.112854,1,0.712
MNIST,FTRL,10,50,0,4449,0.300095,1094.412948,1,0.712
MNIST,FTRL,10,50,0,4450,0.192795,1094.605744,1,0.713
MNIST,FTRL,10,50,0,4451,0.449095,1095.054839,1,0.713
MNIST,FTRL,10,50,0,4452,0.161446,1095.216285,1,0.713
MNIST,FTRL,10,50,0,4453,0.258462,1095.474747,1,0.713
MNIST,FTRL,10,50,0,4454,0.338201,1095.812948,1,0.713
MNIST,FTRL,10,50,0,4455,0.196733,1096.009682,1,0.713
MNIST,FTRL,10,50,0,4456,0.257919,1096.267601,1,0.714
MNIST,FTRL,10,50,0,4457,0.088067,1096.355668,1,0.714
MNIST,FTRL,10,50,0,4458,0.150669,1096.506338,1,0.714
MNIST,FTRL,10,50,0,4459,0.255681,1096.762018,1,0.714
MNIST,FTRL,10,50,0,4460,0.139909,1096.901927,1,0.714
MNIST,FTRL,10,50,0,4461,0.145917,1097.047844,1,0.714
MNIST,FTRL,10,50,0,4462,0.280629,1097.328474,1,0.715
MNIST,FTRL,10,50,0,4463,0.171747,1097.500221,1,0.715
MNIST,FTRL,10,50,0,4464,0.458363,1097.958583,1,0.715
MNIST,FTRL,10,50,0,4465,0.192612,1098.151196,1,0.715
MNIST,FTRL,10,50,0,4466,0.177154,1098.328350,1,0.715
MNIST,FTRL,10,50,0,4467,0.295331,1098.623681,1,0.715
MNIST,FTRL,10,50,0,4468,0.206646,1098.830327,1,0.715
MNIST,FTRL,10,50,0,4469,0.150460,1098.980787,1,0.716
MNIST,FTRL,10,50,0,4470,0.120407,1099.101193,1,0.716
MNIST,FTRL,10,50,0,4471,0.238711,1099.339904,1,0.716
MNIST,FTRL,10,50,0,4472,0.412483,1099.752387,1,0.716
MNIST,FTRL,10,50,0,4473,0.459078,1100.211465,1,0.716
MNIST,FTRL,10,50,0,4474,0.321745,1100.533210,1,0.716
MNIST,FTRL,10,50,0,4475,0.151439,1100.684649,1,0.717
MNIST,FTRL,10,50,0,4476,0.131852,1100.816500,1,0.717
MNIST,FTRL,10,50,0,4477,0.230354,1101.046855,1,0.717
MNIST,FTRL,10,50,0,4478,0.233175,1101.280030,1,0.717
MNIST,FTRL,10,50,0,4479,0.417664,1101.697694,1,0.717
MNIST,FTRL,10,50,0,4480,0.396644,1102.094339,1,0.717
MNIST,FTRL,10,50,0,4481,0.282519,1102.376858,1,0.717
MNIST,FTRL,10,50,0,4482,0.238053,1102.614911,1,0.718
MNIST,FTRL,10,50,0,4483,0.147921,1102.762832,1,0.718
MNIST,FTRL,10,50,0,4484,0.500109,1103.262941,1,0.718
MNIST,FTRL,10,50,0,4485,0.283871,1103.546812,1,0.718
MNIST,FTRL,10,50,0,4486,0.281889,1103.828701,1,0.718
MNIST,FTRL,10,50,0,4487,0.260751,1104.089452,1,0.718
MNIST,FTRL,10,50,0,4488,0.169538,1104.258990,1,0.719
MNIST,FTRL,10,50,0,4489,0.154044,1104.413035,1,0.719
MNIST,FTRL,10,50,0,4490,0.047709,1104.460744,1,0.719
MNIST,FTRL,10,50,0,4491,0.140546,1104.601290,1,0.719
MNIST,FTRL,10,50,0,4492,0.389795,1104.991085,1,0.719
MNIST,FTRL,10,50,0,4493,0.221023,1105.212108,1,0.719
MNIST,FTRL,10,50,0,4494,0.291672,1105.503780,1,0.719
MNIST,FTRL,10,50,0,4495,0.157435,1105.661215,1,0.720
MNIST,FTRL,10,50,0,4496,0.220518,1105.881734,1,0.720
MNIST,FTRL,10,50,0,4497,0.157228,1106.038961,1,0.720
MNIST,FTRL,10,50,0,4498,0.221337,1106.260298,1,0.720
MNIST,FTRL,10,50,0,4499,0.340085,1106.600384,1,0.720
MNIST,FTRL,10,50,0,4500,0.334291,1106.934675,1,0.720
MNIST,FTRL,10,50,0,4501,0.186938,1107.121613,1,0.721
MNIST,FTRL,10,50,0,4502,0.232868,1107.354481,1,0.721
MNIST,FTRL,10,50,0,4503,0.215408,1107.569889,1,0.721
MNIST,FTRL,10,50,0,4504,0.300973,1107.870862,1,0.721
MNIST,FTRL,10,50,0,4505,0.159377,1108.030239,1,0.721
MNIST,FTRL,10,50,0,4506,0.382730,1108.412968,1,0.721
MNIST,FTRL,10,50,0,4507,0.265289,1108.678257,1,0.722
MNIST,FTRL,10,50,0,4508,0.220073,1108.898330,1,0.722
MNIST,FTRL,10,50,0,4509,0.197882,1109.096213,1,0.722
MNIST,FTRL,10,50,0,4510,0.328920,1109.425133,1,0.722
MNIST,FTRL,10,50,0,4511,0.200898,1109.626030,1,0.722
MNIST,FTRL,10,50,0,4512,0.242970,1109.869000,1,0.722
MNIST,FTRL,10,50,0,4513,0.077590,1109.946591,1,0.722
MNIST,FTRL,10,50,0,4514,0.327021,1110.273612,1,0.723
MNIST,FTRL,10,50,0,4515,0.139530,1110.413142,1,0.723
MNIST,FTRL,10,50,0,4516,0.360332,1110.773474,1,0.723
MNIST,FTRL,10,50,0,4517,0.207274,1110.980748,1,0.723
MNIST,FTRL,10,50,0,4518,0.295591,1111.276339,1,0.723
MNIST,FTRL,10,50,0,4519,0.345877,1111.622216,1,0.723
MNIST,FTRL,10,50,0,4520,0.244340,1111.866556,1,0.724
MNIST,FTRL,10,50,0,4521,0.351990,1112.218546,1,0.724
MNIST,FTRL,10,50,0,4522,0.233311,1112.451857,1,0.724
MNIST,FTRL,10,50,0,4523,0.226040,1112.677898,1,0.724
MNIST,FTRL,10,50,0,4524,0.358099,1113.035997,1,0.724
MNIST,FTRL,10,50,0,4525,0.266377,1113.302374,1,0.724
MNIST,FTRL,10,50,0,4526,0.050523,1113.352897,1,0.724
MNIST,FTRL,10,50,0,4527,0.497933,1113.850830,1,0.725
MNIST,FTRL,10,50,0,4528,0.126067,1113.976897,1,0.725
MNIST,FTRL,10,50,0,4529,0.231556,1114.208453,1,0.725
MNIST,FTRL,10,50,0,4530,0.175689,1114.384142,1,0.725
MNIST,FTRL,10,50,0,4531,0.141615,1114.525757,1,0.725
MNIST,FTRL,10,50,0,4532,0.246088,1114.771845,1,0.725
MNIST,FTRL,10,50,0,4533,0.113579,1114.885423,1,0.726
MNIST,FTRL,10,50,0,4534,0.130338,1115.015762,1,0.726
MNIST,FTRL,10,50,0,4535,0.158652,1115.174414,1,0.726
MNIST,FTRL,10,50,0,4536,0.286918,1115.461332,1,0.726
MNIST,FTRL,10,50,0,4537,0.293702,1115.755034,1,0.726
MNIST,FTRL,10,50,0,4538,0.351108,1116.106142,1,0.726
MNIST,FTRL,10,50,0,4539,0.222651,1116.328793,1,0.726
MNIST,FTRL,10,50,0,4540,0.174506,1116.503298,1,0.727
MNIST,FTRL,10,50,0,4541,0.192905,1116.696204,1,0.727
MNIST,FTRL,10,50,0,4542,0.346973,1117.043176,1,0.727
MNIST,FTRL,10,50,0,4543,0.185454,1117.228631,1,0.727
MNIST,FTRL,10,50,0,4544,0.363844,1117.592474,1,0.727
MNIST,FTRL,10,50,0,4545,0.353406,1117.945880,1,0.727
MNIST,FTRL,10,50,0,4546,0.243519,1118.189400,1,0.728
MNIST,FTRL,10,50,0,4547,0.310626,1118.500026,1,0.728
MNIST,FTRL,10,50,0,4548,0.137296,1118.637322,1,0.728
MNIST,FTRL,10,50,0,4549,0.281279,1118.918601,1,0.728
MNIST,FTRL,10,50,0,4550,0.262091,1119.180692,1,0.728
MNIST,FTRL,10,50,0,4551,0.163603,1119.344295,1,0.728
MNIST,FTRL,10,50,0,4552,0.312368,1119.656663,1,0.729
MNIST,FTRL,10,50,0,4553,0.175215,1119.831878,1,0.729
MNIST,FTRL,10,50,0,4554,0.086453,1119.918331,1,0.729
MNIST,FTRL,10,50,0,4555,0.322138,1120.240469,1,0.729
MNIST,FTRL,10,50,0,4556,0.381694,1120.622164,1,0.729
MNIST,FTRL,10,50,0,4557,0.308299,1120.930463,1,0.729
MNIST,FTRL,10,50,0,4558,0.231141,1121.161604,1,0.730
MNIST,FTRL,10,50,0,4559,0.124334,1121.285938,1,0.730
MNIST,FTRL,10,50,0,4560,0.121637,1121.407575,1,0.730
MNIST,FTRL,10,50,0,4561,0.429087,1121.836662,1,0.730
MNIST,FTRL,10,50,0,4562,0.251294,1122.087955,1,0.730
MNIST,FTRL,10,50,0,4563,0.369962,1122.457918,1,0.730
MNIST,FTRL,10,50,0,4564,0.200981,1122.658899,1,0.730
MNIST,FTRL,10,50,0,4565,0.177960,1122.836859,1,0.731
MNIST,FTRL,10,50,0,4566,0.162875,1122.999733,1,0.731
MNIST,FTRL,10,50,0,4567,0.239742,1123.239475,1,0.731
MNIST,FTRL,10,50,0,4568,0.205194,1123.444669,1,0.731
MNIST,FTRL,10,50,0,4569,0.075856,1123.520525,1,0.731
MNIST,FTRL,10,50,0,4570,0.188267,1123.708792,1,0.731
MNIST,FTRL,10,50,0,4571,0.375501,1124.084293,1,0.731
MNIST,FTRL,10,50,0,4572,0.368052,1124.452345,1,0.732
MNIST,FTRL,10,50,0,4573,0.149737,1124.602082,1,0.732
MNIST,FTRL,10,50,0,4574,0.117659,1124.719741,1,0.732
MNIST,FTRL,10,50,0,4575,0.302034,1125.021775,1,0.732
MNIST,FTRL,10,50,0,4576,0.180783,1125.202558,1,0.732
MNIST,FTRL,10,50,0,4577,0.222715,1125.425272,1,0.732
MNIST,FTRL,10,50,0,4578,0.187099,1125.612371,1,0.733
MNIST,FTRL,10,50,0,4579,0.086181,1125.698552,1,0.733
MNIST,FTRL,10,50,0,4580,0.194405,1125.892957,1,0.733
MNIST,FTRL,10,50,0,4581,0.275331,1126.168288,1,0.733
MNIST,FTRL,10,50,0,4582,0.140012,1126.308300,1,0.733
MNIST,FTRL,10,50,0,4583,0.145932,1126.454233,1,0.733
MNIST,FTRL,10,50,0,4584,0.228911,1126.683144,1,0.733
MNIST,FTRL,10,50,0,4585,0.136111,1126.819255,1,0.734
MNIST,FTRL,10,50,0,4586,0.251206,1127.070461,1,0.734
MNIST,FTRL,10,50,0,4587,0.264336,1127.334797,1,0.734
MNIST,FTRL,10,50,0,4588,0.169931,1127.504728,1,0.734
MNIST,FTRL,10,50,0,4589,0.303879,1127.808606,1,0.734
MNIST,FTRL,10,50,0,4590,0.121806,1127.930412,1,0.734
MNIST,FTRL,10,50,0,4591,0.222953,1128.153365,1,0.735
MNIST,FTRL,10,50,0,4592,0.420895,1128.574260,1,0.735
MNIST,FTRL,10,50,0,4593,0.170704,1128.744964,1,0.735
MNIST,FTRL,10,50,0,4594,0.195701,1128.940665,1,0.735
MNIST,FTRL,10,50,0,4595,0.274801,1129.215466,1,0.735
MNIST,FTRL,10,50,0,4596,0.309529,1129.524994,1,0.735
MNIST,FTRL,10,50,0,4597,0.169168,1129.694163,1,0.735
MNIST,FTRL,10,50,0,4598,0.252869,1129.947031,1,0.736
MNIST,FTRL,10,50,0,4599,0.203925,1130.150957,1,0.736
MNIST,FTRL,10,50,0,4600,0.249468,1130.400425,1,0.736
MNIST,FTRL,10,50,0,4601,0.306661,1130.707086,1,0.736
MNIST,FTRL,10,50,0,4602,0.214373,1130.921459,1,0.736
MNIST,FTRL,10,50,0,4603,0.460410,1131.381869,1,0.736
MNIST,FTRL,10,50,0,4604,0.281787,1131.663656,1,0.737
MNIST,FTRL,10,50,0,4605,0.390059,1132.053715,1,0.737
MNIST,FTRL,10,50,0,4606,0.161227,1132.214942,1,0.737
MNIST,FTRL,10,50,0,4607,0.198216,1132.413158,1,0.737
MNIST,FTRL,10,50,0,4608,0.094783,1132.507941,1,0.737
MNIST,FTRL,10,50,0,4609,0.131173,1132.639114,1,0.737
MNIST,FTRL,10,50,0,4610,0.289394,1132.928508,1,0.738
MNIST,FTRL,10,50,0,4611,0.094838,1133.023346,1,0.738
MNIST,FTRL,10,50,0,4612,0.101913,1133.125260,1,0.738
MNIST,FTRL,10,50,0,4613,0.124010,1133.249270,1,0.738
MNIST,FTRL,10,50,0,4614,0.217198,1133.466468,1,0.738
MNIST,FTRL,10,50,0,4615,0.273595,1133.740063,1,0.738
MNIST,FTRL,10,50,0,4616,0.284044,1134.024107,1,0.738
MNIST,FTRL,10,50,0,4617,0.384645,1134.408752,1,0.739
MNIST,FTRL,10,50,0,4618,0.070659,1134.479411,1,0.739
MNIST,FTRL,10,50,0,4619,0.262218,1134.741629,1,0.739
MNIST,FTRL,10,50,0,4620,0.266680,1135.008309,1,0.739
MNIST,FTRL,10,50,0,4621,0.094913,1135.103222,1,0.739
MNIST,FTRL,10,50,0,4622,0.177542,1135.280765,1,0.740
MNIST,FTRL,10,50,0,4623,0.322370,1135.603135,1,0.740
MNIST,FTRL,10,50,0,4624,0.201208,1135.804343,1,0.740
MNIST,FTRL,10,50,0,4625,0.248334,1136.052677,1,0.740
MNIST,FTRL,10,50,0,4626,0.124280,1136.176957,1,0.740
MNIST,FTRL,10,50,0,4627,0.224301,1136.401258,1,0.740
MNIST,FTRL,10,50,0,4628,0.158582,1136.559839,1,0.741
MNIST,FTRL,10,50,0,4629,0.240458,1136.800298,1,0.741
MNIST,FTRL,10,50,0,4630,0.396445,1137.196743,1,0.741
MNIST,FTRL,10,50,0,4631,0.522422,1137.719165,1,0.741
MNIST,FTRL,10,50,0,4632,0.288985,1138.008150,1,0.741
MNIST,FTRL,10,50,0,4633,0.300923,1138.309073,1,0.741
MNIST,FTRL,10,50,0,4634,0.173015,1138.482087,1,0.742
MNIST,FTRL,10,50,0,4635,0.243880,1138.725967,1,0.742
MNIST,FTRL,10,50,0,4636,0.174760,1138.900726,1,0.742
MNIST,FTRL,10,50,0,4637,0.073186,1138.973912,1,0.742
MNIST,FTRL,10,50,0,4638,0.296994,1139.270906,1,0.742
MNIST,FTRL,10,50,0,4639,0.061490,1139.332396,1,0.742
MNIST,FTRL,10,50,0,4640,0.176891,1139.509287,1,0.742
MNIST,FTRL,10,50,0,4641,0.187390,1139.696677,1,0.743
MNIST,FTRL,10,50,0,4642,0.346440,1140.043118,1,0.743
MNIST,FTRL,10,50,0,4643,0.342901,1140.386019,1,0.743
MNIST,FTRL,10,50,0,4644,0.180973,1140.566992,1,0.743
MNIST,FTRL,10,50,0,4645,0.173471,1140.740463,1,0.743
MNIST,FTRL,10,50,0,4646,0.281631,1141.022094,1,0.743
MNIST,FTRL,10,50,0,4647,0.326534,1141.348628,1,0.744
MNIST,FTRL,10,50,0,4648,0.189169,1141.537797,1,0.744
MNIST,FTRL,10,50,0,4649,0.313904,1141.851701,1,0.744
MNIST,FTRL,10,50,0,4650,0.342319,1142.194020,1,0.744
MNIST,FTRL,10,50,0,4651,0.224811,1142.418831,1,0.744
MNIST,FTRL,10,50,0,4652,0.289788,1142.708619,1,0.744
MNIST,FTRL,10,50,0,4653,0.528859,1143.237478,1,0.745
MNIST,FTRL,10,50,0,4654,0.203133,1143.440610,1,0.745
MNIST,FTRL,10,50,0,4655,0.144808,1143.585418,1,0.745
MNIST,FTRL,10,50,0,4656,0.228642,1143.814060,1,0.745
MNIST,FTRL,10,50,0,4657,0.285017,1144.099077,1,0.745
MNIST,FTRL,10,50,0,4658,0.169519,1144.268597,1,0.745
MNIST,FTRL,10,50,0,4659,0.458740,1144.727336,1,0.746
MNIST,FTRL,10,50,0,4660,0.285676,1145.013012,1,0.746
MNIST,FTRL,10,50,0,4661,0.358909,1145.371920,1,0.746
MNIST,FTRL,10,50,0,4662,0.181802,1145.553722,1,0.746
MNIST,FTRL,10,50,0,4663,0.374761,1145.928483,1,0.746
MNIST,FTRL,10,50,0,4664,0.334249,1146.262732,1,0.746
MNIST,FTRL,10,50,0,4665,0.328289,1146.591021,1,0.746
MNIST,FTRL,10,50,0,4666,0.241372,1146.832393,1,0.747
MNIST,FTRL,10,50,0,4667,0.368437,1147.200830,1,0.747
MNIST,FTRL,10,50,0,4668,0.196172,1147.397002,1,0.747
MNIST,FTRL,10,50,0,4669,0.267334,1147.664336,1,0.747
MNIST,FTRL,10,50,0,4670,0.203469,1147.867805,1,0.747
MNIST,FTRL,10,50,0,4671,0.439738,1148.307544,1,0.747
MNIST,FTRL,10,50,0,4672,0.294082,1148.601625,1,0.748
MNIST,FTRL,10,50,0,4673,0.220421,1148.822046,1,0.748
MNIST,FTRL,10,50,0,4674,0.347574,1149.169620,1,0.748
MNIST,FTRL,10,50,0,4675,0.208802,1149.378422,1,0.748
MNIST,FTRL,10,50,0,4676,0.254102,1149.632524,1,0.748
MNIST,FTRL,10,50,0,4677,0.206845,1149.839369,1,0.748
MNIST,FTRL,10,50,0,4678,0.275395,1150.114764,1,0.748
MNIST,FTRL,10,50,0,4679,0.246878,1150.361643,1,0.749
MNIST,FTRL,10,50,0,4680,0.264637,1150.626280,1,0.749
MNIST,FTRL,10,50,0,4681,0.373012,1150.999291,1,0.749
MNIST,FTRL,10,50,0,4682,0.202372,1151.201663,1,0.749
MNIST,FTRL,10,50,0,4683,0.259341,1151.461004,1,0.749
MNIST,FTRL,10,50,0,4684,0.247587,1151.708590,1,0.749
MNIST,FTRL,10,50,0,4685,0.274627,1151.983217,1,0.749
MNIST,FTRL,10,50,0,4686,0.450581,1152.433798,1,0.750
MNIST,FTRL,10,50,0,4687,0.241167,1152.674964,1,0.750
MNIST,FTRL,10,50,0,4688,0.200931,1152.875896,1,0.750
MNIST,FTRL,10,50,0,4689,0.435577,1153.311473,1,0.750
MNIST,FTRL,10,50,0,4690,0.184772,1153.496245,1,0.750
MNIST,FTRL,10,50,0,4691,0.210433,1153.706678,1,0.750
MNIST,FTRL,10,50,0,4692,0.335364,1154.042043,1,0.751
MNIST,FTRL,10,50,0,4693,0.295045,1154.337088,1,0.751
MNIST,FTRL,10,50,0,4694,0.054176,1154.391264,1,0.751
MNIST,FTRL,10,50,0,4695,0.264659,1154.655923,1,0.751
MNIST,FTRL,10,50,0,4696,0.262648,1154.918571,1,0.751
MNIST,FTRL,10,50,0,4697,0.182645,1155.101217,1,0.751
MNIST,FTRL,10,50,0,4698,0.126466,1155.227683,1,0.751
MNIST,FTRL,10,50,0,4699,0.444462,1155.672145,1,0.752
MNIST,FTRL,10,50,0,4700,0.203069,1155.875214,1,0.752
MNIST,FTRL,10,50,0,4701,0.078732,1155.953945,1,0.752
MNIST,FTRL,10,50,0,4702,0.256637,1156.210582,1,0.752
MNIST,FTRL,10,50,0,4703,0.316363,1156.526946,1,0.752
MNIST,FTRL,10,50,0,4704,0.236506,1156.763452,1,0.753
MNIST,FTRL,10,50,0,4705,0.175894,1156.939346,1,0.753
MNIST,FTRL,10,50,0,4706,0.209511,1157.148857,1,0.753
MNIST,FTRL,10,50,0,4707,0.117175,1157.266032,1,0.753
MNIST,FTRL,10,50,0,4708,0.291066,1157.557098,1,0.753
MNIST,FTRL,10,50,0,4709,0.426257,1157.983356,1,0.753
MNIST,FTRL,10,50,0,4710,0.234740,1158.218096,1,0.753
MNIST,FTRL,10,50,0,4711,0.257343,1158.475438,1,0.754
MNIST,FTRL,10,50,0,4712,0.297443,1158.772881,1,0.754
MNIST,FTRL,10,50,0,4713,0.277609,1159.050490,1,0.754
MNIST,FTRL,10,50,0,4714,0.216431,1159.266921,1,0.754
MNIST,FTRL,10,50,0,4715,0.272273,1159.539194,1,0.754
MNIST,FTRL,10,50,0,4716,0.242503,1159.781697,1,0.754
MNIST,FTRL,10,50,0,4717,0.166668,1159.948365,1,0.754
MNIST,FTRL,10,50,0,4718,0.163258,1160.111623,1,0.755
MNIST,FTRL,10,50,0,4719,0.341504,1160.453127,1,0.755
MNIST,FTRL,10,50,0,4720,0.135774,1160.588901,1,0.755
MNIST,FTRL,10,50,0,4721,0.130274,1160.719175,1,0.755
MNIST,FTRL,10,50,0,4722,0.292118,1161.011293,1,0.755
MNIST,FTRL,10,50,0,4723,0.231251,1161.242545,1,0.755
MNIST,FTRL,10,50,0,4724,0.076501,1161.319045,1,0.756
MNIST,FTRL,10,50,0,4725,0.325374,1161.644420,1,0.756
MNIST,FTRL,10,50,0,4726,0.077647,1161.722067,1,0.756
MNIST,FTRL,10,50,0,4727,0.180709,1161.902775,1,0.756
MNIST,FTRL,10,50,0,4728,0.157818,1162.060593,1,0.756
MNIST,FTRL,10,50,0,4729,0.335756,1162.396349,1,0.756
MNIST,FTRL,10,50,0,4730,0.374796,1162.771145,1,0.757
MNIST,FTRL,10,50,0,4731,0.202652,1162.973796,1,0.757
MNIST,FTRL,10,50,0,4732,0.160849,1163.134645,1,0.757
MNIST,FTRL,10,50,0,4733,0.243392,1163.378037,1,0.757
MNIST,FTRL,10,50,0,4734,0.188287,1163.566324,1,0.757
MNIST,FTRL,10,50,0,4735,0.188001,1163.754325,1,0.757
MNIST,FTRL,10,50,0,4736,0.289063,1164.043388,1,0.757
MNIST,FTRL,10,50,0,4737,0.152983,1164.196371,1,0.758
MNIST,FTRL,10,50,0,4738,0.094791,1164.291163,1,0.758
MNIST,FTRL,10,50,0,4739,0.126835,1164.417998,1,0.758
MNIST,FTRL,10,50,0,4740,0.409204,1164.827202,1,0.758
MNIST,FTRL,10,50,0,4741,0.304418,1165.131619,1,0.758
MNIST,FTRL,10,50,0,4742,0.386965,1165.518584,1,0.758
MNIST,FTRL,10,50,0,4743,0.186946,1165.705530,1,0.759
MNIST,FTRL,10,50,0,4744,0.274491,1165.980021,1,0.759
MNIST,FTRL,10,50,0,4745,0.185756,1166.165776,1,0.759
MNIST,FTRL,10,50,0,4746,0.402619,1166.568395,1,0.759
MNIST,FTRL,10,50,0,4747,0.177120,1166.745515,1,0.759
MNIST,FTRL,10,50,0,4748,0.207967,1166.953482,1,0.759
MNIST,FTRL,10,50,0,4749,0.458280,1167.411762,1,0.759
MNIST,FTRL,10,50,0,4750,0.162305,1167.574067,1,0.760
MNIST,FTRL,10,50,0,4751,0.275844,1167.849910,1,0.760
MNIST,FTRL,10,50,0,4752,0.230737,1168.080648,1,0.760
MNIST,FTRL,10,50,0,4753,0.174816,1168.255463,1,0.760
MNIST,FTRL,10,50,0,4754,0.237175,1168.492638,1,0.760
MNIST,FTRL,10,50,0,4755,0.592722,1169.085361,1,0.761
MNIST,FTRL,10,50,0,4756,0.192124,1169.277485,1,0.761
MNIST,FTRL,10,50,0,4757,0.323391,1169.600875,1,0.761
MNIST,FTRL,10,50,0,4758,0.225507,1169.826383,1,0.761
MNIST,FTRL,10,50,0,4759,0.176308,1170.002691,1,0.761
MNIST,FTRL,10,50,0,4760,0.445499,1170.448189,1,0.761
MNIST,FTRL,10,50,0,4761,0.249201,1170.697390,1,0.761
MNIST,FTRL,10,50,0,4762,0.149386,1170.846776,1,0.762
MNIST,FTRL,10,50,0,4763,0.230955,1171.077731,1,0.762
MNIST,FTRL,10,50,0,4764,0.221766,1171.299497,1,0.762
MNIST,FTRL,10,50,0,4765,0.173339,1171.472836,1,0.762
MNIST,FTRL,10,50,0,4766,0.230735,1171.703571,1,0.762
MNIST,FTRL,10,50,0,4767,0.355737,1172.059308,1,0.762
MNIST,FTRL,10,50,0,4768,0.367209,1172.426517,1,0.762
MNIST,FTRL,10,50,0,4769,0.078176,1172.504693,1,0.763
MNIST,FTRL,10,50,0,4770,0.200366,1172.705059,1,0.763
MNIST,FTRL,10,50,0,4771,0.247514,1172.952573,1,0.763
MNIST,FTRL,10,50,0,4772,0.178211,1173.130784,1,0.763
MNIST,FTRL,10,50,0,4773,0.184430,1173.315213,1,0.763
MNIST,FTRL,10,50,0,4774,0.234702,1173.549915,1,0.763
MNIST,FTRL,10,50,0,4775,0.249816,1173.799731,1,0.764
MNIST,FTRL,10,50,0,4776,0.411469,1174.211200,1,0.764
MNIST,FTRL,10,50,0,4777,0.157673,1174.368873,1,0.764
MNIST,FTRL,10,50,0,4778,0.275713,1174.644586,1,0.764
MNIST,FTRL,10,50,0,4779,0.219012,1174.863598,1,0.764
MNIST,FTRL,10,50,0,4780,0.320392,1175.183990,1,0.764
MNIST,FTRL,10,50,0,4781,0.369191,1175.553181,1,0.764
MNIST,FTRL,10,50,0,4782,0.167203,1175.720384,1,0.765
MNIST,FTRL,10,50,0,4783,0.250703,1175.971086,1,0.765
MNIST,FTRL,10,50,0,4784,0.436235,1176.407321,1,0.765
MNIST,FTRL,10,50,0,4785,0.248759,1176.656080,1,0.765
MNIST,FTRL,10,50,0,4786,0.134183,1176.790263,1,0.765
MNIST,FTRL,10,50,0,4787,0.325597,1177.115860,1,0.765
MNIST,FTRL,10,50,0,4788,0.253223,1177.369082,1,0.766
MNIST,FTRL,10,50,0,4789,0.248470,1177.617552,1,0.766
MNIST,FTRL,10,50,0,4790,0.310238,1177.927790,1,0.766
MNIST,FTRL,10,50,0,4791,0.254336,1178.182126,1,0.766
MNIST,FTRL,10,50,0,4792,0.227960,1178.410085,1,0.766
MNIST,FTRL,10,50,0,4793,0.249560,1178.659646,1,0.766
MNIST,FTRL,10,50,0,4794,0.236130,1178.895775,1,0.767
MNIST,FTRL,10,50,0,4795,0.296813,1179.192589,1,0.767
MNIST,FTRL,10,50,0,4796,0.157697,1179.350286,1,0.767
MNIST,FTRL,10,50,0,4797,0.237786,1179.588072,1,0.767
MNIST,FTRL,10,50,0,4798,0.235749,1179.823821,1,0.767
MNIST,FTRL,10,50,0,4799,0.382460,1180.206281,1,0.767
MNIST,FTRL,10,50,0,4800,0.254330,1180.460611,1,0.768
MNIST,FTRL,10,50,0,4801,0.223955,1180.684565,1,0.768
MNIST,FTRL,10,50,0,4802,0.337107,1181.021672,1,0.768
MNIST,FTRL,10,50,0,4803,0.214639,1181.236312,1,0.768
MNIST,FTRL,10,50,0,4804,0.214574,1181.450886,1,0.768
MNIST,FTRL,10,50,0,4805,0.109783,1181.560669,1,0.768
MNIST,FTRL,10,50,0,4806,0.252079,1181.812748,1,0.769
MNIST,FTRL,10,50,0,4807,0.099254,1181.912002,1,0.769
MNIST,FTRL,10,50,0,4808,0.234332,1182.146334,1,0.769
MNIST,FTRL,10,50,0,4809,0.056535,1182.202869,1,0.769
MNIST,FTRL,10,50,0,4810,0.154510,1182.357379,1,0.769
MNIST,FTRL,10,50,0,4811,0.360345,1182.717724,1,0.769
MNIST,FTRL,10,50,0,4812,0.105369,1182.823093,1,0.769
MNIST,FTRL,10,50,0,4813,0.427523,1183.250616,1,0.770
MNIST,FTRL,10,50,0,4814,0.329887,1183.580503,1,0.770
MNIST,FTRL,10,50,0,4815,0.497770,1184.078273,1,0.770
MNIST,FTRL,10,50,0,4816,0.102745,1184.181018,1,0.770
MNIST,FTRL,10,50,0,4817,0.078615,1184.259633,1,0.770
MNIST,FTRL,10,50,0,4818,0.126400,1184.386032,1,0.770
MNIST,FTRL,10,50,0,4819,0.345264,1184.731296,1,0.771
MNIST,FTRL,10,50,0,4820,0.063531,1184.794827,1,0.771
MNIST,FTRL,10,50,0,4821,0.208233,1185.003060,1,0.771
MNIST,FTRL,10,50,0,4822,0.274507,1185.277567,1,0.771
MNIST,FTRL,10,50,0,4823,0.172758,1185.450325,1,0.771
MNIST,FTRL,10,50,0,4824,0.173354,1185.623679,1,0.771
MNIST,FTRL,10,50,0,4825,0.253295,1185.876974,1,0.772
MNIST,FTRL,10,50,0,4826,0.062195,1185.939168,1,0.772
MNIST,FTRL,10,50,0,4827,0.173429,1186.112597,1,0.772
MNIST,FTRL,10,50,0,4828,0.239920,1186.352518,1,0.772
MNIST,FTRL,10,50,0,4829,0.110201,1186.462719,1,0.772
MNIST,FTRL,10,50,0,4830,0.157266,1186.619984,1,0.772
MNIST,FTRL,10,50,0,4831,0.362703,1186.982687,1,0.773
MNIST,FTRL,10,50,0,4832,0.217887,1187.200575,1,0.773
MNIST,FTRL,10,50,0,4833,0.280778,1187.481352,1,0.773
MNIST,FTRL,10,50,0,4834,0.269943,1187.751296,1,0.773
MNIST,FTRL,10,50,0,4835,0.079651,1187.830947,1,0.773
MNIST,FTRL,10,50,0,4836,0.180909,1188.011856,1,0.773
MNIST,FTRL,10,50,0,4837,0.166794,1188.178650,1,0.773
MNIST,FTRL,10,50,0,4838,0.115588,1188.294238,1,0.774
MNIST,FTRL,10,50,0,4839,0.225231,1188.519469,1,0.774
MNIST,FTRL,10,50,0,4840,0.255648,1188.775117,1,0.774
MNIST,FTRL,10,50,0,4841,0.241912,1189.017029,1,0.774
MNIST,FTRL,10,50,0,4842,0.308557,1189.325586,1,0.774
MNIST,FTRL,10,50,0,4843,0.146946,1189.472532,1,0.774
MNIST,FTRL,10,50,0,4844,0.391438,1189.863970,1,0.775
MNIST,FTRL,10,50,0,4845,0.240382,1190.104353,1,0.775
MNIST,FTRL,10,50,0,4846,0.212659,1190.317012,1,0.775
MNIST,FTRL,10,50,0,4847,0.300746,1190.617758,1,0.775
MNIST,FTRL,10,50,0,4848,0.392966,1191.010724,1,0.775
MNIST,FTRL,10,50,0,4849,0.289519,1191.300243,1,0.775
MNIST,FTRL,10,50,0,4850,0.332594,1191.632837,1,0.776
MNIST,FTRL,10,50,0,4851,0.159410,1191.792247,1,0.776
MNIST,FTRL,10,50,0,4852,0.252942,1192.045189,1,0.776
MNIST,FTRL,10,50,0,4853,0.160658,1192.205846,1,0.776
MNIST,FTRL,10,50,0,4854,0.221366,1192.427213,1,0.776
MNIST,FTRL,10,50,0,4855,0.103228,1192.530441,1,0.776
MNIST,FTRL,10,50,0,4856,0.076225,1192.606666,1,0.777
MNIST,FTRL,10,50,0,4857,0.233966,1192.840633,1,0.777
MNIST,FTRL,10,50,0,4858,0.198216,1193.038849,1,0.777
MNIST,FTRL,10,50,0,4859,0.264249,1193.303098,1,0.777
MNIST,FTRL,10,50,0,4860,0.288324,1193.591422,1,0.777
MNIST,FTRL,10,50,0,4861,0.191853,1193.783274,1,0.777
MNIST,FTRL,10,50,0,4862,0.233262,1194.016536,1,0.777
MNIST,FTRL,10,50,0,4863,0.244387,1194.260923,1,0.778
MNIST,FTRL,10,50,0,4864,0.200089,1194.461012,1,0.778
MNIST,FTRL,10,50,0,4865,0.399758,1194.860769,1,0.778
MNIST,FTRL,10,50,0,4866,0.157996,1195.018766,1,0.778
MNIST,FTRL,10,50,0,4867,0.339674,1195.358440,1,0.778
MNIST,FTRL,10,50,0,4868,0.146762,1195.505202,1,0.778
MNIST,FTRL,10,50,0,4869,0.207967,1195.713169,1,0.779
MNIST,FTRL,10,50,0,4870,0.208435,1195.921604,1,0.779
MNIST,FTRL,10,50,0,4871,0.207170,1196.128775,1,0.779
MNIST,FTRL,10,50,0,4872,0.083625,1196.212399,1,0.779
MNIST,FTRL,10,50,0,4873,0.155030,1196.367429,1,0.779
MNIST,FTRL,10,50,0,4874,0.191908,1196.559337,1,0.779
MNIST,FTRL,10,50,0,4875,0.499925,1197.059262,1,0.779
MNIST,FTRL,10,50,0,4876,0.193570,1197.252832,1,0.780
MNIST,FTRL,10,50,0,4877,0.163344,1197.416176,1,0.780
MNIST,FTRL,10,50,0,4878,0.361193,1197.777370,1,0.780
MNIST,FTRL,10,50,0,4879,0.179646,1197.957016,1,0.780
MNIST,FTRL,10,50,0,4880,0.236853,1198.193869,1,0.780
MNIST,FTRL,10,50,0,4881,0.157389,1198.351258,1,0.780
MNIST,FTRL,10,50,0,4882,0.282087,1198.633345,1,0.780
MNIST,FTRL,10,50,0,4883,0.226073,1198.859417,1,0.781
MNIST,FTRL,10,50,0,4884,0.133961,1198.993378,1,0.781
MNIST,FTRL,10,50,0,4885,0.161640,1199.155018,1,0.781
MNIST,FTRL,10,50,0,4886,0.399609,1199.554627,1,0.781
MNIST,FTRL,10,50,0,4887,0.400841,1199.955468,1,0.781
MNIST,FTRL,10,50,0,4888,0.250192,1200.205660,1,0.781
MNIST,FTRL,10,50,0,4889,0.404715,1200.610376,1,0.782
MNIST,FTRL,10,50,0,4890,0.300798,1200.911173,1,0.782
MNIST,FTRL,10,50,0,4891,0.364315,1201.275489,1,0.782
MNIST,FTRL,10,50,0,4892,0.334764,1201.610252,1,0.782
MNIST,FTRL,10,50,0,4893,0.215617,1201.825869,1,0.782
MNIST,FTRL,10,50,0,4894,0.363281,1202.189150,1,0.782
MNIST,FTRL,10,50,0,4895,0.277137,1202.466288,1,0.782
MNIST,FTRL,10,50,0,4896,0.091646,1202.557934,1,0.783
MNIST,FTRL,10,50,0,4897,0.298140,1202.856073,1,0.783
MNIST,FTRL,10,50,0,4898,0.396775,1203.252848,1,0.783
MNIST,FTRL,10,50,0,4899,0.502457,1203.755305,1,0.783
MNIST,FTRL,10,50,0,4900,0.230083,1203.985388,1,0.783
MNIST,FTRL,10,50,0,4901,0.563759,1204.549147,1,0.784
MNIST,FTRL,10,50,0,4902,0.217305,1204.766452,1,0.784
MNIST,FTRL,10,50,0,4903,0.225141,1204.991593,1,0.784
MNIST,FTRL,10,50,0,4904,0.202755,1205.194349,1,0.784
MNIST,FTRL,10,50,0,4905,0.245113,1205.439461,1,0.784
MNIST,FTRL,10,50,0,4906,0.357671,1205.797132,1,0.784
MNIST,FTRL,10,50,0,4907,0.163764,1205.960896,1,0.784
MNIST,FTRL,10,50,0,4908,0.400289,1206.361185,1,0.785
MNIST,FTRL,10,50,0,4909,0.302508,1206.663694,1,0.785
MNIST,FTRL,10,50,0,4910,0.121623,1206.785317,1,0.785
MNIST,FTRL,10,50,0,4911,0.097093,1206.882409,1,0.785
MNIST,FTRL,10,50,0,4912,0.232233,1207.114643,1,0.785
MNIST,FTRL,10,50,0,4913,0.252027,1207.366669,1,0.785
MNIST,FTRL,10,50,0,4914,0.129806,1207.496475,1,0.786
MNIST,FTRL,10,50,0,4915,0.332903,1207.829378,1,0.786
MNIST,FTRL,10,50,0,4916,0.208293,1208.037671,1,0.786
MNIST,FTRL,10,50,0,4917,0.275890,1208.313561,1,0.786
MNIST,FTRL,10,50,0,4918,0.317218,1208.630778,1,0.786
MNIST,FTRL,10,50,0,4919,0.215428,1208.846207,1,0.786
MNIST,FTRL,10,50,0,4920,0.279789,1209.125995,1,0.786
MNIST,FTRL,10,50,0,4921,0.401628,1209.527623,1,0.787
MNIST,FTRL,10,50,0,4922,0.211103,1209.738726,1,0.787
MNIST,FTRL,10,50,0,4923,0.178409,1209.917135,1,0.787
MNIST,FTRL,10,50,0,4924,0.367250,1210.284385,1,0.787
MNIST,FTRL,10,50,0,4925,0.238431,1210.522817,1,0.787
MNIST,FTRL,10,50,0,4926,0.372029,1210.894846,1,0.787
MNIST,FTRL,10,50,0,4927,0.252207,1211.147053,1,0.788
MNIST,FTRL,10,50,0,4928,0.363772,1211.510825,1,0.788
MNIST,FTRL,10,50,0,4929,0.111132,1211.621957,1,0.788
MNIST,FTRL,10,50,0,4930,0.379418,1212.001375,1,0.788
MNIST,FTRL,10,50,0,4931,0.264669,1212.266044,1,0.788
MNIST,FTRL,10,50,0,4932,0.245834,1212.511878,1,0.788
MNIST,FTRL,10,50,0,4933,0.241520,1212.753398,1,0.788
MNIST,FTRL,10,50,0,4934,0.258172,1213.011569,1,0.789
MNIST,FTRL,10,50,0,4935,0.349383,1213.360952,1,0.789
MNIST,FTRL,10,50,0,4936,0.165907,1213.526859,1,0.789
MNIST,FTRL,10,50,0,4937,0.163902,1213.690761,1,0.789
MNIST,FTRL,10,50,0,4938,0.323756,1214.014518,1,0.789
MNIST,FTRL,10,50,0,4939,0.336189,1214.350706,1,0.789
MNIST,FTRL,10,50,0,4940,0.243595,1214.594301,1,0.790
MNIST,FTRL,10,50,0,4941,0.260763,1214.855064,1,0.790
MNIST,FTRL,10,50,0,4942,0.291591,1215.146655,1,0.790
MNIST,FTRL,10,50,0,4943,0.265696,1215.412352,1,0.790
MNIST,FTRL,10,50,0,4944,0.132393,1215.544745,1,0.790
MNIST,FTRL,10,50,0,4945,0.306333,1215.851078,1,0.790
MNIST,FTRL,10,50,0,4946,0.244385,1216.095463,1,0.790
MNIST,FTRL,10,50,0,4947,0.186389,1216.281852,1,0.791
MNIST,FTRL,10,50,0,4948,0.300667,1216.582519,1,0.791
MNIST,FTRL,10,50,0,4949,0.453234,1217.035753,1,0.791
MNIST,FTRL,10,50,0,4950,0.239225,1217.274978,1,0.791
MNIST,FTRL,10,50,0,4951,0.199907,1217.474885,1,0.791
MNIST,FTRL,10,50,0,4952,0.103616,1217.578501,1,0.791
MNIST,FTRL,10,50,0,4953,0.369977,1217.948478,1,0.792
MNIST,FTRL,10,50,0,4954,0.286416,1218.234894,1,0.792
MNIST,FTRL,10,50,0,4955,0.175068,1218.409962,1,0.792
MNIST,FTRL,10,50,0,4956,0.229416,1218.639378,1,0.792
MNIST,FTRL,10,50,0,4957,0.187117,1218.826496,1,0.792
MNIST,FTRL,10,50,0,4958,0.266066,1219.092561,1,0.792
MNIST,FTRL,10,50,0,4959,0.191495,1219.284056,1,0.793
MNIST,FTRL,10,50,0,4960,0.235264,1219.519321,1,0.793
MNIST,FTRL,10,50,0,4961,0.149751,1219.669072,1,0.793
MNIST,FTRL,10,50,0,4962,0.200655,1219.869727,1,0.793
MNIST,FTRL,10,50,0,4963,0.118625,1219.988351,1,0.793
MNIST,FTRL,10,50,0,4964,0.307289,1220.295641,1,0.793
MNIST,FTRL,10,50,0,4965,0.281134,1220.576775,1,0.793
MNIST,FTRL,10,50,0,4966,0.232894,1220.809668,1,0.794
MNIST,FTRL,10,50,0,4967,0.521000,1221.330668,1,0.794
MNIST,FTRL,10,50,0,4968,0.199340,1221.530008,1,0.794
MNIST,FTRL,10,50,0,4969,0.108521,1221.638528,1,0.794
MNIST,FTRL,10,50,0,4970,0.173505,1221.812034,1,0.794
MNIST,FTRL,10,50,0,4971,0.227192,1222.039226,1,0.794
MNIST,FTRL,10,50,0,4972,0.207655,1222.246881,1,0.794
MNIST,FTRL,10,50,0,4973,0.190774,1222.437656,1,0.795
MNIST,FTRL,10,50,0,4974,0.284619,1222.722275,1,0.795
MNIST,FTRL,10,50,0,4975,0.328405,1223.050679,1,0.795
MNIST,FTRL,10,50,0,4976,0.360046,1223.410726,1,0.795
MNIST,FTRL,10,50,0,4977,0.344865,1223.755591,1,0.795
MNIST,FTRL,10,50,0,4978,0.180684,1223.936275,1,0.795
MNIST,FTRL,10,50,0,4979,0.145875,1224.082150,1,0.796
MNIST,FTRL,10,50,0,4980,0.122204,1224.204354,1,0.796
MNIST,FTRL,10,50,0,4981,0.279982,1224.484336,1,0.796
MNIST,FTRL,10,50,0,4982,0.362996,1224.847332,1,0.796
MNIST,FTRL,10,50,0,4983,0.171519,1225.018851,1,0.796
MNIST,FTRL,10,50,0,4984,0.246611,1225.265462,1,0.796
MNIST,FTRL,10,50,0,4985,0.233145,1225.498607,1,0.796
MNIST,FTRL,10,50,0,4986,0.212123,1225.710730,1,0.797
MNIST,FTRL,10,50,0,4987,0.159207,1225.869937,1,0.797
MNIST,FTRL,10,50,0,4988,0.364557,1226.234494,1,0.797
MNIST,FTRL,10,50,0,4989,0.051296,1226.285790,1,0.797
MNIST,FTRL,10,50,0,4990,0.132415,1226.418204,1,0.797
MNIST,FTRL,10,50,0,4991,0.295299,1226.713503,1,0.797
MNIST,FTRL,10,50,0,4992,0.148373,1226.861876,1,0.798
MNIST,FTRL,10,50,0,4993,0.297392,1227.159268,1,0.798
MNIST,FTRL,10,50,0,4994,0.327477,1227.486745,1,0.798
MNIST,FTRL,10,50,0,4995,0.317431,1227.804176,1,0.798
MNIST,FTRL,10,50,0,4996,0.259990,1228.064166,1,0.798
MNIST,FTRL,10,50,0,4997,0.316676,1228.380841,1,0.798
MNIST,FTRL,10,50,0,4998,0.287900,1228.668742,1,0.798
MNIST,FTRL,10,50,0,4999,0.300657,1228.969399,1,0.799
