dataset,algorithm,k,d,trial,step,instantaneous_loss,cumulative_loss,n_leaves,elapsed_s
MNIST,GrassmannHRD,10,50,0,0,0.184943,0.184943,1,0.001
MNIST,GrassmannHRD,10,50,0,1,0.376809,0.561753,1,0.005
MNIST,GrassmannHRD,10,50,0,2,0.195705,0.757457,1,0.005
MNIST,GrassmannHRD,10,50,0,3,0.234290,0.991747,1,0.006
MNIST,GrassmannHRD,10,50,0,4,0.190618,1.182366,1,0.006
MNIST,GrassmannHRD,10,50,0,5,0.276058,1.458424,1,0.006
MNIST,GrassmannHRD,10,50,0,6,0.319721,1.778145,1,0.006
MNIST,GrassmannHRD,10,50,0,7,0.185718,1.963863,1,0.007
MNIST,GrassmannHRD,10,50,0,8,0.188089,2.151952,1,0.007
MNIST,GrassmannHRD,10,50,0,9,0.233804,2.385756,7,0.024
MNIST,GrassmannHRD,10,50,0,10,0.368159,2.753915,7,0.025
MNIST,GrassmannHRD,10,50,0,11,0.383814,3.137729,7,0.025
MNIST,GrassmannHRD,10,50,0,12,0.284575,3.422304,7,0.026
MNIST,GrassmannHRD,10,50,0,13,0.398289,3.820593,7,0.027
MNIST,GrassmannHRD,10,50,0,14,0.295013,4.115606,7,0.027
MNIST,GrassmannHRD,10,50,0,15,0.280631,4.396237,7,0.028
MNIST,GrassmannHRD,10,50,0,16,0.472122,4.868359,7,0.028
MNIST,GrassmannHRD,10,50,0,17,0.366104,5.234463,7,0.029
MNIST,GrassmannHRD,10,50,0,18,0.337975,5.572438,7,0.029
MNIST,GrassmannHRD,10,50,0,19,0.333427,5.905865,7,0.029
MNIST,GrassmannHRD,10,50,0,20,0.273938,6.179803,7,0.030
MNIST,GrassmannHRD,10,50,0,21,0.337525,6.517328,7,0.030
MNIST,GrassmannHRD,10,50,0,22,0.312529,6.829857,7,0.031
MNIST,GrassmannHRD,10,50,0,23,0.209111,7.038968,7,0.031
MNIST,GrassmannHRD,10,50,0,24,0.189941,7.228910,7,0.032
MNIST,GrassmannHRD,10,50,0,25,0.204425,7.433335,7,0.032
MNIST,GrassmannHRD,10,50,0,26,0.322586,7.755920,7,0.033
MNIST,GrassmannHRD,10,50,0,27,0.223572,7.979493,7,0.033
MNIST,GrassmannHRD,10,50,0,28,0.282645,8.262138,7,0.034
MNIST,GrassmannHRD,10,50,0,29,0.217799,8.479937,7,0.034
MNIST,GrassmannHRD,10,50,0,30,0.410778,8.890715,7,0.034
MNIST,GrassmannHRD,10,50,0,31,0.149580,9.040296,7,0.035
MNIST,GrassmannHRD,10,50,0,32,0.255646,9.295942,7,0.035
MNIST,GrassmannHRD,10,50,0,33,0.253699,9.549641,7,0.036
MNIST,GrassmannHRD,10,50,0,34,0.239375,9.789016,7,0.036
MNIST,GrassmannHRD,10,50,0,35,0.321038,10.110054,7,0.037
MNIST,GrassmannHRD,10,50,0,36,0.258651,10.368705,7,0.037
MNIST,GrassmannHRD,10,50,0,37,0.337946,10.706651,7,0.038
MNIST,GrassmannHRD,10,50,0,38,0.121809,10.828461,7,0.038
MNIST,GrassmannHRD,10,50,0,39,0.258822,11.087283,7,0.039
MNIST,GrassmannHRD,10,50,0,40,0.299523,11.386806,7,0.039
MNIST,GrassmannHRD,10,50,0,41,0.268871,11.655677,7,0.040
MNIST,GrassmannHRD,10,50,0,42,0.245442,11.901119,7,0.040
MNIST,GrassmannHRD,10,50,0,43,0.274824,12.175943,7,0.041
MNIST,GrassmannHRD,10,50,0,44,0.346307,12.522251,7,0.041
MNIST,GrassmannHRD,10,50,0,45,0.227323,12.749574,7,0.042
MNIST,GrassmannHRD,10,50,0,46,0.219044,12.968617,7,0.042
MNIST,GrassmannHRD,10,50,0,47,0.183316,13.151933,7,0.043
MNIST,GrassmannHRD,10,50,0,48,0.382218,13.534151,8,0.046
MNIST,GrassmannHRD,10,50,0,49,0.280157,13.814308,8,0.046
MNIST,GrassmannHRD,10,50,0,50,0.126500,13.940808,8,0.047
MNIST,GrassmannHRD,10,50,0,51,0.226018,14.166826,8,0.047
MNIST,GrassmannHRD,10,50,0,52,0.252567,14.419393,8,0.048
MNIST,GrassmannHRD,10,50,0,53,0.362338,14.781731,8,0.048
MNIST,GrassmannHRD,10,50,0,54,0.349385,15.131116,8,0.049
MNIST,GrassmannHRD,10,50,0,55,0.269940,15.401057,8,0.049
MNIST,GrassmannHRD,10,50,0,56,0.225997,15.627053,8,0.050
MNIST,GrassmannHRD,10,50,0,57,0.391647,16.018701,8,0.050
MNIST,GrassmannHRD,10,50,0,58,0.294830,16.313531,8,0.051
MNIST,GrassmannHRD,10,50,0,59,0.253435,16.566966,8,0.052
MNIST,GrassmannHRD,10,50,0,60,0.179973,16.746939,8,0.052
MNIST,GrassmannHRD,10,50,0,61,0.192074,16.939013,8,0.053
MNIST,GrassmannHRD,10,50,0,62,0.328025,17.267038,8,0.053
MNIST,GrassmannHRD,10,50,0,63,0.359681,17.626719,8,0.054
MNIST,GrassmannHRD,10,50,0,64,0.277823,17.904542,8,0.054
MNIST,GrassmannHRD,10,50,0,65,0.297795,18.202337,8,0.055
MNIST,GrassmannHRD,10,50,0,66,0.264298,18.466635,8,0.055
MNIST,GrassmannHRD,10,50,0,67,0.119227,18.585862,8,0.055
MNIST,GrassmannHRD,10,50,0,68,0.270823,18.856685,8,0.056
MNIST,GrassmannHRD,10,50,0,69,0.166517,19.023202,8,0.057
MNIST,GrassmannHRD,10,50,0,70,0.213832,19.237033,8,0.057
MNIST,GrassmannHRD,10,50,0,71,0.169908,19.406941,9,0.068
MNIST,GrassmannHRD,10,50,0,72,0.250533,19.657474,9,0.069
MNIST,GrassmannHRD,10,50,0,73,0.192042,19.849515,9,0.069
MNIST,GrassmannHRD,10,50,0,74,0.341432,20.190948,9,0.070
MNIST,GrassmannHRD,10,50,0,75,0.337295,20.528243,9,0.070
MNIST,GrassmannHRD,10,50,0,76,0.324792,20.853034,9,0.071
MNIST,GrassmannHRD,10,50,0,77,0.147681,21.000715,9,0.071
MNIST,GrassmannHRD,10,50,0,78,0.318709,21.319425,9,0.072
MNIST,GrassmannHRD,10,50,0,79,0.333386,21.652811,9,0.072
MNIST,GrassmannHRD,10,50,0,80,0.169821,21.822631,9,0.073
MNIST,GrassmannHRD,10,50,0,81,0.398510,22.221141,9,0.073
MNIST,GrassmannHRD,10,50,0,82,0.129899,22.351040,9,0.074
MNIST,GrassmannHRD,10,50,0,83,0.332682,22.683722,9,0.074
MNIST,GrassmannHRD,10,50,0,84,0.219769,22.903491,9,0.075
MNIST,GrassmannHRD,10,50,0,85,0.235131,23.138622,9,0.075
MNIST,GrassmannHRD,10,50,0,86,0.208981,23.347603,9,0.076
MNIST,GrassmannHRD,10,50,0,87,0.236688,23.584291,9,0.077
MNIST,GrassmannHRD,10,50,0,88,0.184141,23.768432,9,0.077
MNIST,GrassmannHRD,10,50,0,89,0.290634,24.059066,9,0.078
MNIST,GrassmannHRD,10,50,0,90,0.359925,24.418990,9,0.078
MNIST,GrassmannHRD,10,50,0,91,0.248306,24.667297,9,0.079
MNIST,GrassmannHRD,10,50,0,92,0.197614,24.864910,9,0.079
MNIST,GrassmannHRD,10,50,0,93,0.361195,25.226105,9,0.080
MNIST,GrassmannHRD,10,50,0,94,0.203586,25.429691,9,0.080
MNIST,GrassmannHRD,10,50,0,95,0.307482,25.737173,9,0.081
MNIST,GrassmannHRD,10,50,0,96,0.341470,26.078643,9,0.081
MNIST,GrassmannHRD,10,50,0,97,0.281727,26.360370,9,0.082
MNIST,GrassmannHRD,10,50,0,98,0.198263,26.558632,9,0.082
MNIST,GrassmannHRD,10,50,0,99,0.342775,26.901407,9,0.083
MNIST,GrassmannHRD,10,50,0,100,0.211641,27.113048,9,0.083
MNIST,GrassmannHRD,10,50,0,101,0.280070,27.393119,9,0.084
MNIST,GrassmannHRD,10,50,0,102,0.163569,27.556688,9,0.084
MNIST,GrassmannHRD,10,50,0,103,0.265685,27.822373,9,0.085
MNIST,GrassmannHRD,10,50,0,104,0.202671,28.025044,9,0.085
MNIST,GrassmannHRD,10,50,0,105,0.345167,28.370211,9,0.086
MNIST,GrassmannHRD,10,50,0,106,0.345484,28.715695,10,0.089
MNIST,GrassmannHRD,10,50,0,107,0.324838,29.040533,10,0.090
MNIST,GrassmannHRD,10,50,0,108,0.171025,29.211558,10,0.091
MNIST,GrassmannHRD,10,50,0,109,0.307033,29.518590,10,0.091
MNIST,GrassmannHRD,10,50,0,110,0.272934,29.791524,10,0.092
MNIST,GrassmannHRD,10,50,0,111,0.097615,29.889139,10,0.092
MNIST,GrassmannHRD,10,50,0,112,0.334761,30.223900,10,0.093
MNIST,GrassmannHRD,10,50,0,113,0.233241,30.457140,10,0.093
MNIST,GrassmannHRD,10,50,0,114,0.253580,30.710720,10,0.094
MNIST,GrassmannHRD,10,50,0,115,0.356628,31.067348,10,0.094
MNIST,GrassmannHRD,10,50,0,116,0.271757,31.339105,10,0.095
MNIST,GrassmannHRD,10,50,0,117,0.233526,31.572630,10,0.095
MNIST,GrassmannHRD,10,50,0,118,0.311665,31.884295,10,0.096
MNIST,GrassmannHRD,10,50,0,119,0.360598,32.244893,10,0.096
MNIST,GrassmannHRD,10,50,0,120,0.304699,32.549592,10,0.097
MNIST,GrassmannHRD,10,50,0,121,0.254357,32.803949,10,0.097
MNIST,GrassmannHRD,10,50,0,122,0.297389,33.101337,10,0.098
MNIST,GrassmannHRD,10,50,0,123,0.217213,33.318550,10,0.098
MNIST,GrassmannHRD,10,50,0,124,0.313720,33.632271,10,0.099
MNIST,GrassmannHRD,10,50,0,125,0.189333,33.821603,10,0.099
MNIST,GrassmannHRD,10,50,0,126,0.249919,34.071522,10,0.100
MNIST,GrassmannHRD,10,50,0,127,0.231629,34.303151,10,0.100
MNIST,GrassmannHRD,10,50,0,128,0.154126,34.457276,10,0.101
MNIST,GrassmannHRD,10,50,0,129,0.196323,34.653599,10,0.101
MNIST,GrassmannHRD,10,50,0,130,0.353260,35.006859,10,0.102
MNIST,GrassmannHRD,10,50,0,131,0.360154,35.367013,10,0.103
MNIST,GrassmannHRD,10,50,0,132,0.366932,35.733945,10,0.103
MNIST,GrassmannHRD,10,50,0,133,0.259231,35.993175,10,0.104
MNIST,GrassmannHRD,10,50,0,134,0.194706,36.187881,10,0.104
MNIST,GrassmannHRD,10,50,0,135,0.313119,36.500999,10,0.105
MNIST,GrassmannHRD,10,50,0,136,0.293859,36.794859,10,0.105
MNIST,GrassmannHRD,10,50,0,137,0.245318,37.040176,11,0.109
MNIST,GrassmannHRD,10,50,0,138,0.216726,37.256902,11,0.110
MNIST,GrassmannHRD,10,50,0,139,0.181374,37.438276,11,0.110
MNIST,GrassmannHRD,10,50,0,140,0.224616,37.662892,11,0.111
MNIST,GrassmannHRD,10,50,0,141,0.222294,37.885186,11,0.111
MNIST,GrassmannHRD,10,50,0,142,0.187839,38.073025,11,0.112
MNIST,GrassmannHRD,10,50,0,143,0.332399,38.405425,11,0.112
MNIST,GrassmannHRD,10,50,0,144,0.297140,38.702565,11,0.113
MNIST,GrassmannHRD,10,50,0,145,0.167098,38.869663,11,0.113
MNIST,GrassmannHRD,10,50,0,146,0.267908,39.137571,11,0.114
MNIST,GrassmannHRD,10,50,0,147,0.212417,39.349989,11,0.114
MNIST,GrassmannHRD,10,50,0,148,0.142518,39.492507,11,0.114
MNIST,GrassmannHRD,10,50,0,149,0.396907,39.889413,11,0.115
MNIST,GrassmannHRD,10,50,0,150,0.181691,40.071104,11,0.116
MNIST,GrassmannHRD,10,50,0,151,0.240190,40.311295,11,0.117
MNIST,GrassmannHRD,10,50,0,152,0.324808,40.636102,11,0.117
MNIST,GrassmannHRD,10,50,0,153,0.457903,41.094005,11,0.118
MNIST,GrassmannHRD,10,50,0,154,0.248203,41.342208,11,0.118
MNIST,GrassmannHRD,10,50,0,155,0.255370,41.597578,11,0.119
MNIST,GrassmannHRD,10,50,0,156,0.167580,41.765158,11,0.120
MNIST,GrassmannHRD,10,50,0,157,0.191732,41.956890,11,0.120
MNIST,GrassmannHRD,10,50,0,158,0.416951,42.373841,11,0.121
MNIST,GrassmannHRD,10,50,0,159,0.283945,42.657787,11,0.121
MNIST,GrassmannHRD,10,50,0,160,0.236853,42.894640,11,0.122
MNIST,GrassmannHRD,10,50,0,161,0.257688,43.152328,11,0.122
MNIST,GrassmannHRD,10,50,0,162,0.335608,43.487936,11,0.123
MNIST,GrassmannHRD,10,50,0,163,0.246781,43.734717,11,0.123
MNIST,GrassmannHRD,10,50,0,164,0.208882,43.943599,11,0.124
MNIST,GrassmannHRD,10,50,0,165,0.250920,44.194519,11,0.124
MNIST,GrassmannHRD,10,50,0,166,0.363783,44.558302,11,0.125
MNIST,GrassmannHRD,10,50,0,167,0.175752,44.734053,11,0.125
MNIST,GrassmannHRD,10,50,0,168,0.199680,44.933733,11,0.126
MNIST,GrassmannHRD,10,50,0,169,0.300029,45.233762,11,0.126
MNIST,GrassmannHRD,10,50,0,170,0.271226,45.504988,11,0.127
MNIST,GrassmannHRD,10,50,0,171,0.269643,45.774631,11,0.127
MNIST,GrassmannHRD,10,50,0,172,0.241491,46.016122,11,0.128
MNIST,GrassmannHRD,10,50,0,173,0.257614,46.273737,11,0.128
MNIST,GrassmannHRD,10,50,0,174,0.200631,46.474368,11,0.129
MNIST,GrassmannHRD,10,50,0,175,0.141817,46.616184,11,0.130
MNIST,GrassmannHRD,10,50,0,176,0.155696,46.771880,11,0.130
MNIST,GrassmannHRD,10,50,0,177,0.230164,47.002044,11,0.131
MNIST,GrassmannHRD,10,50,0,178,0.248913,47.250957,11,0.132
MNIST,GrassmannHRD,10,50,0,179,0.278796,47.529752,11,0.132
MNIST,GrassmannHRD,10,50,0,180,0.240428,47.770181,11,0.133
MNIST,GrassmannHRD,10,50,0,181,0.104801,47.874982,11,0.133
MNIST,GrassmannHRD,10,50,0,182,0.298593,48.173575,11,0.134
MNIST,GrassmannHRD,10,50,0,183,0.252244,48.425819,11,0.135
MNIST,GrassmannHRD,10,50,0,184,0.290317,48.716136,11,0.135
MNIST,GrassmannHRD,10,50,0,185,0.127322,48.843458,11,0.136
MNIST,GrassmannHRD,10,50,0,186,0.223673,49.067132,11,0.137
MNIST,GrassmannHRD,10,50,0,187,0.379764,49.446895,11,0.137
MNIST,GrassmannHRD,10,50,0,188,0.324390,49.771285,11,0.138
MNIST,GrassmannHRD,10,50,0,189,0.326344,50.097629,11,0.138
MNIST,GrassmannHRD,10,50,0,190,0.291032,50.388661,11,0.139
MNIST,GrassmannHRD,10,50,0,191,0.221264,50.609925,11,0.139
MNIST,GrassmannHRD,10,50,0,192,0.153014,50.762939,11,0.140
MNIST,GrassmannHRD,10,50,0,193,0.124595,50.887534,11,0.140
MNIST,GrassmannHRD,10,50,0,194,0.234405,51.121940,11,0.141
MNIST,GrassmannHRD,10,50,0,195,0.392490,51.514430,11,0.142
MNIST,GrassmannHRD,10,50,0,196,0.322844,51.837274,11,0.143
MNIST,GrassmannHRD,10,50,0,197,0.391809,52.229083,11,0.143
MNIST,GrassmannHRD,10,50,0,198,0.334570,52.563652,11,0.144
MNIST,GrassmannHRD,10,50,0,199,0.265726,52.829378,11,0.144
MNIST,GrassmannHRD,10,50,0,200,0.405127,53.234505,11,0.145
MNIST,GrassmannHRD,10,50,0,201,0.235442,53.469946,11,0.146
MNIST,GrassmannHRD,10,50,0,202,0.304396,53.774342,12,0.154
MNIST,GrassmannHRD,10,50,0,203,0.243386,54.017728,12,0.155
MNIST,GrassmannHRD,10,50,0,204,0.247436,54.265164,12,0.155
MNIST,GrassmannHRD,10,50,0,205,0.346224,54.611388,12,0.156
MNIST,GrassmannHRD,10,50,0,206,0.399400,55.010789,12,0.157
MNIST,GrassmannHRD,10,50,0,207,0.384813,55.395601,12,0.157
MNIST,GrassmannHRD,10,50,0,208,0.257145,55.652747,12,0.158
MNIST,GrassmannHRD,10,50,0,209,0.116528,55.769275,12,0.158
MNIST,GrassmannHRD,10,50,0,210,0.288030,56.057305,12,0.159
MNIST,GrassmannHRD,10,50,0,211,0.385964,56.443269,12,0.159
MNIST,GrassmannHRD,10,50,0,212,0.074255,56.517524,12,0.160
MNIST,GrassmannHRD,10,50,0,213,0.285652,56.803175,12,0.160
MNIST,GrassmannHRD,10,50,0,214,0.136447,56.939622,12,0.161
MNIST,GrassmannHRD,10,50,0,215,0.127270,57.066893,12,0.162
MNIST,GrassmannHRD,10,50,0,216,0.154944,57.221837,12,0.162
MNIST,GrassmannHRD,10,50,0,217,0.214044,57.435881,12,0.163
MNIST,GrassmannHRD,10,50,0,218,0.318256,57.754137,12,0.163
MNIST,GrassmannHRD,10,50,0,219,0.293279,58.047416,12,0.164
MNIST,GrassmannHRD,10,50,0,220,0.242258,58.289674,12,0.164
MNIST,GrassmannHRD,10,50,0,221,0.209474,58.499148,12,0.165
MNIST,GrassmannHRD,10,50,0,222,0.259126,58.758274,12,0.165
MNIST,GrassmannHRD,10,50,0,223,0.314713,59.072987,12,0.166
MNIST,GrassmannHRD,10,50,0,224,0.222091,59.295078,12,0.166
MNIST,GrassmannHRD,10,50,0,225,0.367392,59.662470,12,0.167
MNIST,GrassmannHRD,10,50,0,226,0.292732,59.955203,12,0.167
MNIST,GrassmannHRD,10,50,0,227,0.286334,60.241537,12,0.168
MNIST,GrassmannHRD,10,50,0,228,0.369812,60.611348,12,0.168
MNIST,GrassmannHRD,10,50,0,229,0.228402,60.839751,12,0.169
MNIST,GrassmannHRD,10,50,0,230,0.382374,61.222124,12,0.170
MNIST,GrassmannHRD,10,50,0,231,0.411955,61.634080,12,0.170
MNIST,GrassmannHRD,10,50,0,232,0.310023,61.944103,12,0.171
MNIST,GrassmannHRD,10,50,0,233,0.177688,62.121791,12,0.171
MNIST,GrassmannHRD,10,50,0,234,0.137730,62.259521,12,0.172
MNIST,GrassmannHRD,10,50,0,235,0.145712,62.405233,12,0.172
MNIST,GrassmannHRD,10,50,0,236,0.164217,62.569450,12,0.173
MNIST,GrassmannHRD,10,50,0,237,0.364443,62.933892,12,0.173
MNIST,GrassmannHRD,10,50,0,238,0.252325,63.186217,12,0.174
MNIST,GrassmannHRD,10,50,0,239,0.262827,63.449044,12,0.174
MNIST,GrassmannHRD,10,50,0,240,0.202259,63.651304,12,0.175
MNIST,GrassmannHRD,10,50,0,241,0.279051,63.930354,12,0.175
MNIST,GrassmannHRD,10,50,0,242,0.219808,64.150163,12,0.176
MNIST,GrassmannHRD,10,50,0,243,0.092486,64.242649,12,0.177
MNIST,GrassmannHRD,10,50,0,244,0.217851,64.460500,12,0.177
MNIST,GrassmannHRD,10,50,0,245,0.269712,64.730212,12,0.178
MNIST,GrassmannHRD,10,50,0,246,0.466427,65.196639,12,0.178
MNIST,GrassmannHRD,10,50,0,247,0.330035,65.526674,12,0.179
MNIST,GrassmannHRD,10,50,0,248,0.138273,65.664947,12,0.179
MNIST,GrassmannHRD,10,50,0,249,0.189897,65.854843,12,0.180
MNIST,GrassmannHRD,10,50,0,250,0.197932,66.052775,12,0.180
MNIST,GrassmannHRD,10,50,0,251,0.340423,66.393198,12,0.181
MNIST,GrassmannHRD,10,50,0,252,0.150819,66.544017,12,0.181
MNIST,GrassmannHRD,10,50,0,253,0.189585,66.733603,12,0.182
MNIST,GrassmannHRD,10,50,0,254,0.336354,67.069957,12,0.183
MNIST,GrassmannHRD,10,50,0,255,0.234061,67.304017,12,0.183
MNIST,GrassmannHRD,10,50,0,256,0.328634,67.632652,12,0.184
MNIST,GrassmannHRD,10,50,0,257,0.184095,67.816747,12,0.184
MNIST,GrassmannHRD,10,50,0,258,0.379587,68.196334,12,0.185
MNIST,GrassmannHRD,10,50,0,259,0.183059,68.379394,12,0.185
MNIST,GrassmannHRD,10,50,0,260,0.356945,68.736338,12,0.186
MNIST,GrassmannHRD,10,50,0,261,0.235786,68.972124,12,0.186
MNIST,GrassmannHRD,10,50,0,262,0.189518,69.161643,12,0.187
MNIST,GrassmannHRD,10,50,0,263,0.283767,69.445409,12,0.187
MNIST,GrassmannHRD,10,50,0,264,0.272601,69.718010,12,0.188
MNIST,GrassmannHRD,10,50,0,265,0.263802,69.981812,12,0.188
MNIST,GrassmannHRD,10,50,0,266,0.238757,70.220569,12,0.189
MNIST,GrassmannHRD,10,50,0,267,0.359078,70.579647,12,0.189
MNIST,GrassmannHRD,10,50,0,268,0.448011,71.027658,12,0.190
MNIST,GrassmannHRD,10,50,0,269,0.131777,71.159436,12,0.190
MNIST,GrassmannHRD,10,50,0,270,0.198163,71.357599,12,0.191
MNIST,GrassmannHRD,10,50,0,271,0.223223,71.580822,12,0.191
MNIST,GrassmannHRD,10,50,0,272,0.450380,72.031202,12,0.192
MNIST,GrassmannHRD,10,50,0,273,0.260826,72.292028,12,0.192
MNIST,GrassmannHRD,10,50,0,274,0.224574,72.516602,12,0.193
MNIST,GrassmannHRD,10,50,0,275,0.186580,72.703181,12,0.194
MNIST,GrassmannHRD,10,50,0,276,0.374273,73.077454,12,0.194
MNIST,GrassmannHRD,10,50,0,277,0.162177,73.239631,12,0.195
MNIST,GrassmannHRD,10,50,0,278,0.248379,73.488011,12,0.195
MNIST,GrassmannHRD,10,50,0,279,0.116561,73.604572,12,0.196
MNIST,GrassmannHRD,10,50,0,280,0.126237,73.730809,12,0.196
MNIST,GrassmannHRD,10,50,0,281,0.277213,74.008023,12,0.197
MNIST,GrassmannHRD,10,50,0,282,0.239954,74.247976,12,0.197
MNIST,GrassmannHRD,10,50,0,283,0.227090,74.475066,12,0.198
MNIST,GrassmannHRD,10,50,0,284,0.230502,74.705568,12,0.199
MNIST,GrassmannHRD,10,50,0,285,0.309550,75.015118,12,0.199
MNIST,GrassmannHRD,10,50,0,286,0.172510,75.187628,12,0.200
MNIST,GrassmannHRD,10,50,0,287,0.206142,75.393770,12,0.200
MNIST,GrassmannHRD,10,50,0,288,0.273277,75.667047,12,0.201
MNIST,GrassmannHRD,10,50,0,289,0.320855,75.987902,12,0.201
MNIST,GrassmannHRD,10,50,0,290,0.397139,76.385041,12,0.202
MNIST,GrassmannHRD,10,50,0,291,0.381704,76.766745,12,0.202
MNIST,GrassmannHRD,10,50,0,292,0.367203,77.133947,12,0.203
MNIST,GrassmannHRD,10,50,0,293,0.250216,77.384163,12,0.203
MNIST,GrassmannHRD,10,50,0,294,0.324220,77.708383,12,0.204
MNIST,GrassmannHRD,10,50,0,295,0.201680,77.910063,12,0.204
MNIST,GrassmannHRD,10,50,0,296,0.190711,78.100774,12,0.205
MNIST,GrassmannHRD,10,50,0,297,0.305055,78.405828,12,0.205
MNIST,GrassmannHRD,10,50,0,298,0.097122,78.502950,12,0.206
MNIST,GrassmannHRD,10,50,0,299,0.269032,78.771983,12,0.206
MNIST,GrassmannHRD,10,50,0,300,0.296112,79.068094,12,0.207
MNIST,GrassmannHRD,10,50,0,301,0.118307,79.186401,12,0.208
MNIST,GrassmannHRD,10,50,0,302,0.291356,79.477758,12,0.208
MNIST,GrassmannHRD,10,50,0,303,0.172195,79.649952,12,0.209
MNIST,GrassmannHRD,10,50,0,304,0.269212,79.919164,12,0.209
MNIST,GrassmannHRD,10,50,0,305,0.314443,80.233607,12,0.210
MNIST,GrassmannHRD,10,50,0,306,0.257796,80.491403,12,0.210
MNIST,GrassmannHRD,10,50,0,307,0.229488,80.720892,12,0.211
MNIST,GrassmannHRD,10,50,0,308,0.285692,81.006584,12,0.212
MNIST,GrassmannHRD,10,50,0,309,0.243763,81.250347,12,0.212
MNIST,GrassmannHRD,10,50,0,310,0.185562,81.435909,12,0.213
MNIST,GrassmannHRD,10,50,0,311,0.278600,81.714509,12,0.214
MNIST,GrassmannHRD,10,50,0,312,0.199365,81.913874,12,0.214
MNIST,GrassmannHRD,10,50,0,313,0.233207,82.147081,12,0.215
MNIST,GrassmannHRD,10,50,0,314,0.405778,82.552860,12,0.216
MNIST,GrassmannHRD,10,50,0,315,0.172024,82.724884,12,0.216
MNIST,GrassmannHRD,10,50,0,316,0.248850,82.973735,12,0.217
MNIST,GrassmannHRD,10,50,0,317,0.231266,83.205001,12,0.217
MNIST,GrassmannHRD,10,50,0,318,0.371430,83.576431,12,0.218
MNIST,GrassmannHRD,10,50,0,319,0.191632,83.768063,12,0.218
MNIST,GrassmannHRD,10,50,0,320,0.501426,84.269488,12,0.219
MNIST,GrassmannHRD,10,50,0,321,0.291162,84.560650,12,0.220
MNIST,GrassmannHRD,10,50,0,322,0.373097,84.933747,12,0.220
MNIST,GrassmannHRD,10,50,0,323,0.348658,85.282405,12,0.221
MNIST,GrassmannHRD,10,50,0,324,0.228746,85.511151,12,0.222
MNIST,GrassmannHRD,10,50,0,325,0.195661,85.706812,12,0.223
MNIST,GrassmannHRD,10,50,0,326,0.225311,85.932122,12,0.223
MNIST,GrassmannHRD,10,50,0,327,0.298105,86.230227,12,0.224
MNIST,GrassmannHRD,10,50,0,328,0.274209,86.504437,12,0.224
MNIST,GrassmannHRD,10,50,0,329,0.198649,86.703085,12,0.225
MNIST,GrassmannHRD,10,50,0,330,0.279783,86.982868,12,0.225
MNIST,GrassmannHRD,10,50,0,331,0.407923,87.390791,12,0.226
MNIST,GrassmannHRD,10,50,0,332,0.269127,87.659918,12,0.226
MNIST,GrassmannHRD,10,50,0,333,0.212747,87.872665,12,0.227
MNIST,GrassmannHRD,10,50,0,334,0.310723,88.183388,12,0.227
MNIST,GrassmannHRD,10,50,0,335,0.210958,88.394346,12,0.228
MNIST,GrassmannHRD,10,50,0,336,0.316283,88.710629,12,0.228
MNIST,GrassmannHRD,10,50,0,337,0.417210,89.127839,12,0.229
MNIST,GrassmannHRD,10,50,0,338,0.241506,89.369345,12,0.229
MNIST,GrassmannHRD,10,50,0,339,0.392351,89.761696,12,0.230
MNIST,GrassmannHRD,10,50,0,340,0.193313,89.955009,12,0.230
MNIST,GrassmannHRD,10,50,0,341,0.262200,90.217209,12,0.231
MNIST,GrassmannHRD,10,50,0,342,0.187971,90.405180,12,0.231
MNIST,GrassmannHRD,10,50,0,343,0.224296,90.629476,12,0.232
MNIST,GrassmannHRD,10,50,0,344,0.246014,90.875490,12,0.232
MNIST,GrassmannHRD,10,50,0,345,0.383120,91.258610,12,0.233
MNIST,GrassmannHRD,10,50,0,346,0.171525,91.430135,12,0.233
MNIST,GrassmannHRD,10,50,0,347,0.222151,91.652286,12,0.234
MNIST,GrassmannHRD,10,50,0,348,0.355276,92.007562,12,0.234
MNIST,GrassmannHRD,10,50,0,349,0.186473,92.194035,12,0.235
MNIST,GrassmannHRD,10,50,0,350,0.183655,92.377690,12,0.236
MNIST,GrassmannHRD,10,50,0,351,0.313735,92.691425,12,0.237
MNIST,GrassmannHRD,10,50,0,352,0.192106,92.883531,12,0.237
MNIST,GrassmannHRD,10,50,0,353,0.351946,93.235477,12,0.238
MNIST,GrassmannHRD,10,50,0,354,0.139185,93.374662,12,0.238
MNIST,GrassmannHRD,10,50,0,355,0.235791,93.610453,12,0.239
MNIST,GrassmannHRD,10,50,0,356,0.321215,93.931668,12,0.239
MNIST,GrassmannHRD,10,50,0,357,0.190191,94.121859,12,0.240
MNIST,GrassmannHRD,10,50,0,358,0.210644,94.332503,12,0.240
MNIST,GrassmannHRD,10,50,0,359,0.338432,94.670935,12,0.241
MNIST,GrassmannHRD,10,50,0,360,0.239048,94.909983,12,0.241
MNIST,GrassmannHRD,10,50,0,361,0.195687,95.105670,12,0.242
MNIST,GrassmannHRD,10,50,0,362,0.236224,95.341894,12,0.242
MNIST,GrassmannHRD,10,50,0,363,0.274139,95.616033,12,0.243
MNIST,GrassmannHRD,10,50,0,364,0.130962,95.746995,12,0.243
MNIST,GrassmannHRD,10,50,0,365,0.575598,96.322593,12,0.244
MNIST,GrassmannHRD,10,50,0,366,0.309676,96.632269,12,0.244
MNIST,GrassmannHRD,10,50,0,367,0.230085,96.862354,12,0.245
MNIST,GrassmannHRD,10,50,0,368,0.109128,96.971481,12,0.245
MNIST,GrassmannHRD,10,50,0,369,0.256608,97.228089,12,0.246
MNIST,GrassmannHRD,10,50,0,370,0.278817,97.506906,12,0.247
MNIST,GrassmannHRD,10,50,0,371,0.178579,97.685485,12,0.247
MNIST,GrassmannHRD,10,50,0,372,0.394804,98.080289,12,0.248
MNIST,GrassmannHRD,10,50,0,373,0.291450,98.371740,12,0.248
MNIST,GrassmannHRD,10,50,0,374,0.228669,98.600409,12,0.249
MNIST,GrassmannHRD,10,50,0,375,0.386891,98.987300,12,0.249
MNIST,GrassmannHRD,10,50,0,376,0.300023,99.287323,12,0.250
MNIST,GrassmannHRD,10,50,0,377,0.113101,99.400424,12,0.251
MNIST,GrassmannHRD,10,50,0,378,0.170475,99.570899,12,0.251
MNIST,GrassmannHRD,10,50,0,379,0.150008,99.720907,12,0.252
MNIST,GrassmannHRD,10,50,0,380,0.122603,99.843510,12,0.252
MNIST,GrassmannHRD,10,50,0,381,0.267994,100.111504,12,0.253
MNIST,GrassmannHRD,10,50,0,382,0.123218,100.234722,12,0.253
MNIST,GrassmannHRD,10,50,0,383,0.111324,100.346046,12,0.254
MNIST,GrassmannHRD,10,50,0,384,0.331894,100.677940,12,0.254
MNIST,GrassmannHRD,10,50,0,385,0.277437,100.955377,12,0.255
MNIST,GrassmannHRD,10,50,0,386,0.219666,101.175043,12,0.255
MNIST,GrassmannHRD,10,50,0,387,0.311198,101.486241,12,0.256
MNIST,GrassmannHRD,10,50,0,388,0.270661,101.756903,12,0.256
MNIST,GrassmannHRD,10,50,0,389,0.217799,101.974702,12,0.257
MNIST,GrassmannHRD,10,50,0,390,0.189369,102.164070,12,0.257
MNIST,GrassmannHRD,10,50,0,391,0.240735,102.404806,12,0.258
MNIST,GrassmannHRD,10,50,0,392,0.224114,102.628920,12,0.259
MNIST,GrassmannHRD,10,50,0,393,0.083240,102.712160,12,0.259
MNIST,GrassmannHRD,10,50,0,394,0.426020,103.138180,12,0.260
MNIST,GrassmannHRD,10,50,0,395,0.516547,103.654727,12,0.260
MNIST,GrassmannHRD,10,50,0,396,0.300212,103.954939,12,0.261
MNIST,GrassmannHRD,10,50,0,397,0.312398,104.267337,12,0.261
MNIST,GrassmannHRD,10,50,0,398,0.335238,104.602575,12,0.262
MNIST,GrassmannHRD,10,50,0,399,0.131486,104.734061,12,0.263
MNIST,GrassmannHRD,10,50,0,400,0.081851,104.815912,12,0.263
MNIST,GrassmannHRD,10,50,0,401,0.327943,105.143855,12,0.264
MNIST,GrassmannHRD,10,50,0,402,0.414652,105.558507,12,0.264
MNIST,GrassmannHRD,10,50,0,403,0.180573,105.739080,12,0.265
MNIST,GrassmannHRD,10,50,0,404,0.256669,105.995749,12,0.266
MNIST,GrassmannHRD,10,50,0,405,0.167559,106.163308,12,0.266
MNIST,GrassmannHRD,10,50,0,406,0.150561,106.313869,12,0.267
MNIST,GrassmannHRD,10,50,0,407,0.419013,106.732883,12,0.267
MNIST,GrassmannHRD,10,50,0,408,0.144864,106.877747,12,0.268
MNIST,GrassmannHRD,10,50,0,409,0.271781,107.149528,12,0.268
MNIST,GrassmannHRD,10,50,0,410,0.285034,107.434562,12,0.269
MNIST,GrassmannHRD,10,50,0,411,0.418377,107.852939,12,0.269
MNIST,GrassmannHRD,10,50,0,412,0.187247,108.040186,12,0.270
MNIST,GrassmannHRD,10,50,0,413,0.158425,108.198611,12,0.270
MNIST,GrassmannHRD,10,50,0,414,0.286420,108.485031,12,0.271
MNIST,GrassmannHRD,10,50,0,415,0.141118,108.626149,12,0.271
MNIST,GrassmannHRD,10,50,0,416,0.260689,108.886838,12,0.272
MNIST,GrassmannHRD,10,50,0,417,0.309503,109.196341,12,0.272
MNIST,GrassmannHRD,10,50,0,418,0.117053,109.313394,12,0.273
MNIST,GrassmannHRD,10,50,0,419,0.310083,109.623477,12,0.273
MNIST,GrassmannHRD,10,50,0,420,0.295992,109.919469,12,0.274
MNIST,GrassmannHRD,10,50,0,421,0.287074,110.206543,12,0.274
MNIST,GrassmannHRD,10,50,0,422,0.208629,110.415172,12,0.275
MNIST,GrassmannHRD,10,50,0,423,0.444360,110.859532,12,0.275
MNIST,GrassmannHRD,10,50,0,424,0.383392,111.242923,12,0.276
MNIST,GrassmannHRD,10,50,0,425,0.237818,111.480741,12,0.277
MNIST,GrassmannHRD,10,50,0,426,0.383562,111.864303,12,0.277
MNIST,GrassmannHRD,10,50,0,427,0.426893,112.291196,12,0.278
MNIST,GrassmannHRD,10,50,0,428,0.217325,112.508521,12,0.278
MNIST,GrassmannHRD,10,50,0,429,0.259537,112.768058,12,0.279
MNIST,GrassmannHRD,10,50,0,430,0.126468,112.894526,12,0.279
MNIST,GrassmannHRD,10,50,0,431,0.100271,112.994796,12,0.280
MNIST,GrassmannHRD,10,50,0,432,0.470160,113.464957,12,0.280
MNIST,GrassmannHRD,10,50,0,433,0.315354,113.780311,12,0.281
MNIST,GrassmannHRD,10,50,0,434,0.144232,113.924543,12,0.281
MNIST,GrassmannHRD,10,50,0,435,0.249074,114.173617,12,0.282
MNIST,GrassmannHRD,10,50,0,436,0.226637,114.400253,12,0.282
MNIST,GrassmannHRD,10,50,0,437,0.292648,114.692902,12,0.283
MNIST,GrassmannHRD,10,50,0,438,0.317413,115.010314,12,0.284
MNIST,GrassmannHRD,10,50,0,439,0.145767,115.156082,12,0.284
MNIST,GrassmannHRD,10,50,0,440,0.161982,115.318063,12,0.285
MNIST,GrassmannHRD,10,50,0,441,0.199921,115.517984,12,0.285
MNIST,GrassmannHRD,10,50,0,442,0.167656,115.685640,12,0.286
MNIST,GrassmannHRD,10,50,0,443,0.152353,115.837993,12,0.286
MNIST,GrassmannHRD,10,50,0,444,0.278615,116.116608,12,0.287
MNIST,GrassmannHRD,10,50,0,445,0.224591,116.341200,12,0.287
MNIST,GrassmannHRD,10,50,0,446,0.288089,116.629288,12,0.288
MNIST,GrassmannHRD,10,50,0,447,0.347917,116.977205,12,0.288
MNIST,GrassmannHRD,10,50,0,448,0.190770,117.167975,12,0.289
MNIST,GrassmannHRD,10,50,0,449,0.188719,117.356695,12,0.289
MNIST,GrassmannHRD,10,50,0,450,0.137716,117.494411,12,0.290
MNIST,GrassmannHRD,10,50,0,451,0.250653,117.745064,12,0.291
MNIST,GrassmannHRD,10,50,0,452,0.347693,118.092756,12,0.291
MNIST,GrassmannHRD,10,50,0,453,0.165604,118.258361,12,0.292
MNIST,GrassmannHRD,10,50,0,454,0.219421,118.477782,12,0.293
MNIST,GrassmannHRD,10,50,0,455,0.304620,118.782402,12,0.294
MNIST,GrassmannHRD,10,50,0,456,0.211967,118.994368,12,0.294
MNIST,GrassmannHRD,10,50,0,457,0.458740,119.453109,12,0.295
MNIST,GrassmannHRD,10,50,0,458,0.141202,119.594311,12,0.296
MNIST,GrassmannHRD,10,50,0,459,0.237118,119.831429,12,0.296
MNIST,GrassmannHRD,10,50,0,460,0.203134,120.034563,12,0.297
MNIST,GrassmannHRD,10,50,0,461,0.236534,120.271098,12,0.297
MNIST,GrassmannHRD,10,50,0,462,0.243831,120.514929,12,0.298
MNIST,GrassmannHRD,10,50,0,463,0.354495,120.869424,12,0.298
MNIST,GrassmannHRD,10,50,0,464,0.287249,121.156672,12,0.299
MNIST,GrassmannHRD,10,50,0,465,0.185135,121.341808,12,0.299
MNIST,GrassmannHRD,10,50,0,466,0.254726,121.596534,12,0.300
MNIST,GrassmannHRD,10,50,0,467,0.341455,121.937989,12,0.300
MNIST,GrassmannHRD,10,50,0,468,0.065913,122.003901,12,0.301
MNIST,GrassmannHRD,10,50,0,469,0.302456,122.306358,12,0.302
MNIST,GrassmannHRD,10,50,0,470,0.234519,122.540877,12,0.303
MNIST,GrassmannHRD,10,50,0,471,0.297051,122.837928,12,0.303
MNIST,GrassmannHRD,10,50,0,472,0.263836,123.101764,12,0.304
MNIST,GrassmannHRD,10,50,0,473,0.332540,123.434304,12,0.304
MNIST,GrassmannHRD,10,50,0,474,0.267778,123.702082,12,0.305
MNIST,GrassmannHRD,10,50,0,475,0.218537,123.920619,12,0.305
MNIST,GrassmannHRD,10,50,0,476,0.120934,124.041553,12,0.306
MNIST,GrassmannHRD,10,50,0,477,0.264947,124.306499,12,0.306
MNIST,GrassmannHRD,10,50,0,478,0.206189,124.512688,12,0.307
MNIST,GrassmannHRD,10,50,0,479,0.232410,124.745099,12,0.308
MNIST,GrassmannHRD,10,50,0,480,0.251931,124.997030,12,0.308
MNIST,GrassmannHRD,10,50,0,481,0.294785,125.291815,12,0.309
MNIST,GrassmannHRD,10,50,0,482,0.248489,125.540304,12,0.309
MNIST,GrassmannHRD,10,50,0,483,0.222033,125.762337,12,0.310
MNIST,GrassmannHRD,10,50,0,484,0.369789,126.132126,12,0.310
MNIST,GrassmannHRD,10,50,0,485,0.151100,126.283226,12,0.311
MNIST,GrassmannHRD,10,50,0,486,0.241516,126.524742,12,0.311
MNIST,GrassmannHRD,10,50,0,487,0.278375,126.803117,12,0.312
MNIST,GrassmannHRD,10,50,0,488,0.302996,127.106113,12,0.312
MNIST,GrassmannHRD,10,50,0,489,0.211481,127.317594,12,0.313
MNIST,GrassmannHRD,10,50,0,490,0.226026,127.543620,12,0.313
MNIST,GrassmannHRD,10,50,0,491,0.146101,127.689721,12,0.314
MNIST,GrassmannHRD,10,50,0,492,0.299173,127.988894,12,0.314
MNIST,GrassmannHRD,10,50,0,493,0.405007,128.393901,12,0.315
MNIST,GrassmannHRD,10,50,0,494,0.203267,128.597169,12,0.315
MNIST,GrassmannHRD,10,50,0,495,0.243885,128.841054,12,0.316
MNIST,GrassmannHRD,10,50,0,496,0.253518,129.094572,12,0.317
MNIST,GrassmannHRD,10,50,0,497,0.407853,129.502425,12,0.317
MNIST,GrassmannHRD,10,50,0,498,0.316300,129.818725,12,0.318
MNIST,GrassmannHRD,10,50,0,499,0.232287,130.051012,12,0.318
MNIST,GrassmannHRD,10,50,0,500,0.283656,130.334669,12,0.319
MNIST,GrassmannHRD,10,50,0,501,0.166155,130.500824,12,0.320
MNIST,GrassmannHRD,10,50,0,502,0.155495,130.656319,12,0.320
MNIST,GrassmannHRD,10,50,0,503,0.296237,130.952556,12,0.321
MNIST,GrassmannHRD,10,50,0,504,0.341037,131.293593,12,0.321
MNIST,GrassmannHRD,10,50,0,505,0.208487,131.502080,12,0.322
MNIST,GrassmannHRD,10,50,0,506,0.310906,131.812986,12,0.322
MNIST,GrassmannHRD,10,50,0,507,0.293766,132.106752,12,0.323
MNIST,GrassmannHRD,10,50,0,508,0.304371,132.411123,12,0.323
MNIST,GrassmannHRD,10,50,0,509,0.184415,132.595538,12,0.324
MNIST,GrassmannHRD,10,50,0,510,0.161426,132.756963,12,0.324
MNIST,GrassmannHRD,10,50,0,511,0.266079,133.023042,12,0.325
MNIST,GrassmannHRD,10,50,0,512,0.124517,133.147559,12,0.325
MNIST,GrassmannHRD,10,50,0,513,0.433984,133.581542,12,0.326
MNIST,GrassmannHRD,10,50,0,514,0.322291,133.903834,12,0.326
MNIST,GrassmannHRD,10,50,0,515,0.217997,134.121830,12,0.327
MNIST,GrassmannHRD,10,50,0,516,0.117311,134.239141,12,0.327
MNIST,GrassmannHRD,10,50,0,517,0.300089,134.539230,12,0.328
MNIST,GrassmannHRD,10,50,0,518,0.252561,134.791791,12,0.328
MNIST,GrassmannHRD,10,50,0,519,0.318721,135.110512,12,0.329
MNIST,GrassmannHRD,10,50,0,520,0.321498,135.432010,12,0.330
MNIST,GrassmannHRD,10,50,0,521,0.173194,135.605204,12,0.330
MNIST,GrassmannHRD,10,50,0,522,0.242547,135.847751,12,0.331
MNIST,GrassmannHRD,10,50,0,523,0.231214,136.078965,12,0.331
MNIST,GrassmannHRD,10,50,0,524,0.198121,136.277086,12,0.332
MNIST,GrassmannHRD,10,50,0,525,0.305392,136.582479,12,0.332
MNIST,GrassmannHRD,10,50,0,526,0.271572,136.854051,12,0.333
MNIST,GrassmannHRD,10,50,0,527,0.215335,137.069386,12,0.333
MNIST,GrassmannHRD,10,50,0,528,0.122089,137.191476,12,0.334
MNIST,GrassmannHRD,10,50,0,529,0.299539,137.491015,12,0.334
MNIST,GrassmannHRD,10,50,0,530,0.107944,137.598959,12,0.335
MNIST,GrassmannHRD,10,50,0,531,0.290540,137.889499,12,0.336
MNIST,GrassmannHRD,10,50,0,532,0.159172,138.048672,12,0.336
MNIST,GrassmannHRD,10,50,0,533,0.266500,138.315172,12,0.337
MNIST,GrassmannHRD,10,50,0,534,0.353907,138.669079,12,0.337
MNIST,GrassmannHRD,10,50,0,535,0.221597,138.890676,12,0.338
MNIST,GrassmannHRD,10,50,0,536,0.268206,139.158882,12,0.338
MNIST,GrassmannHRD,10,50,0,537,0.209301,139.368183,12,0.339
MNIST,GrassmannHRD,10,50,0,538,0.339646,139.707829,12,0.339
MNIST,GrassmannHRD,10,50,0,539,0.215142,139.922971,12,0.340
MNIST,GrassmannHRD,10,50,0,540,0.139146,140.062116,12,0.340
MNIST,GrassmannHRD,10,50,0,541,0.274433,140.336549,12,0.341
MNIST,GrassmannHRD,10,50,0,542,0.228847,140.565396,12,0.341
MNIST,GrassmannHRD,10,50,0,543,0.292905,140.858300,12,0.342
MNIST,GrassmannHRD,10,50,0,544,0.115902,140.974202,12,0.343
MNIST,GrassmannHRD,10,50,0,545,0.159923,141.134125,12,0.343
MNIST,GrassmannHRD,10,50,0,546,0.299468,141.433593,12,0.344
MNIST,GrassmannHRD,10,50,0,547,0.284148,141.717741,12,0.344
MNIST,GrassmannHRD,10,50,0,548,0.241139,141.958880,12,0.345
MNIST,GrassmannHRD,10,50,0,549,0.175278,142.134159,12,0.345
MNIST,GrassmannHRD,10,50,0,550,0.286306,142.420465,12,0.346
MNIST,GrassmannHRD,10,50,0,551,0.214977,142.635441,12,0.346
MNIST,GrassmannHRD,10,50,0,552,0.139852,142.775293,12,0.347
MNIST,GrassmannHRD,10,50,0,553,0.165535,142.940828,12,0.347
MNIST,GrassmannHRD,10,50,0,554,0.079264,143.020092,12,0.348
MNIST,GrassmannHRD,10,50,0,555,0.135597,143.155689,12,0.349
MNIST,GrassmannHRD,10,50,0,556,0.080813,143.236502,12,0.349
MNIST,GrassmannHRD,10,50,0,557,0.422456,143.658958,12,0.350
MNIST,GrassmannHRD,10,50,0,558,0.188163,143.847121,12,0.350
MNIST,GrassmannHRD,10,50,0,559,0.198411,144.045532,12,0.351
MNIST,GrassmannHRD,10,50,0,560,0.366591,144.412123,12,0.351
MNIST,GrassmannHRD,10,50,0,561,0.415074,144.827197,12,0.352
MNIST,GrassmannHRD,10,50,0,562,0.165423,144.992620,12,0.352
MNIST,GrassmannHRD,10,50,0,563,0.491766,145.484386,12,0.353
MNIST,GrassmannHRD,10,50,0,564,0.130543,145.614929,12,0.353
MNIST,GrassmannHRD,10,50,0,565,0.192841,145.807770,12,0.354
MNIST,GrassmannHRD,10,50,0,566,0.385509,146.193279,12,0.354
MNIST,GrassmannHRD,10,50,0,567,0.254532,146.447811,12,0.355
MNIST,GrassmannHRD,10,50,0,568,0.216032,146.663843,12,0.355
MNIST,GrassmannHRD,10,50,0,569,0.334356,146.998198,12,0.356
MNIST,GrassmannHRD,10,50,0,570,0.118322,147.116521,12,0.357
MNIST,GrassmannHRD,10,50,0,571,0.328997,147.445518,12,0.357
MNIST,GrassmannHRD,10,50,0,572,0.293056,147.738574,12,0.358
MNIST,GrassmannHRD,10,50,0,573,0.258264,147.996837,12,0.358
MNIST,GrassmannHRD,10,50,0,574,0.282925,148.279762,12,0.359
MNIST,GrassmannHRD,10,50,0,575,0.235223,148.514985,12,0.360
MNIST,GrassmannHRD,10,50,0,576,0.341118,148.856103,12,0.360
MNIST,GrassmannHRD,10,50,0,577,0.312945,149.169049,12,0.361
MNIST,GrassmannHRD,10,50,0,578,0.291440,149.460488,12,0.361
MNIST,GrassmannHRD,10,50,0,579,0.159379,149.619868,12,0.362
MNIST,GrassmannHRD,10,50,0,580,0.178407,149.798275,12,0.362
MNIST,GrassmannHRD,10,50,0,581,0.270449,150.068724,12,0.363
MNIST,GrassmannHRD,10,50,0,582,0.223411,150.292135,12,0.363
MNIST,GrassmannHRD,10,50,0,583,0.213309,150.505444,12,0.364
MNIST,GrassmannHRD,10,50,0,584,0.332930,150.838374,12,0.364
MNIST,GrassmannHRD,10,50,0,585,0.222123,151.060497,12,0.365
MNIST,GrassmannHRD,10,50,0,586,0.375958,151.436455,12,0.365
MNIST,GrassmannHRD,10,50,0,587,0.169753,151.606208,12,0.366
MNIST,GrassmannHRD,10,50,0,588,0.243747,151.849955,12,0.366
MNIST,GrassmannHRD,10,50,0,589,0.189587,152.039541,12,0.367
MNIST,GrassmannHRD,10,50,0,590,0.198141,152.237683,12,0.367
MNIST,GrassmannHRD,10,50,0,591,0.218917,152.456600,12,0.368
MNIST,GrassmannHRD,10,50,0,592,0.266787,152.723386,12,0.368
MNIST,GrassmannHRD,10,50,0,593,0.214090,152.937476,12,0.369
MNIST,GrassmannHRD,10,50,0,594,0.240242,153.177718,12,0.370
MNIST,GrassmannHRD,10,50,0,595,0.357267,153.534985,12,0.370
MNIST,GrassmannHRD,10,50,0,596,0.142849,153.677834,12,0.371
MNIST,GrassmannHRD,10,50,0,597,0.216699,153.894533,12,0.371
MNIST,GrassmannHRD,10,50,0,598,0.167498,154.062031,12,0.372
MNIST,GrassmannHRD,10,50,0,599,0.121924,154.183955,12,0.373
MNIST,GrassmannHRD,10,50,0,600,0.203662,154.387617,12,0.374
MNIST,GrassmannHRD,10,50,0,601,0.194280,154.581897,12,0.374
MNIST,GrassmannHRD,10,50,0,602,0.108113,154.690010,12,0.375
MNIST,GrassmannHRD,10,50,0,603,0.260504,154.950514,12,0.375
MNIST,GrassmannHRD,10,50,0,604,0.295376,155.245889,12,0.376
MNIST,GrassmannHRD,10,50,0,605,0.278708,155.524597,12,0.376
MNIST,GrassmannHRD,10,50,0,606,0.088698,155.613294,12,0.377
MNIST,GrassmannHRD,10,50,0,607,0.257437,155.870731,12,0.377
MNIST,GrassmannHRD,10,50,0,608,0.234780,156.105511,12,0.378
MNIST,GrassmannHRD,10,50,0,609,0.232273,156.337785,12,0.378
MNIST,GrassmannHRD,10,50,0,610,0.223074,156.560858,12,0.379
MNIST,GrassmannHRD,10,50,0,611,0.116396,156.677254,12,0.380
MNIST,GrassmannHRD,10,50,0,612,0.166899,156.844153,12,0.380
MNIST,GrassmannHRD,10,50,0,613,0.368425,157.212578,12,0.381
MNIST,GrassmannHRD,10,50,0,614,0.152833,157.365411,12,0.381
MNIST,GrassmannHRD,10,50,0,615,0.258157,157.623568,12,0.382
MNIST,GrassmannHRD,10,50,0,616,0.359981,157.983549,12,0.382
MNIST,GrassmannHRD,10,50,0,617,0.337320,158.320869,12,0.383
MNIST,GrassmannHRD,10,50,0,618,0.241350,158.562219,12,0.383
MNIST,GrassmannHRD,10,50,0,619,0.333120,158.895339,12,0.384
MNIST,GrassmannHRD,10,50,0,620,0.196611,159.091950,12,0.384
MNIST,GrassmannHRD,10,50,0,621,0.161047,159.252997,12,0.385
MNIST,GrassmannHRD,10,50,0,622,0.346863,159.599860,12,0.385
MNIST,GrassmannHRD,10,50,0,623,0.102276,159.702135,12,0.386
MNIST,GrassmannHRD,10,50,0,624,0.403696,160.105831,12,0.386
MNIST,GrassmannHRD,10,50,0,625,0.295298,160.401129,12,0.387
MNIST,GrassmannHRD,10,50,0,626,0.483213,160.884342,12,0.388
MNIST,GrassmannHRD,10,50,0,627,0.192940,161.077283,12,0.388
MNIST,GrassmannHRD,10,50,0,628,0.343229,161.420512,12,0.389
MNIST,GrassmannHRD,10,50,0,629,0.161657,161.582168,12,0.389
MNIST,GrassmannHRD,10,50,0,630,0.224656,161.806825,12,0.390
MNIST,GrassmannHRD,10,50,0,631,0.490900,162.297725,12,0.390
MNIST,GrassmannHRD,10,50,0,632,0.091071,162.388795,12,0.391
MNIST,GrassmannHRD,10,50,0,633,0.386918,162.775713,12,0.391
MNIST,GrassmannHRD,10,50,0,634,0.134815,162.910529,12,0.392
MNIST,GrassmannHRD,10,50,0,635,0.343108,163.253636,12,0.392
MNIST,GrassmannHRD,10,50,0,636,0.249829,163.503465,12,0.393
MNIST,GrassmannHRD,10,50,0,637,0.192138,163.695603,12,0.393
MNIST,GrassmannHRD,10,50,0,638,0.415846,164.111449,12,0.394
MNIST,GrassmannHRD,10,50,0,639,0.281343,164.392793,12,0.395
MNIST,GrassmannHRD,10,50,0,640,0.306979,164.699772,12,0.395
MNIST,GrassmannHRD,10,50,0,641,0.340584,165.040356,12,0.396
MNIST,GrassmannHRD,10,50,0,642,0.317062,165.357418,12,0.396
MNIST,GrassmannHRD,10,50,0,643,0.298785,165.656203,12,0.397
MNIST,GrassmannHRD,10,50,0,644,0.256140,165.912343,12,0.397
MNIST,GrassmannHRD,10,50,0,645,0.250137,166.162480,12,0.398
MNIST,GrassmannHRD,10,50,0,646,0.416398,166.578877,12,0.398
MNIST,GrassmannHRD,10,50,0,647,0.280137,166.859014,12,0.399
MNIST,GrassmannHRD,10,50,0,648,0.142097,167.001111,12,0.399
MNIST,GrassmannHRD,10,50,0,649,0.495781,167.496892,12,0.400
MNIST,GrassmannHRD,10,50,0,650,0.187562,167.684454,12,0.401
MNIST,GrassmannHRD,10,50,0,651,0.132506,167.816960,12,0.401
MNIST,GrassmannHRD,10,50,0,652,0.286475,168.103435,12,0.402
MNIST,GrassmannHRD,10,50,0,653,0.122214,168.225648,12,0.402
MNIST,GrassmannHRD,10,50,0,654,0.324757,168.550405,12,0.403
MNIST,GrassmannHRD,10,50,0,655,0.247479,168.797884,12,0.403
MNIST,GrassmannHRD,10,50,0,656,0.365724,169.163608,12,0.404
MNIST,GrassmannHRD,10,50,0,657,0.260105,169.423714,12,0.405
MNIST,GrassmannHRD,10,50,0,658,0.315416,169.739130,12,0.405
MNIST,GrassmannHRD,10,50,0,659,0.173884,169.913014,12,0.406
MNIST,GrassmannHRD,10,50,0,660,0.099161,170.012175,12,0.406
MNIST,GrassmannHRD,10,50,0,661,0.232368,170.244543,12,0.407
MNIST,GrassmannHRD,10,50,0,662,0.210440,170.454984,12,0.407
MNIST,GrassmannHRD,10,50,0,663,0.167202,170.622186,12,0.408
MNIST,GrassmannHRD,10,50,0,664,0.197104,170.819290,12,0.408
MNIST,GrassmannHRD,10,50,0,665,0.270194,171.089484,12,0.409
MNIST,GrassmannHRD,10,50,0,666,0.187233,171.276717,12,0.409
MNIST,GrassmannHRD,10,50,0,667,0.195804,171.472521,12,0.410
MNIST,GrassmannHRD,10,50,0,668,0.191318,171.663839,12,0.410
MNIST,GrassmannHRD,10,50,0,669,0.200921,171.864760,12,0.411
MNIST,GrassmannHRD,10,50,0,670,0.315034,172.179794,12,0.412
MNIST,GrassmannHRD,10,50,0,671,0.279891,172.459685,12,0.412
MNIST,GrassmannHRD,10,50,0,672,0.224544,172.684229,12,0.413
MNIST,GrassmannHRD,10,50,0,673,0.149897,172.834125,12,0.413
MNIST,GrassmannHRD,10,50,0,674,0.095320,172.929446,12,0.414
MNIST,GrassmannHRD,10,50,0,675,0.339898,173.269344,12,0.414
MNIST,GrassmannHRD,10,50,0,676,0.484933,173.754276,12,0.415
MNIST,GrassmannHRD,10,50,0,677,0.244274,173.998550,12,0.415
MNIST,GrassmannHRD,10,50,0,678,0.197686,174.196236,12,0.416
MNIST,GrassmannHRD,10,50,0,679,0.295609,174.491845,12,0.416
MNIST,GrassmannHRD,10,50,0,680,0.225785,174.717630,12,0.417
MNIST,GrassmannHRD,10,50,0,681,0.300519,175.018149,12,0.417
MNIST,GrassmannHRD,10,50,0,682,0.345642,175.363791,12,0.418
MNIST,GrassmannHRD,10,50,0,683,0.258588,175.622379,12,0.418
MNIST,GrassmannHRD,10,50,0,684,0.399830,176.022209,12,0.419
MNIST,GrassmannHRD,10,50,0,685,0.306234,176.328443,12,0.420
MNIST,GrassmannHRD,10,50,0,686,0.156749,176.485192,12,0.420
MNIST,GrassmannHRD,10,50,0,687,0.196031,176.681223,12,0.421
MNIST,GrassmannHRD,10,50,0,688,0.128851,176.810073,12,0.421
MNIST,GrassmannHRD,10,50,0,689,0.299875,177.109948,12,0.422
MNIST,GrassmannHRD,10,50,0,690,0.448052,177.558000,12,0.422
MNIST,GrassmannHRD,10,50,0,691,0.239001,177.797001,12,0.423
MNIST,GrassmannHRD,10,50,0,692,0.225267,178.022267,12,0.423
MNIST,GrassmannHRD,10,50,0,693,0.379369,178.401637,12,0.424
MNIST,GrassmannHRD,10,50,0,694,0.226495,178.628131,12,0.424
MNIST,GrassmannHRD,10,50,0,695,0.334204,178.962336,12,0.425
MNIST,GrassmannHRD,10,50,0,696,0.224816,179.187152,12,0.425
MNIST,GrassmannHRD,10,50,0,697,0.296414,179.483565,12,0.426
MNIST,GrassmannHRD,10,50,0,698,0.274410,179.757975,12,0.427
MNIST,GrassmannHRD,10,50,0,699,0.224374,179.982349,12,0.427
MNIST,GrassmannHRD,10,50,0,700,0.135293,180.117642,12,0.428
MNIST,GrassmannHRD,10,50,0,701,0.261033,180.378675,12,0.428
MNIST,GrassmannHRD,10,50,0,702,0.222246,180.600921,12,0.429
MNIST,GrassmannHRD,10,50,0,703,0.215406,180.816327,12,0.429
MNIST,GrassmannHRD,10,50,0,704,0.178698,180.995026,12,0.430
MNIST,GrassmannHRD,10,50,0,705,0.458827,181.453853,12,0.430
MNIST,GrassmannHRD,10,50,0,706,0.235472,181.689325,12,0.431
MNIST,GrassmannHRD,10,50,0,707,0.306304,181.995629,12,0.432
MNIST,GrassmannHRD,10,50,0,708,0.241241,182.236870,12,0.432
MNIST,GrassmannHRD,10,50,0,709,0.236855,182.473725,12,0.433
MNIST,GrassmannHRD,10,50,0,710,0.233134,182.706859,12,0.433
MNIST,GrassmannHRD,10,50,0,711,0.332095,183.038954,12,0.434
MNIST,GrassmannHRD,10,50,0,712,0.233724,183.272678,12,0.434
MNIST,GrassmannHRD,10,50,0,713,0.296025,183.568703,12,0.435
MNIST,GrassmannHRD,10,50,0,714,0.356587,183.925290,12,0.435
MNIST,GrassmannHRD,10,50,0,715,0.263475,184.188764,12,0.436
MNIST,GrassmannHRD,10,50,0,716,0.175610,184.364375,12,0.437
MNIST,GrassmannHRD,10,50,0,717,0.411902,184.776277,12,0.437
MNIST,GrassmannHRD,10,50,0,718,0.264417,185.040694,12,0.438
MNIST,GrassmannHRD,10,50,0,719,0.172434,185.213127,12,0.438
MNIST,GrassmannHRD,10,50,0,720,0.278999,185.492126,12,0.439
MNIST,GrassmannHRD,10,50,0,721,0.314513,185.806639,12,0.439
MNIST,GrassmannHRD,10,50,0,722,0.126513,185.933152,12,0.440
MNIST,GrassmannHRD,10,50,0,723,0.267661,186.200813,12,0.440
MNIST,GrassmannHRD,10,50,0,724,0.188069,186.388882,12,0.441
MNIST,GrassmannHRD,10,50,0,725,0.370642,186.759523,12,0.441
MNIST,GrassmannHRD,10,50,0,726,0.252152,187.011675,12,0.442
MNIST,GrassmannHRD,10,50,0,727,0.205474,187.217150,12,0.442
MNIST,GrassmannHRD,10,50,0,728,0.332634,187.549784,12,0.443
MNIST,GrassmannHRD,10,50,0,729,0.311715,187.861499,12,0.443
MNIST,GrassmannHRD,10,50,0,730,0.178546,188.040044,12,0.444
MNIST,GrassmannHRD,10,50,0,731,0.296700,188.336744,12,0.444
MNIST,GrassmannHRD,10,50,0,732,0.311642,188.648386,12,0.445
MNIST,GrassmannHRD,10,50,0,733,0.180434,188.828820,12,0.446
MNIST,GrassmannHRD,10,50,0,734,0.176501,189.005321,12,0.446
MNIST,GrassmannHRD,10,50,0,735,0.331577,189.336898,12,0.447
MNIST,GrassmannHRD,10,50,0,736,0.275762,189.612660,12,0.447
MNIST,GrassmannHRD,10,50,0,737,0.151765,189.764425,12,0.448
MNIST,GrassmannHRD,10,50,0,738,0.116922,189.881347,12,0.448
MNIST,GrassmannHRD,10,50,0,739,0.158463,190.039810,12,0.449
MNIST,GrassmannHRD,10,50,0,740,0.327512,190.367321,12,0.449
MNIST,GrassmannHRD,10,50,0,741,0.263003,190.630324,12,0.450
MNIST,GrassmannHRD,10,50,0,742,0.240305,190.870630,12,0.450
MNIST,GrassmannHRD,10,50,0,743,0.256130,191.126760,12,0.451
MNIST,GrassmannHRD,10,50,0,744,0.180012,191.306771,12,0.451
MNIST,GrassmannHRD,10,50,0,745,0.118477,191.425249,12,0.452
MNIST,GrassmannHRD,10,50,0,746,0.217544,191.642792,12,0.452
MNIST,GrassmannHRD,10,50,0,747,0.298874,191.941667,12,0.453
MNIST,GrassmannHRD,10,50,0,748,0.355245,192.296912,12,0.454
MNIST,GrassmannHRD,10,50,0,749,0.263771,192.560682,12,0.454
MNIST,GrassmannHRD,10,50,0,750,0.247351,192.808033,12,0.455
MNIST,GrassmannHRD,10,50,0,751,0.198408,193.006441,12,0.455
MNIST,GrassmannHRD,10,50,0,752,0.398236,193.404676,12,0.456
MNIST,GrassmannHRD,10,50,0,753,0.295180,193.699857,12,0.456
MNIST,GrassmannHRD,10,50,0,754,0.299110,193.998967,12,0.457
MNIST,GrassmannHRD,10,50,0,755,0.226945,194.225912,12,0.457
MNIST,GrassmannHRD,10,50,0,756,0.261599,194.487511,12,0.458
MNIST,GrassmannHRD,10,50,0,757,0.249479,194.736990,12,0.458
MNIST,GrassmannHRD,10,50,0,758,0.600478,195.337468,12,0.459
MNIST,GrassmannHRD,10,50,0,759,0.307192,195.644661,12,0.459
MNIST,GrassmannHRD,10,50,0,760,0.184900,195.829560,12,0.460
MNIST,GrassmannHRD,10,50,0,761,0.316241,196.145802,12,0.460
MNIST,GrassmannHRD,10,50,0,762,0.472723,196.618525,12,0.461
MNIST,GrassmannHRD,10,50,0,763,0.286601,196.905126,12,0.462
MNIST,GrassmannHRD,10,50,0,764,0.217213,197.122340,12,0.462
MNIST,GrassmannHRD,10,50,0,765,0.145175,197.267515,12,0.463
MNIST,GrassmannHRD,10,50,0,766,0.214970,197.482484,12,0.463
MNIST,GrassmannHRD,10,50,0,767,0.310481,197.792966,12,0.464
MNIST,GrassmannHRD,10,50,0,768,0.305943,198.098908,12,0.464
MNIST,GrassmannHRD,10,50,0,769,0.273202,198.372111,12,0.465
MNIST,GrassmannHRD,10,50,0,770,0.201774,198.573885,12,0.465
MNIST,GrassmannHRD,10,50,0,771,0.092375,198.666260,12,0.466
MNIST,GrassmannHRD,10,50,0,772,0.192121,198.858381,12,0.466
MNIST,GrassmannHRD,10,50,0,773,0.092809,198.951190,12,0.467
MNIST,GrassmannHRD,10,50,0,774,0.483713,199.434903,12,0.468
MNIST,GrassmannHRD,10,50,0,775,0.260468,199.695371,12,0.468
MNIST,GrassmannHRD,10,50,0,776,0.221733,199.917104,12,0.469
MNIST,GrassmannHRD,10,50,0,777,0.271281,200.188385,12,0.469
MNIST,GrassmannHRD,10,50,0,778,0.359342,200.547727,12,0.470
MNIST,GrassmannHRD,10,50,0,779,0.351299,200.899026,12,0.470
MNIST,GrassmannHRD,10,50,0,780,0.381677,201.280703,12,0.471
MNIST,GrassmannHRD,10,50,0,781,0.326183,201.606886,12,0.471
MNIST,GrassmannHRD,10,50,0,782,0.250391,201.857277,12,0.472
MNIST,GrassmannHRD,10,50,0,783,0.296017,202.153294,12,0.472
MNIST,GrassmannHRD,10,50,0,784,0.293679,202.446973,12,0.473
MNIST,GrassmannHRD,10,50,0,785,0.227005,202.673978,12,0.473
MNIST,GrassmannHRD,10,50,0,786,0.268518,202.942496,12,0.474
MNIST,GrassmannHRD,10,50,0,787,0.393136,203.335632,12,0.475
MNIST,GrassmannHRD,10,50,0,788,0.148999,203.484631,12,0.475
MNIST,GrassmannHRD,10,50,0,789,0.233305,203.717936,12,0.476
MNIST,GrassmannHRD,10,50,0,790,0.195615,203.913551,12,0.476
MNIST,GrassmannHRD,10,50,0,791,0.292106,204.205656,12,0.477
MNIST,GrassmannHRD,10,50,0,792,0.290339,204.495996,12,0.477
MNIST,GrassmannHRD,10,50,0,793,0.211933,204.707929,12,0.478
MNIST,GrassmannHRD,10,50,0,794,0.199705,204.907634,12,0.478
MNIST,GrassmannHRD,10,50,0,795,0.168705,205.076339,12,0.479
MNIST,GrassmannHRD,10,50,0,796,0.397132,205.473470,12,0.479
MNIST,GrassmannHRD,10,50,0,797,0.294276,205.767746,12,0.480
MNIST,GrassmannHRD,10,50,0,798,0.388695,206.156441,12,0.480
MNIST,GrassmannHRD,10,50,0,799,0.305340,206.461781,12,0.481
MNIST,GrassmannHRD,10,50,0,800,0.222836,206.684617,12,0.482
MNIST,GrassmannHRD,10,50,0,801,0.305241,206.989858,12,0.482
MNIST,GrassmannHRD,10,50,0,802,0.173565,207.163423,12,0.483
MNIST,GrassmannHRD,10,50,0,803,0.259232,207.422654,12,0.483
MNIST,GrassmannHRD,10,50,0,804,0.463928,207.886582,12,0.484
MNIST,GrassmannHRD,10,50,0,805,0.283596,208.170178,12,0.484
MNIST,GrassmannHRD,10,50,0,806,0.308154,208.478332,12,0.485
MNIST,GrassmannHRD,10,50,0,807,0.242869,208.721201,12,0.485
MNIST,GrassmannHRD,10,50,0,808,0.302691,209.023893,12,0.486
MNIST,GrassmannHRD,10,50,0,809,0.230338,209.254231,12,0.486
MNIST,GrassmannHRD,10,50,0,810,0.307474,209.561705,12,0.487
MNIST,GrassmannHRD,10,50,0,811,0.382357,209.944062,12,0.487
MNIST,GrassmannHRD,10,50,0,812,0.205272,210.149333,12,0.488
MNIST,GrassmannHRD,10,50,0,813,0.398792,210.548126,12,0.488
MNIST,GrassmannHRD,10,50,0,814,0.174214,210.722340,12,0.489
MNIST,GrassmannHRD,10,50,0,815,0.298603,211.020943,12,0.489
MNIST,GrassmannHRD,10,50,0,816,0.154078,211.175021,12,0.490
MNIST,GrassmannHRD,10,50,0,817,0.260905,211.435926,12,0.491
MNIST,GrassmannHRD,10,50,0,818,0.260540,211.696466,12,0.491
MNIST,GrassmannHRD,10,50,0,819,0.323901,212.020367,12,0.492
MNIST,GrassmannHRD,10,50,0,820,0.278595,212.298962,12,0.492
MNIST,GrassmannHRD,10,50,0,821,0.253423,212.552385,12,0.493
MNIST,GrassmannHRD,10,50,0,822,0.259019,212.811404,12,0.493
MNIST,GrassmannHRD,10,50,0,823,0.409734,213.221137,12,0.494
MNIST,GrassmannHRD,10,50,0,824,0.287580,213.508717,12,0.494
MNIST,GrassmannHRD,10,50,0,825,0.303824,213.812541,12,0.495
MNIST,GrassmannHRD,10,50,0,826,0.217404,214.029945,12,0.495
MNIST,GrassmannHRD,10,50,0,827,0.222689,214.252634,12,0.496
MNIST,GrassmannHRD,10,50,0,828,0.172691,214.425325,12,0.496
MNIST,GrassmannHRD,10,50,0,829,0.192317,214.617643,12,0.497
MNIST,GrassmannHRD,10,50,0,830,0.223262,214.840905,12,0.498
MNIST,GrassmannHRD,10,50,0,831,0.212635,215.053540,12,0.498
MNIST,GrassmannHRD,10,50,0,832,0.231088,215.284628,12,0.499
MNIST,GrassmannHRD,10,50,0,833,0.363571,215.648199,12,0.499
MNIST,GrassmannHRD,10,50,0,834,0.246737,215.894936,12,0.500
MNIST,GrassmannHRD,10,50,0,835,0.270276,216.165212,12,0.500
MNIST,GrassmannHRD,10,50,0,836,0.397501,216.562713,12,0.501
MNIST,GrassmannHRD,10,50,0,837,0.421066,216.983779,12,0.501
MNIST,GrassmannHRD,10,50,0,838,0.175290,217.159069,12,0.502
MNIST,GrassmannHRD,10,50,0,839,0.155223,217.314291,12,0.502
MNIST,GrassmannHRD,10,50,0,840,0.300347,217.614639,12,0.503
MNIST,GrassmannHRD,10,50,0,841,0.141210,217.755849,12,0.503
MNIST,GrassmannHRD,10,50,0,842,0.218141,217.973990,12,0.504
MNIST,GrassmannHRD,10,50,0,843,0.103873,218.077863,12,0.505
MNIST,GrassmannHRD,10,50,0,844,0.153234,218.231097,12,0.505
MNIST,GrassmannHRD,10,50,0,845,0.244744,218.475841,12,0.506
MNIST,GrassmannHRD,10,50,0,846,0.218908,218.694749,12,0.506
MNIST,GrassmannHRD,10,50,0,847,0.253318,218.948066,12,0.507
MNIST,GrassmannHRD,10,50,0,848,0.211802,219.159868,12,0.507
MNIST,GrassmannHRD,10,50,0,849,0.251586,219.411454,12,0.508
MNIST,GrassmannHRD,10,50,0,850,0.313065,219.724519,12,0.508
MNIST,GrassmannHRD,10,50,0,851,0.242629,219.967149,12,0.509
MNIST,GrassmannHRD,10,50,0,852,0.297560,220.264709,12,0.509
MNIST,GrassmannHRD,10,50,0,853,0.192675,220.457384,12,0.510
MNIST,GrassmannHRD,10,50,0,854,0.236221,220.693604,12,0.511
MNIST,GrassmannHRD,10,50,0,855,0.261293,220.954897,12,0.511
MNIST,GrassmannHRD,10,50,0,856,0.192640,221.147537,12,0.512
MNIST,GrassmannHRD,10,50,0,857,0.149079,221.296615,12,0.512
MNIST,GrassmannHRD,10,50,0,858,0.257673,221.554288,12,0.513
MNIST,GrassmannHRD,10,50,0,859,0.190816,221.745104,12,0.513
MNIST,GrassmannHRD,10,50,0,860,0.185442,221.930546,12,0.514
MNIST,GrassmannHRD,10,50,0,861,0.351525,222.282071,12,0.514
MNIST,GrassmannHRD,10,50,0,862,0.149474,222.431546,12,0.515
MNIST,GrassmannHRD,10,50,0,863,0.150575,222.582121,12,0.516
MNIST,GrassmannHRD,10,50,0,864,0.265522,222.847643,12,0.516
MNIST,GrassmannHRD,10,50,0,865,0.229281,223.076924,12,0.517
MNIST,GrassmannHRD,10,50,0,866,0.209668,223.286592,12,0.517
MNIST,GrassmannHRD,10,50,0,867,0.331999,223.618591,12,0.518
MNIST,GrassmannHRD,10,50,0,868,0.121070,223.739661,12,0.518
MNIST,GrassmannHRD,10,50,0,869,0.308773,224.048434,12,0.519
MNIST,GrassmannHRD,10,50,0,870,0.152070,224.200504,12,0.519
MNIST,GrassmannHRD,10,50,0,871,0.308126,224.508630,12,0.520
MNIST,GrassmannHRD,10,50,0,872,0.167220,224.675850,12,0.520
MNIST,GrassmannHRD,10,50,0,873,0.281645,224.957495,12,0.521
MNIST,GrassmannHRD,10,50,0,874,0.096124,225.053619,12,0.521
MNIST,GrassmannHRD,10,50,0,875,0.173119,225.226738,12,0.522
MNIST,GrassmannHRD,10,50,0,876,0.390920,225.617657,12,0.522
MNIST,GrassmannHRD,10,50,0,877,0.214508,225.832166,12,0.523
MNIST,GrassmannHRD,10,50,0,878,0.189233,226.021399,12,0.523
MNIST,GrassmannHRD,10,50,0,879,0.063432,226.084831,12,0.524
MNIST,GrassmannHRD,10,50,0,880,0.374415,226.459246,12,0.525
MNIST,GrassmannHRD,10,50,0,881,0.204065,226.663311,12,0.525
MNIST,GrassmannHRD,10,50,0,882,0.186706,226.850017,12,0.526
MNIST,GrassmannHRD,10,50,0,883,0.134593,226.984611,12,0.526
MNIST,GrassmannHRD,10,50,0,884,0.181153,227.165764,12,0.527
MNIST,GrassmannHRD,10,50,0,885,0.141198,227.306961,12,0.527
MNIST,GrassmannHRD,10,50,0,886,0.302151,227.609112,12,0.528
MNIST,GrassmannHRD,10,50,0,887,0.222925,227.832037,12,0.529
MNIST,GrassmannHRD,10,50,0,888,0.161363,227.993400,12,0.529
MNIST,GrassmannHRD,10,50,0,889,0.330203,228.323604,12,0.530
MNIST,GrassmannHRD,10,50,0,890,0.231893,228.555496,12,0.530
MNIST,GrassmannHRD,10,50,0,891,0.166391,228.721888,12,0.531
MNIST,GrassmannHRD,10,50,0,892,0.225736,228.947624,12,0.531
MNIST,GrassmannHRD,10,50,0,893,0.306098,229.253722,12,0.532
MNIST,GrassmannHRD,10,50,0,894,0.113068,229.366789,12,0.532
MNIST,GrassmannHRD,10,50,0,895,0.194617,229.561406,12,0.533
MNIST,GrassmannHRD,10,50,0,896,0.298774,229.860180,12,0.533
MNIST,GrassmannHRD,10,50,0,897,0.311308,230.171488,12,0.534
MNIST,GrassmannHRD,10,50,0,898,0.106736,230.278224,12,0.534
MNIST,GrassmannHRD,10,50,0,899,0.337234,230.615458,12,0.535
MNIST,GrassmannHRD,10,50,0,900,0.312464,230.927922,12,0.536
MNIST,GrassmannHRD,10,50,0,901,0.199169,231.127091,12,0.536
MNIST,GrassmannHRD,10,50,0,902,0.344730,231.471821,12,0.537
MNIST,GrassmannHRD,10,50,0,903,0.319219,231.791039,12,0.537
MNIST,GrassmannHRD,10,50,0,904,0.318041,232.109080,12,0.538
MNIST,GrassmannHRD,10,50,0,905,0.131846,232.240927,12,0.538
MNIST,GrassmannHRD,10,50,0,906,0.103297,232.344224,12,0.539
MNIST,GrassmannHRD,10,50,0,907,0.190872,232.535096,12,0.539
MNIST,GrassmannHRD,10,50,0,908,0.246144,232.781240,12,0.540
MNIST,GrassmannHRD,10,50,0,909,0.235403,233.016644,12,0.540
MNIST,GrassmannHRD,10,50,0,910,0.240486,233.257130,12,0.541
MNIST,GrassmannHRD,10,50,0,911,0.286758,233.543888,12,0.541
MNIST,GrassmannHRD,10,50,0,912,0.207616,233.751505,12,0.542
MNIST,GrassmannHRD,10,50,0,913,0.221661,233.973166,12,0.542
MNIST,GrassmannHRD,10,50,0,914,0.148147,234.121313,12,0.543
MNIST,GrassmannHRD,10,50,0,915,0.208449,234.329762,12,0.544
MNIST,GrassmannHRD,10,50,0,916,0.236501,234.566263,12,0.544
MNIST,GrassmannHRD,10,50,0,917,0.357828,234.924091,12,0.545
MNIST,GrassmannHRD,10,50,0,918,0.255032,235.179123,12,0.546
MNIST,GrassmannHRD,10,50,0,919,0.177699,235.356822,12,0.546
MNIST,GrassmannHRD,10,50,0,920,0.156555,235.513377,12,0.547
MNIST,GrassmannHRD,10,50,0,921,0.245286,235.758663,12,0.547
MNIST,GrassmannHRD,10,50,0,922,0.126840,235.885503,12,0.548
MNIST,GrassmannHRD,10,50,0,923,0.357556,236.243059,12,0.548
MNIST,GrassmannHRD,10,50,0,924,0.265699,236.508757,12,0.549
MNIST,GrassmannHRD,10,50,0,925,0.388010,236.896768,12,0.549
MNIST,GrassmannHRD,10,50,0,926,0.093202,236.989970,12,0.550
MNIST,GrassmannHRD,10,50,0,927,0.392988,237.382958,12,0.550
MNIST,GrassmannHRD,10,50,0,928,0.210250,237.593208,12,0.551
MNIST,GrassmannHRD,10,50,0,929,0.237468,237.830676,12,0.551
MNIST,GrassmannHRD,10,50,0,930,0.101950,237.932626,12,0.552
MNIST,GrassmannHRD,10,50,0,931,0.159181,238.091807,12,0.552
MNIST,GrassmannHRD,10,50,0,932,0.363533,238.455340,12,0.553
MNIST,GrassmannHRD,10,50,0,933,0.204767,238.660107,12,0.553
MNIST,GrassmannHRD,10,50,0,934,0.253351,238.913458,12,0.554
MNIST,GrassmannHRD,10,50,0,935,0.209274,239.122732,12,0.555
MNIST,GrassmannHRD,10,50,0,936,0.172463,239.295196,12,0.555
MNIST,GrassmannHRD,10,50,0,937,0.278618,239.573814,12,0.556
MNIST,GrassmannHRD,10,50,0,938,0.216610,239.790424,12,0.556
MNIST,GrassmannHRD,10,50,0,939,0.334299,240.124722,12,0.557
MNIST,GrassmannHRD,10,50,0,940,0.219150,240.343873,12,0.557
MNIST,GrassmannHRD,10,50,0,941,0.303475,240.647347,12,0.558
MNIST,GrassmannHRD,10,50,0,942,0.226859,240.874206,12,0.558
MNIST,GrassmannHRD,10,50,0,943,0.262378,241.136584,12,0.559
MNIST,GrassmannHRD,10,50,0,944,0.175527,241.312111,12,0.559
MNIST,GrassmannHRD,10,50,0,945,0.268210,241.580321,12,0.560
MNIST,GrassmannHRD,10,50,0,946,0.275208,241.855530,12,0.560
MNIST,GrassmannHRD,10,50,0,947,0.273276,242.128806,12,0.561
MNIST,GrassmannHRD,10,50,0,948,0.238830,242.367636,12,0.562
MNIST,GrassmannHRD,10,50,0,949,0.311754,242.679389,12,0.562
MNIST,GrassmannHRD,10,50,0,950,0.271203,242.950593,12,0.563
MNIST,GrassmannHRD,10,50,0,951,0.339333,243.289926,12,0.563
MNIST,GrassmannHRD,10,50,0,952,0.428557,243.718483,12,0.564
MNIST,GrassmannHRD,10,50,0,953,0.382776,244.101259,12,0.564
MNIST,GrassmannHRD,10,50,0,954,0.358091,244.459350,12,0.565
MNIST,GrassmannHRD,10,50,0,955,0.280781,244.740131,12,0.565
MNIST,GrassmannHRD,10,50,0,956,0.274583,245.014714,12,0.566
MNIST,GrassmannHRD,10,50,0,957,0.193804,245.208517,12,0.566
MNIST,GrassmannHRD,10,50,0,958,0.222300,245.430817,12,0.567
MNIST,GrassmannHRD,10,50,0,959,0.160739,245.591556,12,0.568
MNIST,GrassmannHRD,10,50,0,960,0.317822,245.909378,12,0.568
MNIST,GrassmannHRD,10,50,0,961,0.368424,246.277802,12,0.569
MNIST,GrassmannHRD,10,50,0,962,0.302790,246.580592,12,0.569
MNIST,GrassmannHRD,10,50,0,963,0.211881,246.792473,12,0.570
MNIST,GrassmannHRD,10,50,0,964,0.431717,247.224190,12,0.570
MNIST,GrassmannHRD,10,50,0,965,0.251648,247.475838,12,0.571
MNIST,GrassmannHRD,10,50,0,966,0.213421,247.689259,12,0.571
MNIST,GrassmannHRD,10,50,0,967,0.072122,247.761381,12,0.572
MNIST,GrassmannHRD,10,50,0,968,0.332523,248.093904,12,0.572
MNIST,GrassmannHRD,10,50,0,969,0.260693,248.354597,12,0.573
MNIST,GrassmannHRD,10,50,0,970,0.251330,248.605927,12,0.573
MNIST,GrassmannHRD,10,50,0,971,0.282854,248.888781,12,0.574
MNIST,GrassmannHRD,10,50,0,972,0.306844,249.195624,12,0.575
MNIST,GrassmannHRD,10,50,0,973,0.326271,249.521895,12,0.575
MNIST,GrassmannHRD,10,50,0,974,0.294294,249.816189,12,0.576
MNIST,GrassmannHRD,10,50,0,975,0.223753,250.039942,12,0.576
MNIST,GrassmannHRD,10,50,0,976,0.184529,250.224471,12,0.577
MNIST,GrassmannHRD,10,50,0,977,0.217150,250.441621,12,0.577
MNIST,GrassmannHRD,10,50,0,978,0.231308,250.672930,12,0.578
MNIST,GrassmannHRD,10,50,0,979,0.314610,250.987539,12,0.578
MNIST,GrassmannHRD,10,50,0,980,0.290786,251.278325,12,0.579
MNIST,GrassmannHRD,10,50,0,981,0.460189,251.738515,12,0.579
MNIST,GrassmannHRD,10,50,0,982,0.315318,252.053833,12,0.580
MNIST,GrassmannHRD,10,50,0,983,0.299991,252.353824,12,0.580
MNIST,GrassmannHRD,10,50,0,984,0.296582,252.650406,12,0.581
MNIST,GrassmannHRD,10,50,0,985,0.206614,252.857020,12,0.581
MNIST,GrassmannHRD,10,50,0,986,0.236600,253.093619,12,0.582
MNIST,GrassmannHRD,10,50,0,987,0.282540,253.376160,12,0.583
MNIST,GrassmannHRD,10,50,0,988,0.197833,253.573992,12,0.583
MNIST,GrassmannHRD,10,50,0,989,0.102527,253.676520,12,0.584
MNIST,GrassmannHRD,10,50,0,990,0.261318,253.937838,12,0.584
MNIST,GrassmannHRD,10,50,0,991,0.223311,254.161149,12,0.585
MNIST,GrassmannHRD,10,50,0,992,0.334457,254.495606,12,0.585
MNIST,GrassmannHRD,10,50,0,993,0.338848,254.834454,12,0.586
MNIST,GrassmannHRD,10,50,0,994,0.336647,255.171101,12,0.586
MNIST,GrassmannHRD,10,50,0,995,0.148812,255.319913,12,0.587
MNIST,GrassmannHRD,10,50,0,996,0.378297,255.698211,12,0.587
MNIST,GrassmannHRD,10,50,0,997,0.259073,255.957284,12,0.588
MNIST,GrassmannHRD,10,50,0,998,0.203559,256.160843,12,0.588
MNIST,GrassmannHRD,10,50,0,999,0.148552,256.309395,12,0.589
MNIST,GrassmannHRD,10,50,0,1000,0.260266,256.569661,12,0.590
MNIST,GrassmannHRD,10,50,0,1001,0.251078,256.820739,12,0.591
MNIST,GrassmannHRD,10,50,0,1002,0.267978,257.088717,12,0.591
MNIST,GrassmannHRD,10,50,0,1003,0.293589,257.382306,12,0.592
MNIST,GrassmannHRD,10,50,0,1004,0.126275,257.508580,12,0.593
MNIST,GrassmannHRD,10,50,0,1005,0.353550,257.862130,12,0.593
MNIST,GrassmannHRD,10,50,0,1006,0.176830,258.038960,12,0.594
MNIST,GrassmannHRD,10,50,0,1007,0.094124,258.133084,12,0.594
MNIST,GrassmannHRD,10,50,0,1008,0.470615,258.603700,12,0.595
MNIST,GrassmannHRD,10,50,0,1009,0.141474,258.745173,12,0.596
MNIST,GrassmannHRD,10,50,0,1010,0.286809,259.031982,12,0.597
MNIST,GrassmannHRD,10,50,0,1011,0.281078,259.313061,12,0.597
MNIST,GrassmannHRD,10,50,0,1012,0.338449,259.651509,12,0.598
MNIST,GrassmannHRD,10,50,0,1013,0.195987,259.847497,12,0.598
MNIST,GrassmannHRD,10,50,0,1014,0.165269,260.012766,12,0.599
MNIST,GrassmannHRD,10,50,0,1015,0.203362,260.216127,12,0.599
MNIST,GrassmannHRD,10,50,0,1016,0.302873,260.519001,12,0.600
MNIST,GrassmannHRD,10,50,0,1017,0.290934,260.809935,12,0.601
MNIST,GrassmannHRD,10,50,0,1018,0.237677,261.047612,12,0.601
MNIST,GrassmannHRD,10,50,0,1019,0.293731,261.341343,12,0.602
MNIST,GrassmannHRD,10,50,0,1020,0.246073,261.587416,12,0.602
MNIST,GrassmannHRD,10,50,0,1021,0.318458,261.905874,12,0.603
MNIST,GrassmannHRD,10,50,0,1022,0.335820,262.241694,12,0.603
MNIST,GrassmannHRD,10,50,0,1023,0.257372,262.499065,12,0.604
MNIST,GrassmannHRD,10,50,0,1024,0.252083,262.751148,12,0.604
MNIST,GrassmannHRD,10,50,0,1025,0.410676,263.161824,12,0.605
MNIST,GrassmannHRD,10,50,0,1026,0.364417,263.526242,12,0.605
MNIST,GrassmannHRD,10,50,0,1027,0.279658,263.805900,12,0.606
MNIST,GrassmannHRD,10,50,0,1028,0.225627,264.031527,12,0.607
MNIST,GrassmannHRD,10,50,0,1029,0.328919,264.360446,12,0.607
MNIST,GrassmannHRD,10,50,0,1030,0.236950,264.597396,12,0.608
MNIST,GrassmannHRD,10,50,0,1031,0.210902,264.808298,12,0.609
MNIST,GrassmannHRD,10,50,0,1032,0.206674,265.014971,12,0.609
MNIST,GrassmannHRD,10,50,0,1033,0.152197,265.167168,12,0.610
MNIST,GrassmannHRD,10,50,0,1034,0.353821,265.520989,12,0.610
MNIST,GrassmannHRD,10,50,0,1035,0.231154,265.752143,12,0.611
MNIST,GrassmannHRD,10,50,0,1036,0.271786,266.023929,12,0.611
MNIST,GrassmannHRD,10,50,0,1037,0.273714,266.297643,12,0.612
MNIST,GrassmannHRD,10,50,0,1038,0.118340,266.415983,12,0.612
MNIST,GrassmannHRD,10,50,0,1039,0.226116,266.642099,12,0.613
MNIST,GrassmannHRD,10,50,0,1040,0.420725,267.062824,12,0.613
MNIST,GrassmannHRD,10,50,0,1041,0.288556,267.351380,12,0.614
MNIST,GrassmannHRD,10,50,0,1042,0.288684,267.640065,12,0.614
MNIST,GrassmannHRD,10,50,0,1043,0.156890,267.796955,12,0.615
MNIST,GrassmannHRD,10,50,0,1044,0.188020,267.984975,12,0.615
MNIST,GrassmannHRD,10,50,0,1045,0.244026,268.229001,12,0.616
MNIST,GrassmannHRD,10,50,0,1046,0.229254,268.458255,12,0.617
MNIST,GrassmannHRD,10,50,0,1047,0.258592,268.716847,12,0.617
MNIST,GrassmannHRD,10,50,0,1048,0.154645,268.871491,12,0.618
MNIST,GrassmannHRD,10,50,0,1049,0.238401,269.109892,12,0.618
MNIST,GrassmannHRD,10,50,0,1050,0.210115,269.320007,12,0.619
MNIST,GrassmannHRD,10,50,0,1051,0.314162,269.634169,12,0.619
MNIST,GrassmannHRD,10,50,0,1052,0.183578,269.817747,12,0.620
MNIST,GrassmannHRD,10,50,0,1053,0.332003,270.149750,12,0.620
MNIST,GrassmannHRD,10,50,0,1054,0.285538,270.435288,12,0.621
MNIST,GrassmannHRD,10,50,0,1055,0.430356,270.865645,12,0.622
MNIST,GrassmannHRD,10,50,0,1056,0.185712,271.051357,12,0.623
MNIST,GrassmannHRD,10,50,0,1057,0.508511,271.559868,12,0.624
MNIST,GrassmannHRD,10,50,0,1058,0.467639,272.027507,12,0.624
MNIST,GrassmannHRD,10,50,0,1059,0.145608,272.173116,12,0.625
MNIST,GrassmannHRD,10,50,0,1060,0.368543,272.541659,12,0.626
MNIST,GrassmannHRD,10,50,0,1061,0.314699,272.856359,12,0.626
MNIST,GrassmannHRD,10,50,0,1062,0.174766,273.031124,12,0.627
MNIST,GrassmannHRD,10,50,0,1063,0.151538,273.182662,12,0.627
MNIST,GrassmannHRD,10,50,0,1064,0.357311,273.539973,12,0.628
MNIST,GrassmannHRD,10,50,0,1065,0.133365,273.673338,12,0.628
MNIST,GrassmannHRD,10,50,0,1066,0.254188,273.927525,12,0.629
MNIST,GrassmannHRD,10,50,0,1067,0.269991,274.197517,12,0.629
MNIST,GrassmannHRD,10,50,0,1068,0.191538,274.389055,12,0.630
MNIST,GrassmannHRD,10,50,0,1069,0.362153,274.751207,12,0.630
MNIST,GrassmannHRD,10,50,0,1070,0.272449,275.023656,12,0.631
MNIST,GrassmannHRD,10,50,0,1071,0.204193,275.227849,12,0.631
MNIST,GrassmannHRD,10,50,0,1072,0.235046,275.462895,12,0.632
MNIST,GrassmannHRD,10,50,0,1073,0.226839,275.689735,12,0.632
MNIST,GrassmannHRD,10,50,0,1074,0.256418,275.946153,12,0.633
MNIST,GrassmannHRD,10,50,0,1075,0.289155,276.235307,12,0.633
MNIST,GrassmannHRD,10,50,0,1076,0.313243,276.548551,12,0.634
MNIST,GrassmannHRD,10,50,0,1077,0.252626,276.801176,12,0.634
MNIST,GrassmannHRD,10,50,0,1078,0.142370,276.943546,12,0.635
MNIST,GrassmannHRD,10,50,0,1079,0.259006,277.202552,12,0.635
MNIST,GrassmannHRD,10,50,0,1080,0.350206,277.552758,12,0.636
MNIST,GrassmannHRD,10,50,0,1081,0.338489,277.891247,12,0.637
MNIST,GrassmannHRD,10,50,0,1082,0.151841,278.043087,12,0.637
MNIST,GrassmannHRD,10,50,0,1083,0.286765,278.329853,12,0.638
MNIST,GrassmannHRD,10,50,0,1084,0.214231,278.544084,12,0.639
MNIST,GrassmannHRD,10,50,0,1085,0.298151,278.842235,12,0.639
MNIST,GrassmannHRD,10,50,0,1086,0.233074,279.075309,12,0.640
MNIST,GrassmannHRD,10,50,0,1087,0.238828,279.314136,12,0.640
MNIST,GrassmannHRD,10,50,0,1088,0.257330,279.571466,12,0.641
MNIST,GrassmannHRD,10,50,0,1089,0.168979,279.740445,12,0.641
MNIST,GrassmannHRD,10,50,0,1090,0.278618,280.019063,12,0.642
MNIST,GrassmannHRD,10,50,0,1091,0.318843,280.337906,12,0.643
MNIST,GrassmannHRD,10,50,0,1092,0.259938,280.597844,12,0.643
MNIST,GrassmannHRD,10,50,0,1093,0.273857,280.871701,12,0.644
MNIST,GrassmannHRD,10,50,0,1094,0.263034,281.134735,12,0.644
MNIST,GrassmannHRD,10,50,0,1095,0.394967,281.529701,12,0.645
MNIST,GrassmannHRD,10,50,0,1096,0.245358,281.775059,12,0.645
MNIST,GrassmannHRD,10,50,0,1097,0.192648,281.967707,12,0.646
MNIST,GrassmannHRD,10,50,0,1098,0.211481,282.179188,12,0.646
MNIST,GrassmannHRD,10,50,0,1099,0.228786,282.407974,12,0.647
MNIST,GrassmannHRD,10,50,0,1100,0.274627,282.682601,12,0.647
MNIST,GrassmannHRD,10,50,0,1101,0.330627,283.013229,12,0.648
MNIST,GrassmannHRD,10,50,0,1102,0.273904,283.287132,12,0.648
MNIST,GrassmannHRD,10,50,0,1103,0.210071,283.497204,12,0.649
MNIST,GrassmannHRD,10,50,0,1104,0.338824,283.836028,12,0.650
MNIST,GrassmannHRD,10,50,0,1105,0.184897,284.020925,12,0.650
MNIST,GrassmannHRD,10,50,0,1106,0.278435,284.299360,12,0.651
MNIST,GrassmannHRD,10,50,0,1107,0.119251,284.418611,12,0.651
MNIST,GrassmannHRD,10,50,0,1108,0.087003,284.505614,12,0.652
MNIST,GrassmannHRD,10,50,0,1109,0.300260,284.805874,12,0.652
MNIST,GrassmannHRD,10,50,0,1110,0.492186,285.298060,12,0.653
MNIST,GrassmannHRD,10,50,0,1111,0.141150,285.439210,12,0.653
MNIST,GrassmannHRD,10,50,0,1112,0.362818,285.802028,12,0.654
MNIST,GrassmannHRD,10,50,0,1113,0.288485,286.090513,12,0.655
MNIST,GrassmannHRD,10,50,0,1114,0.244430,286.334943,12,0.655
MNIST,GrassmannHRD,10,50,0,1115,0.215692,286.550635,12,0.656
MNIST,GrassmannHRD,10,50,0,1116,0.366408,286.917043,12,0.656
MNIST,GrassmannHRD,10,50,0,1117,0.279731,287.196774,12,0.657
MNIST,GrassmannHRD,10,50,0,1118,0.179701,287.376475,12,0.657
MNIST,GrassmannHRD,10,50,0,1119,0.275243,287.651718,12,0.658
MNIST,GrassmannHRD,10,50,0,1120,0.193692,287.845410,12,0.658
MNIST,GrassmannHRD,10,50,0,1121,0.306168,288.151578,12,0.659
MNIST,GrassmannHRD,10,50,0,1122,0.143594,288.295172,12,0.659
MNIST,GrassmannHRD,10,50,0,1123,0.268567,288.563739,12,0.660
MNIST,GrassmannHRD,10,50,0,1124,0.189387,288.753125,12,0.660
MNIST,GrassmannHRD,10,50,0,1125,0.402598,289.155723,12,0.661
MNIST,GrassmannHRD,10,50,0,1126,0.202697,289.358420,12,0.661
MNIST,GrassmannHRD,10,50,0,1127,0.191831,289.550251,12,0.662
MNIST,GrassmannHRD,10,50,0,1128,0.293728,289.843980,12,0.663
MNIST,GrassmannHRD,10,50,0,1129,0.224537,290.068516,12,0.663
MNIST,GrassmannHRD,10,50,0,1130,0.264571,290.333088,12,0.664
MNIST,GrassmannHRD,10,50,0,1131,0.286809,290.619896,12,0.664
MNIST,GrassmannHRD,10,50,0,1132,0.455628,291.075524,12,0.665
MNIST,GrassmannHRD,10,50,0,1133,0.085016,291.160540,12,0.665
MNIST,GrassmannHRD,10,50,0,1134,0.308850,291.469390,12,0.666
MNIST,GrassmannHRD,10,50,0,1135,0.304291,291.773681,12,0.666
MNIST,GrassmannHRD,10,50,0,1136,0.501435,292.275116,12,0.667
MNIST,GrassmannHRD,10,50,0,1137,0.207239,292.482356,12,0.667
MNIST,GrassmannHRD,10,50,0,1138,0.099893,292.582248,12,0.668
MNIST,GrassmannHRD,10,50,0,1139,0.219849,292.802097,12,0.668
MNIST,GrassmannHRD,10,50,0,1140,0.342115,293.144213,12,0.669
MNIST,GrassmannHRD,10,50,0,1141,0.305800,293.450012,12,0.670
MNIST,GrassmannHRD,10,50,0,1142,0.214735,293.664747,12,0.670
MNIST,GrassmannHRD,10,50,0,1143,0.356455,294.021202,12,0.671
MNIST,GrassmannHRD,10,50,0,1144,0.241831,294.263033,12,0.671
MNIST,GrassmannHRD,10,50,0,1145,0.157232,294.420265,12,0.672
MNIST,GrassmannHRD,10,50,0,1146,0.204179,294.624444,12,0.672
MNIST,GrassmannHRD,10,50,0,1147,0.287359,294.911803,12,0.673
MNIST,GrassmannHRD,10,50,0,1148,0.200697,295.112499,12,0.674
MNIST,GrassmannHRD,10,50,0,1149,0.089946,295.202445,12,0.674
MNIST,GrassmannHRD,10,50,0,1150,0.267539,295.469984,12,0.675
MNIST,GrassmannHRD,10,50,0,1151,0.253304,295.723288,12,0.675
MNIST,GrassmannHRD,10,50,0,1152,0.271204,295.994492,12,0.676
MNIST,GrassmannHRD,10,50,0,1153,0.257185,296.251677,12,0.677
MNIST,GrassmannHRD,10,50,0,1154,0.159170,296.410847,12,0.677
MNIST,GrassmannHRD,10,50,0,1155,0.247935,296.658782,12,0.678
MNIST,GrassmannHRD,10,50,0,1156,0.147314,296.806097,12,0.678
MNIST,GrassmannHRD,10,50,0,1157,0.085163,296.891259,12,0.679
MNIST,GrassmannHRD,10,50,0,1158,0.403363,297.294622,12,0.679
MNIST,GrassmannHRD,10,50,0,1159,0.181012,297.475634,12,0.680
MNIST,GrassmannHRD,10,50,0,1160,0.328017,297.803651,12,0.680
MNIST,GrassmannHRD,10,50,0,1161,0.417747,298.221398,12,0.681
MNIST,GrassmannHRD,10,50,0,1162,0.371785,298.593183,12,0.681
MNIST,GrassmannHRD,10,50,0,1163,0.255769,298.848952,12,0.682
MNIST,GrassmannHRD,10,50,0,1164,0.112046,298.960998,12,0.682
MNIST,GrassmannHRD,10,50,0,1165,0.112194,299.073192,12,0.683
MNIST,GrassmannHRD,10,50,0,1166,0.331335,299.404527,12,0.683
MNIST,GrassmannHRD,10,50,0,1167,0.118133,299.522660,12,0.684
MNIST,GrassmannHRD,10,50,0,1168,0.100618,299.623277,12,0.684
MNIST,GrassmannHRD,10,50,0,1169,0.223722,299.846999,12,0.685
MNIST,GrassmannHRD,10,50,0,1170,0.273116,300.120115,12,0.685
MNIST,GrassmannHRD,10,50,0,1171,0.188149,300.308264,12,0.686
MNIST,GrassmannHRD,10,50,0,1172,0.308713,300.616976,12,0.686
MNIST,GrassmannHRD,10,50,0,1173,0.155287,300.772264,12,0.687
MNIST,GrassmannHRD,10,50,0,1174,0.239504,301.011768,12,0.688
MNIST,GrassmannHRD,10,50,0,1175,0.266417,301.278185,12,0.688
MNIST,GrassmannHRD,10,50,0,1176,0.406176,301.684362,12,0.689
MNIST,GrassmannHRD,10,50,0,1177,0.089206,301.773567,12,0.689
MNIST,GrassmannHRD,10,50,0,1178,0.367927,302.141494,12,0.690
MNIST,GrassmannHRD,10,50,0,1179,0.296401,302.437895,12,0.690
MNIST,GrassmannHRD,10,50,0,1180,0.325485,302.763380,12,0.691
MNIST,GrassmannHRD,10,50,0,1181,0.284750,303.048130,12,0.691
MNIST,GrassmannHRD,10,50,0,1182,0.256259,303.304390,12,0.692
MNIST,GrassmannHRD,10,50,0,1183,0.274121,303.578511,12,0.693
MNIST,GrassmannHRD,10,50,0,1184,0.087764,303.666274,12,0.693
MNIST,GrassmannHRD,10,50,0,1185,0.401912,304.068187,12,0.694
MNIST,GrassmannHRD,10,50,0,1186,0.084851,304.153038,12,0.694
MNIST,GrassmannHRD,10,50,0,1187,0.297840,304.450878,12,0.695
MNIST,GrassmannHRD,10,50,0,1188,0.227222,304.678100,12,0.695
MNIST,GrassmannHRD,10,50,0,1189,0.189779,304.867879,12,0.696
MNIST,GrassmannHRD,10,50,0,1190,0.404148,305.272027,12,0.696
MNIST,GrassmannHRD,10,50,0,1191,0.269063,305.541090,12,0.697
MNIST,GrassmannHRD,10,50,0,1192,0.309968,305.851058,12,0.697
MNIST,GrassmannHRD,10,50,0,1193,0.163841,306.014899,12,0.698
MNIST,GrassmannHRD,10,50,0,1194,0.204238,306.219136,12,0.698
MNIST,GrassmannHRD,10,50,0,1195,0.249836,306.468972,12,0.699
MNIST,GrassmannHRD,10,50,0,1196,0.373675,306.842647,12,0.699
MNIST,GrassmannHRD,10,50,0,1197,0.303201,307.145848,12,0.700
MNIST,GrassmannHRD,10,50,0,1198,0.351576,307.497424,12,0.700
MNIST,GrassmannHRD,10,50,0,1199,0.276658,307.774082,12,0.701
MNIST,GrassmannHRD,10,50,0,1200,0.155985,307.930066,12,0.701
MNIST,GrassmannHRD,10,50,0,1201,0.448441,308.378507,12,0.702
MNIST,GrassmannHRD,10,50,0,1202,0.316533,308.695040,12,0.703
MNIST,GrassmannHRD,10,50,0,1203,0.184645,308.879685,12,0.703
MNIST,GrassmannHRD,10,50,0,1204,0.345805,309.225489,12,0.704
MNIST,GrassmannHRD,10,50,0,1205,0.219219,309.444708,12,0.704
MNIST,GrassmannHRD,10,50,0,1206,0.406399,309.851107,12,0.705
MNIST,GrassmannHRD,10,50,0,1207,0.227912,310.079019,12,0.705
MNIST,GrassmannHRD,10,50,0,1208,0.421773,310.500792,12,0.706
MNIST,GrassmannHRD,10,50,0,1209,0.280189,310.780982,12,0.706
MNIST,GrassmannHRD,10,50,0,1210,0.333641,311.114622,12,0.707
MNIST,GrassmannHRD,10,50,0,1211,0.472175,311.586797,12,0.707
MNIST,GrassmannHRD,10,50,0,1212,0.329469,311.916266,12,0.708
MNIST,GrassmannHRD,10,50,0,1213,0.219656,312.135922,12,0.708
MNIST,GrassmannHRD,10,50,0,1214,0.228281,312.364203,12,0.709
MNIST,GrassmannHRD,10,50,0,1215,0.270950,312.635153,12,0.709
MNIST,GrassmannHRD,10,50,0,1216,0.363771,312.998925,12,0.710
MNIST,GrassmannHRD,10,50,0,1217,0.284788,313.283713,12,0.710
MNIST,GrassmannHRD,10,50,0,1218,0.247284,313.530997,12,0.711
MNIST,GrassmannHRD,10,50,0,1219,0.225098,313.756094,12,0.712
MNIST,GrassmannHRD,10,50,0,1220,0.297344,314.053438,12,0.712
MNIST,GrassmannHRD,10,50,0,1221,0.375756,314.429194,12,0.713
MNIST,GrassmannHRD,10,50,0,1222,0.244217,314.673411,12,0.713
MNIST,GrassmannHRD,10,50,0,1223,0.229861,314.903272,12,0.714
MNIST,GrassmannHRD,10,50,0,1224,0.114825,315.018097,12,0.714
MNIST,GrassmannHRD,10,50,0,1225,0.335454,315.353551,12,0.715
MNIST,GrassmannHRD,10,50,0,1226,0.229369,315.582920,12,0.715
MNIST,GrassmannHRD,10,50,0,1227,0.285673,315.868593,12,0.716
MNIST,GrassmannHRD,10,50,0,1228,0.237385,316.105979,12,0.717
MNIST,GrassmannHRD,10,50,0,1229,0.354763,316.460741,12,0.717
MNIST,GrassmannHRD,10,50,0,1230,0.272741,316.733483,12,0.718
MNIST,GrassmannHRD,10,50,0,1231,0.311374,317.044857,12,0.719
MNIST,GrassmannHRD,10,50,0,1232,0.233677,317.278534,12,0.719
MNIST,GrassmannHRD,10,50,0,1233,0.219768,317.498301,12,0.720
MNIST,GrassmannHRD,10,50,0,1234,0.147097,317.645399,12,0.720
MNIST,GrassmannHRD,10,50,0,1235,0.239759,317.885158,12,0.721
MNIST,GrassmannHRD,10,50,0,1236,0.182047,318.067205,12,0.721
MNIST,GrassmannHRD,10,50,0,1237,0.515303,318.582508,12,0.722
MNIST,GrassmannHRD,10,50,0,1238,0.422258,319.004766,12,0.722
MNIST,GrassmannHRD,10,50,0,1239,0.240734,319.245500,12,0.723
MNIST,GrassmannHRD,10,50,0,1240,0.274969,319.520469,12,0.723
MNIST,GrassmannHRD,10,50,0,1241,0.254672,319.775140,12,0.724
MNIST,GrassmannHRD,10,50,0,1242,0.221683,319.996824,12,0.724
MNIST,GrassmannHRD,10,50,0,1243,0.172288,320.169112,12,0.725
MNIST,GrassmannHRD,10,50,0,1244,0.163330,320.332443,12,0.725
MNIST,GrassmannHRD,10,50,0,1245,0.261265,320.593708,12,0.726
MNIST,GrassmannHRD,10,50,0,1246,0.133530,320.727238,12,0.726
MNIST,GrassmannHRD,10,50,0,1247,0.173547,320.900785,12,0.727
MNIST,GrassmannHRD,10,50,0,1248,0.152004,321.052789,12,0.728
MNIST,GrassmannHRD,10,50,0,1249,0.118801,321.171590,12,0.728
MNIST,GrassmannHRD,10,50,0,1250,0.258019,321.429609,12,0.729
MNIST,GrassmannHRD,10,50,0,1251,0.299309,321.728918,12,0.730
MNIST,GrassmannHRD,10,50,0,1252,0.112093,321.841011,12,0.730
MNIST,GrassmannHRD,10,50,0,1253,0.184355,322.025366,12,0.731
MNIST,GrassmannHRD,10,50,0,1254,0.200967,322.226334,12,0.731
MNIST,GrassmannHRD,10,50,0,1255,0.213530,322.439863,12,0.732
MNIST,GrassmannHRD,10,50,0,1256,0.208221,322.648084,12,0.732
MNIST,GrassmannHRD,10,50,0,1257,0.232036,322.880120,12,0.733
MNIST,GrassmannHRD,10,50,0,1258,0.356982,323.237103,12,0.733
MNIST,GrassmannHRD,10,50,0,1259,0.254203,323.491306,12,0.734
MNIST,GrassmannHRD,10,50,0,1260,0.221068,323.712374,12,0.734
MNIST,GrassmannHRD,10,50,0,1261,0.158370,323.870744,12,0.735
MNIST,GrassmannHRD,10,50,0,1262,0.221653,324.092397,12,0.735
MNIST,GrassmannHRD,10,50,0,1263,0.372459,324.464856,12,0.736
MNIST,GrassmannHRD,10,50,0,1264,0.119075,324.583932,12,0.736
MNIST,GrassmannHRD,10,50,0,1265,0.244211,324.828142,12,0.737
MNIST,GrassmannHRD,10,50,0,1266,0.273582,325.101725,12,0.738
MNIST,GrassmannHRD,10,50,0,1267,0.431817,325.533542,12,0.738
MNIST,GrassmannHRD,10,50,0,1268,0.299572,325.833114,12,0.739
MNIST,GrassmannHRD,10,50,0,1269,0.344600,326.177714,12,0.739
MNIST,GrassmannHRD,10,50,0,1270,0.296696,326.474410,12,0.740
MNIST,GrassmannHRD,10,50,0,1271,0.203812,326.678221,12,0.740
MNIST,GrassmannHRD,10,50,0,1272,0.387246,327.065467,12,0.741
MNIST,GrassmannHRD,10,50,0,1273,0.149516,327.214983,12,0.741
MNIST,GrassmannHRD,10,50,0,1274,0.195273,327.410256,12,0.742
MNIST,GrassmannHRD,10,50,0,1275,0.106294,327.516550,12,0.742
MNIST,GrassmannHRD,10,50,0,1276,0.271469,327.788019,12,0.743
MNIST,GrassmannHRD,10,50,0,1277,0.252746,328.040765,12,0.743
MNIST,GrassmannHRD,10,50,0,1278,0.221845,328.262610,12,0.744
MNIST,GrassmannHRD,10,50,0,1279,0.243491,328.506101,12,0.744
MNIST,GrassmannHRD,10,50,0,1280,0.304591,328.810692,12,0.745
MNIST,GrassmannHRD,10,50,0,1281,0.230344,329.041037,12,0.746
MNIST,GrassmannHRD,10,50,0,1282,0.170518,329.211555,12,0.746
MNIST,GrassmannHRD,10,50,0,1283,0.254774,329.466330,12,0.747
MNIST,GrassmannHRD,10,50,0,1284,0.259677,329.726006,12,0.747
MNIST,GrassmannHRD,10,50,0,1285,0.173800,329.899807,12,0.748
MNIST,GrassmannHRD,10,50,0,1286,0.101712,330.001519,12,0.748
MNIST,GrassmannHRD,10,50,0,1287,0.298489,330.300008,12,0.749
MNIST,GrassmannHRD,10,50,0,1288,0.144430,330.444438,12,0.749
MNIST,GrassmannHRD,10,50,0,1289,0.260201,330.704639,12,0.750
MNIST,GrassmannHRD,10,50,0,1290,0.103972,330.808611,12,0.750
MNIST,GrassmannHRD,10,50,0,1291,0.327730,331.136341,12,0.751
MNIST,GrassmannHRD,10,50,0,1292,0.234769,331.371110,12,0.752
MNIST,GrassmannHRD,10,50,0,1293,0.262708,331.633818,12,0.752
MNIST,GrassmannHRD,10,50,0,1294,0.201962,331.835780,12,0.753
MNIST,GrassmannHRD,10,50,0,1295,0.211151,332.046931,12,0.753
MNIST,GrassmannHRD,10,50,0,1296,0.299847,332.346777,12,0.754
MNIST,GrassmannHRD,10,50,0,1297,0.158421,332.505199,12,0.754
MNIST,GrassmannHRD,10,50,0,1298,0.295597,332.800796,12,0.755
MNIST,GrassmannHRD,10,50,0,1299,0.304934,333.105730,12,0.755
MNIST,GrassmannHRD,10,50,0,1300,0.328130,333.433860,12,0.756
MNIST,GrassmannHRD,10,50,0,1301,0.318129,333.751989,12,0.757
MNIST,GrassmannHRD,10,50,0,1302,0.341032,334.093021,12,0.757
MNIST,GrassmannHRD,10,50,0,1303,0.382096,334.475117,12,0.758
MNIST,GrassmannHRD,10,50,0,1304,0.170090,334.645207,12,0.758
MNIST,GrassmannHRD,10,50,0,1305,0.276657,334.921865,12,0.759
MNIST,GrassmannHRD,10,50,0,1306,0.294629,335.216493,12,0.759
MNIST,GrassmannHRD,10,50,0,1307,0.268636,335.485129,12,0.760
MNIST,GrassmannHRD,10,50,0,1308,0.172696,335.657825,12,0.761
MNIST,GrassmannHRD,10,50,0,1309,0.205443,335.863269,12,0.761
MNIST,GrassmannHRD,10,50,0,1310,0.220695,336.083964,12,0.762
MNIST,GrassmannHRD,10,50,0,1311,0.150865,336.234829,12,0.762
MNIST,GrassmannHRD,10,50,0,1312,0.237374,336.472203,12,0.763
MNIST,GrassmannHRD,10,50,0,1313,0.279911,336.752114,12,0.763
MNIST,GrassmannHRD,10,50,0,1314,0.296828,337.048942,12,0.764
MNIST,GrassmannHRD,10,50,0,1315,0.225791,337.274733,12,0.764
MNIST,GrassmannHRD,10,50,0,1316,0.124354,337.399087,12,0.765
MNIST,GrassmannHRD,10,50,0,1317,0.484662,337.883750,12,0.765
MNIST,GrassmannHRD,10,50,0,1318,0.127876,338.011626,12,0.766
MNIST,GrassmannHRD,10,50,0,1319,0.369095,338.380720,12,0.767
MNIST,GrassmannHRD,10,50,0,1320,0.342985,338.723706,12,0.767
MNIST,GrassmannHRD,10,50,0,1321,0.262876,338.986581,12,0.768
MNIST,GrassmannHRD,10,50,0,1322,0.437598,339.424180,12,0.768
MNIST,GrassmannHRD,10,50,0,1323,0.094362,339.518542,12,0.769
MNIST,GrassmannHRD,10,50,0,1324,0.136105,339.654647,12,0.769
MNIST,GrassmannHRD,10,50,0,1325,0.210243,339.864890,12,0.770
MNIST,GrassmannHRD,10,50,0,1326,0.156576,340.021466,12,0.770
MNIST,GrassmannHRD,10,50,0,1327,0.291005,340.312471,12,0.771
MNIST,GrassmannHRD,10,50,0,1328,0.281863,340.594334,12,0.771
MNIST,GrassmannHRD,10,50,0,1329,0.065869,340.660203,12,0.772
MNIST,GrassmannHRD,10,50,0,1330,0.175255,340.835459,12,0.773
MNIST,GrassmannHRD,10,50,0,1331,0.165730,341.001188,12,0.773
MNIST,GrassmannHRD,10,50,0,1332,0.237122,341.238311,12,0.774
MNIST,GrassmannHRD,10,50,0,1333,0.289808,341.528119,12,0.774
MNIST,GrassmannHRD,10,50,0,1334,0.247663,341.775782,12,0.775
MNIST,GrassmannHRD,10,50,0,1335,0.126488,341.902270,12,0.775
MNIST,GrassmannHRD,10,50,0,1336,0.243956,342.146226,12,0.776
MNIST,GrassmannHRD,10,50,0,1337,0.264738,342.410964,12,0.776
MNIST,GrassmannHRD,10,50,0,1338,0.206750,342.617714,12,0.777
MNIST,GrassmannHRD,10,50,0,1339,0.306629,342.924343,12,0.777
MNIST,GrassmannHRD,10,50,0,1340,0.251797,343.176140,12,0.778
MNIST,GrassmannHRD,10,50,0,1341,0.338383,343.514523,12,0.778
MNIST,GrassmannHRD,10,50,0,1342,0.204664,343.719187,12,0.779
MNIST,GrassmannHRD,10,50,0,1343,0.341844,344.061031,12,0.780
MNIST,GrassmannHRD,10,50,0,1344,0.235361,344.296392,12,0.780
MNIST,GrassmannHRD,10,50,0,1345,0.264292,344.560684,12,0.781
MNIST,GrassmannHRD,10,50,0,1346,0.260132,344.820816,12,0.781
MNIST,GrassmannHRD,10,50,0,1347,0.157984,344.978800,12,0.782
MNIST,GrassmannHRD,10,50,0,1348,0.354662,345.333462,12,0.782
MNIST,GrassmannHRD,10,50,0,1349,0.241981,345.575443,12,0.783
MNIST,GrassmannHRD,10,50,0,1350,0.183292,345.758734,12,0.784
MNIST,GrassmannHRD,10,50,0,1351,0.140628,345.899362,12,0.784
MNIST,GrassmannHRD,10,50,0,1352,0.202593,346.101955,12,0.785
MNIST,GrassmannHRD,10,50,0,1353,0.536839,346.638794,12,0.785
MNIST,GrassmannHRD,10,50,0,1354,0.259155,346.897949,12,0.786
MNIST,GrassmannHRD,10,50,0,1355,0.377883,347.275832,12,0.786
MNIST,GrassmannHRD,10,50,0,1356,0.138676,347.414508,12,0.787
MNIST,GrassmannHRD,10,50,0,1357,0.249562,347.664071,12,0.787
MNIST,GrassmannHRD,10,50,0,1358,0.214652,347.878723,12,0.788
MNIST,GrassmannHRD,10,50,0,1359,0.291961,348.170684,12,0.788
MNIST,GrassmannHRD,10,50,0,1360,0.332335,348.503019,12,0.789
MNIST,GrassmannHRD,10,50,0,1361,0.096844,348.599863,12,0.789
MNIST,GrassmannHRD,10,50,0,1362,0.294949,348.894812,12,0.790
MNIST,GrassmannHRD,10,50,0,1363,0.318848,349.213660,12,0.790
MNIST,GrassmannHRD,10,50,0,1364,0.203208,349.416868,12,0.791
MNIST,GrassmannHRD,10,50,0,1365,0.250448,349.667316,12,0.792
MNIST,GrassmannHRD,10,50,0,1366,0.221498,349.888814,12,0.792
MNIST,GrassmannHRD,10,50,0,1367,0.272776,350.161591,12,0.793
MNIST,GrassmannHRD,10,50,0,1368,0.306121,350.467712,12,0.793
MNIST,GrassmannHRD,10,50,0,1369,0.228221,350.695933,12,0.794
MNIST,GrassmannHRD,10,50,0,1370,0.160178,350.856110,12,0.794
MNIST,GrassmannHRD,10,50,0,1371,0.375348,351.231458,12,0.795
MNIST,GrassmannHRD,10,50,0,1372,0.218643,351.450101,12,0.795
MNIST,GrassmannHRD,10,50,0,1373,0.165897,351.615997,12,0.796
MNIST,GrassmannHRD,10,50,0,1374,0.245838,351.861835,12,0.796
MNIST,GrassmannHRD,10,50,0,1375,0.286902,352.148737,12,0.797
MNIST,GrassmannHRD,10,50,0,1376,0.223651,352.372388,12,0.798
MNIST,GrassmannHRD,10,50,0,1377,0.258915,352.631303,12,0.798
MNIST,GrassmannHRD,10,50,0,1378,0.220608,352.851911,12,0.799
MNIST,GrassmannHRD,10,50,0,1379,0.171243,353.023154,12,0.799
MNIST,GrassmannHRD,10,50,0,1380,0.372938,353.396091,12,0.800
MNIST,GrassmannHRD,10,50,0,1381,0.162034,353.558125,12,0.800
MNIST,GrassmannHRD,10,50,0,1382,0.315802,353.873927,12,0.801
MNIST,GrassmannHRD,10,50,0,1383,0.259304,354.133231,12,0.801
MNIST,GrassmannHRD,10,50,0,1384,0.261698,354.394929,12,0.802
MNIST,GrassmannHRD,10,50,0,1385,0.245026,354.639955,12,0.802
MNIST,GrassmannHRD,10,50,0,1386,0.226430,354.866385,12,0.803
MNIST,GrassmannHRD,10,50,0,1387,0.253772,355.120158,12,0.803
MNIST,GrassmannHRD,10,50,0,1388,0.139573,355.259730,12,0.804
MNIST,GrassmannHRD,10,50,0,1389,0.259575,355.519305,12,0.805
MNIST,GrassmannHRD,10,50,0,1390,0.194546,355.713851,12,0.805
MNIST,GrassmannHRD,10,50,0,1391,0.230077,355.943928,12,0.806
MNIST,GrassmannHRD,10,50,0,1392,0.190646,356.134573,12,0.806
MNIST,GrassmannHRD,10,50,0,1393,0.246892,356.381466,12,0.807
MNIST,GrassmannHRD,10,50,0,1394,0.172000,356.553466,12,0.807
MNIST,GrassmannHRD,10,50,0,1395,0.259540,356.813006,12,0.808
MNIST,GrassmannHRD,10,50,0,1396,0.361807,357.174813,12,0.808
MNIST,GrassmannHRD,10,50,0,1397,0.384470,357.559283,12,0.809
MNIST,GrassmannHRD,10,50,0,1398,0.122654,357.681937,12,0.809
MNIST,GrassmannHRD,10,50,0,1399,0.168715,357.850652,12,0.810
MNIST,GrassmannHRD,10,50,0,1400,0.167462,358.018113,12,0.811
MNIST,GrassmannHRD,10,50,0,1401,0.320752,358.338865,12,0.812
MNIST,GrassmannHRD,10,50,0,1402,0.166100,358.504966,12,0.812
MNIST,GrassmannHRD,10,50,0,1403,0.209980,358.714946,12,0.813
MNIST,GrassmannHRD,10,50,0,1404,0.192125,358.907071,12,0.813
MNIST,GrassmannHRD,10,50,0,1405,0.216271,359.123342,12,0.814
MNIST,GrassmannHRD,10,50,0,1406,0.291758,359.415100,12,0.814
MNIST,GrassmannHRD,10,50,0,1407,0.321893,359.736993,12,0.815
MNIST,GrassmannHRD,10,50,0,1408,0.276579,360.013572,12,0.815
MNIST,GrassmannHRD,10,50,0,1409,0.326184,360.339755,12,0.816
MNIST,GrassmannHRD,10,50,0,1410,0.325502,360.665258,12,0.816
MNIST,GrassmannHRD,10,50,0,1411,0.315137,360.980395,12,0.817
MNIST,GrassmannHRD,10,50,0,1412,0.165909,361.146303,12,0.818
MNIST,GrassmannHRD,10,50,0,1413,0.299236,361.445540,12,0.818
MNIST,GrassmannHRD,10,50,0,1414,0.249216,361.694755,12,0.819
MNIST,GrassmannHRD,10,50,0,1415,0.187836,361.882592,12,0.819
MNIST,GrassmannHRD,10,50,0,1416,0.231892,362.114484,12,0.820
MNIST,GrassmannHRD,10,50,0,1417,0.343364,362.457847,12,0.820
MNIST,GrassmannHRD,10,50,0,1418,0.315154,362.773001,12,0.821
MNIST,GrassmannHRD,10,50,0,1419,0.242272,363.015274,12,0.822
MNIST,GrassmannHRD,10,50,0,1420,0.223313,363.238587,12,0.822
MNIST,GrassmannHRD,10,50,0,1421,0.220035,363.458622,12,0.823
MNIST,GrassmannHRD,10,50,0,1422,0.115521,363.574143,12,0.824
MNIST,GrassmannHRD,10,50,0,1423,0.363976,363.938119,12,0.824
MNIST,GrassmannHRD,10,50,0,1424,0.207880,364.145999,12,0.825
MNIST,GrassmannHRD,10,50,0,1425,0.385022,364.531020,12,0.825
MNIST,GrassmannHRD,10,50,0,1426,0.082971,364.613991,12,0.826
MNIST,GrassmannHRD,10,50,0,1427,0.308701,364.922692,12,0.826
MNIST,GrassmannHRD,10,50,0,1428,0.179391,365.102083,12,0.827
MNIST,GrassmannHRD,10,50,0,1429,0.328348,365.430431,12,0.827
MNIST,GrassmannHRD,10,50,0,1430,0.278744,365.709175,12,0.828
MNIST,GrassmannHRD,10,50,0,1431,0.274257,365.983432,12,0.828
MNIST,GrassmannHRD,10,50,0,1432,0.117701,366.101133,12,0.829
MNIST,GrassmannHRD,10,50,0,1433,0.252850,366.353984,12,0.830
MNIST,GrassmannHRD,10,50,0,1434,0.511166,366.865150,12,0.830
MNIST,GrassmannHRD,10,50,0,1435,0.326529,367.191679,12,0.831
MNIST,GrassmannHRD,10,50,0,1436,0.395009,367.586687,12,0.831
MNIST,GrassmannHRD,10,50,0,1437,0.352230,367.938917,12,0.832
MNIST,GrassmannHRD,10,50,0,1438,0.359813,368.298730,12,0.832
MNIST,GrassmannHRD,10,50,0,1439,0.132240,368.430970,12,0.833
MNIST,GrassmannHRD,10,50,0,1440,0.136091,368.567061,12,0.833
MNIST,GrassmannHRD,10,50,0,1441,0.170680,368.737741,12,0.834
MNIST,GrassmannHRD,10,50,0,1442,0.270737,369.008478,12,0.835
MNIST,GrassmannHRD,10,50,0,1443,0.327393,369.335870,12,0.835
MNIST,GrassmannHRD,10,50,0,1444,0.302764,369.638634,12,0.836
MNIST,GrassmannHRD,10,50,0,1445,0.089432,369.728066,12,0.836
MNIST,GrassmannHRD,10,50,0,1446,0.348288,370.076355,12,0.837
MNIST,GrassmannHRD,10,50,0,1447,0.314034,370.390389,12,0.838
MNIST,GrassmannHRD,10,50,0,1448,0.268498,370.658886,12,0.838
MNIST,GrassmannHRD,10,50,0,1449,0.082015,370.740902,12,0.839
MNIST,GrassmannHRD,10,50,0,1450,0.110350,370.851252,12,0.839
MNIST,GrassmannHRD,10,50,0,1451,0.283574,371.134826,12,0.840
MNIST,GrassmannHRD,10,50,0,1452,0.225983,371.360809,12,0.840
MNIST,GrassmannHRD,10,50,0,1453,0.287542,371.648351,12,0.841
MNIST,GrassmannHRD,10,50,0,1454,0.338622,371.986973,12,0.842
MNIST,GrassmannHRD,10,50,0,1455,0.214841,372.201814,12,0.842
MNIST,GrassmannHRD,10,50,0,1456,0.259443,372.461257,12,0.843
MNIST,GrassmannHRD,10,50,0,1457,0.243752,372.705009,12,0.843
MNIST,GrassmannHRD,10,50,0,1458,0.138343,372.843353,12,0.844
MNIST,GrassmannHRD,10,50,0,1459,0.223243,373.066596,12,0.844
MNIST,GrassmannHRD,10,50,0,1460,0.255716,373.322311,12,0.845
MNIST,GrassmannHRD,10,50,0,1461,0.230481,373.552793,12,0.845
MNIST,GrassmannHRD,10,50,0,1462,0.126521,373.679314,12,0.846
MNIST,GrassmannHRD,10,50,0,1463,0.150199,373.829513,12,0.846
MNIST,GrassmannHRD,10,50,0,1464,0.230705,374.060218,12,0.847
MNIST,GrassmannHRD,10,50,0,1465,0.281547,374.341765,12,0.847
MNIST,GrassmannHRD,10,50,0,1466,0.418053,374.759818,12,0.848
MNIST,GrassmannHRD,10,50,0,1467,0.319875,375.079693,12,0.849
MNIST,GrassmannHRD,10,50,0,1468,0.172005,375.251698,12,0.850
MNIST,GrassmannHRD,10,50,0,1469,0.214999,375.466697,12,0.850
MNIST,GrassmannHRD,10,50,0,1470,0.119021,375.585717,12,0.851
MNIST,GrassmannHRD,10,50,0,1471,0.333158,375.918875,12,0.851
MNIST,GrassmannHRD,10,50,0,1472,0.308582,376.227456,12,0.852
MNIST,GrassmannHRD,10,50,0,1473,0.312987,376.540444,12,0.852
MNIST,GrassmannHRD,10,50,0,1474,0.255836,376.796280,12,0.853
MNIST,GrassmannHRD,10,50,0,1475,0.206998,377.003278,12,0.853
MNIST,GrassmannHRD,10,50,0,1476,0.245431,377.248709,12,0.854
MNIST,GrassmannHRD,10,50,0,1477,0.461260,377.709969,12,0.854
MNIST,GrassmannHRD,10,50,0,1478,0.343083,378.053052,12,0.855
MNIST,GrassmannHRD,10,50,0,1479,0.269579,378.322631,12,0.855
MNIST,GrassmannHRD,10,50,0,1480,0.517504,378.840135,12,0.856
MNIST,GrassmannHRD,10,50,0,1481,0.153797,378.993932,12,0.856
MNIST,GrassmannHRD,10,50,0,1482,0.369627,379.363559,12,0.857
MNIST,GrassmannHRD,10,50,0,1483,0.237667,379.601225,12,0.858
MNIST,GrassmannHRD,10,50,0,1484,0.107055,379.708281,12,0.858
MNIST,GrassmannHRD,10,50,0,1485,0.243824,379.952105,12,0.859
MNIST,GrassmannHRD,10,50,0,1486,0.331239,380.283343,12,0.859
MNIST,GrassmannHRD,10,50,0,1487,0.415675,380.699018,12,0.860
MNIST,GrassmannHRD,10,50,0,1488,0.500002,381.199020,12,0.860
MNIST,GrassmannHRD,10,50,0,1489,0.220058,381.419078,12,0.861
MNIST,GrassmannHRD,10,50,0,1490,0.322044,381.741122,12,0.861
MNIST,GrassmannHRD,10,50,0,1491,0.253269,381.994391,12,0.862
MNIST,GrassmannHRD,10,50,0,1492,0.219363,382.213754,12,0.862
MNIST,GrassmannHRD,10,50,0,1493,0.222982,382.436736,12,0.863
MNIST,GrassmannHRD,10,50,0,1494,0.140236,382.576972,12,0.863
MNIST,GrassmannHRD,10,50,0,1495,0.264805,382.841776,12,0.864
MNIST,GrassmannHRD,10,50,0,1496,0.203837,383.045614,12,0.865
MNIST,GrassmannHRD,10,50,0,1497,0.332374,383.377988,12,0.865
MNIST,GrassmannHRD,10,50,0,1498,0.192410,383.570397,12,0.866
MNIST,GrassmannHRD,10,50,0,1499,0.155021,383.725419,12,0.866
MNIST,GrassmannHRD,10,50,0,1500,0.236211,383.961630,12,0.867
MNIST,GrassmannHRD,10,50,0,1501,0.067195,384.028825,12,0.867
MNIST,GrassmannHRD,10,50,0,1502,0.334490,384.363314,12,0.868
MNIST,GrassmannHRD,10,50,0,1503,0.371530,384.734844,12,0.868
MNIST,GrassmannHRD,10,50,0,1504,0.196059,384.930903,12,0.869
MNIST,GrassmannHRD,10,50,0,1505,0.279437,385.210341,12,0.869
MNIST,GrassmannHRD,10,50,0,1506,0.257480,385.467821,12,0.870
MNIST,GrassmannHRD,10,50,0,1507,0.257203,385.725023,12,0.870
MNIST,GrassmannHRD,10,50,0,1508,0.393590,386.118613,12,0.871
MNIST,GrassmannHRD,10,50,0,1509,0.282523,386.401136,12,0.871
MNIST,GrassmannHRD,10,50,0,1510,0.378397,386.779533,12,0.872
MNIST,GrassmannHRD,10,50,0,1511,0.265380,387.044913,12,0.873
MNIST,GrassmannHRD,10,50,0,1512,0.169699,387.214612,12,0.873
MNIST,GrassmannHRD,10,50,0,1513,0.274016,387.488627,12,0.874
MNIST,GrassmannHRD,10,50,0,1514,0.085243,387.573870,12,0.874
MNIST,GrassmannHRD,10,50,0,1515,0.215247,387.789117,12,0.875
MNIST,GrassmannHRD,10,50,0,1516,0.145889,387.935007,12,0.875
MNIST,GrassmannHRD,10,50,0,1517,0.344989,388.279995,12,0.876
MNIST,GrassmannHRD,10,50,0,1518,0.249032,388.529027,12,0.876
MNIST,GrassmannHRD,10,50,0,1519,0.213235,388.742262,12,0.877
MNIST,GrassmannHRD,10,50,0,1520,0.217938,388.960200,12,0.877
MNIST,GrassmannHRD,10,50,0,1521,0.246112,389.206312,12,0.878
MNIST,GrassmannHRD,10,50,0,1522,0.284076,389.490389,12,0.878
MNIST,GrassmannHRD,10,50,0,1523,0.226342,389.716730,12,0.879
MNIST,GrassmannHRD,10,50,0,1524,0.319195,390.035926,12,0.880
MNIST,GrassmannHRD,10,50,0,1525,0.263934,390.299860,12,0.880
MNIST,GrassmannHRD,10,50,0,1526,0.248316,390.548176,12,0.881
MNIST,GrassmannHRD,10,50,0,1527,0.213172,390.761348,12,0.881
MNIST,GrassmannHRD,10,50,0,1528,0.269437,391.030784,12,0.882
MNIST,GrassmannHRD,10,50,0,1529,0.324155,391.354940,12,0.882
MNIST,GrassmannHRD,10,50,0,1530,0.320021,391.674961,12,0.883
MNIST,GrassmannHRD,10,50,0,1531,0.324580,391.999540,12,0.883
MNIST,GrassmannHRD,10,50,0,1532,0.120665,392.120205,12,0.884
MNIST,GrassmannHRD,10,50,0,1533,0.311413,392.431618,12,0.884
MNIST,GrassmannHRD,10,50,0,1534,0.175152,392.606770,12,0.885
MNIST,GrassmannHRD,10,50,0,1535,0.161050,392.767820,12,0.885
MNIST,GrassmannHRD,10,50,0,1536,0.047455,392.815275,12,0.886
MNIST,GrassmannHRD,10,50,0,1537,0.330406,393.145681,12,0.886
MNIST,GrassmannHRD,10,50,0,1538,0.178394,393.324074,12,0.887
MNIST,GrassmannHRD,10,50,0,1539,0.315301,393.639375,12,0.887
MNIST,GrassmannHRD,10,50,0,1540,0.189406,393.828781,12,0.888
MNIST,GrassmannHRD,10,50,0,1541,0.225137,394.053918,12,0.889
MNIST,GrassmannHRD,10,50,0,1542,0.172215,394.226133,12,0.890
MNIST,GrassmannHRD,10,50,0,1543,0.211309,394.437442,12,0.890
MNIST,GrassmannHRD,10,50,0,1544,0.216920,394.654362,12,0.891
MNIST,GrassmannHRD,10,50,0,1545,0.194515,394.848877,12,0.892
MNIST,GrassmannHRD,10,50,0,1546,0.181799,395.030676,12,0.892
MNIST,GrassmannHRD,10,50,0,1547,0.278322,395.308998,12,0.893
MNIST,GrassmannHRD,10,50,0,1548,0.235188,395.544186,12,0.893
MNIST,GrassmannHRD,10,50,0,1549,0.327721,395.871907,12,0.894
MNIST,GrassmannHRD,10,50,0,1550,0.207069,396.078975,12,0.894
MNIST,GrassmannHRD,10,50,0,1551,0.242243,396.321219,12,0.895
MNIST,GrassmannHRD,10,50,0,1552,0.074635,396.395854,12,0.896
MNIST,GrassmannHRD,10,50,0,1553,0.241112,396.636966,12,0.896
MNIST,GrassmannHRD,10,50,0,1554,0.285505,396.922471,12,0.897
MNIST,GrassmannHRD,10,50,0,1555,0.193247,397.115719,12,0.897
MNIST,GrassmannHRD,10,50,0,1556,0.234828,397.350546,12,0.898
MNIST,GrassmannHRD,10,50,0,1557,0.319538,397.670084,12,0.898
MNIST,GrassmannHRD,10,50,0,1558,0.184782,397.854866,12,0.899
MNIST,GrassmannHRD,10,50,0,1559,0.186817,398.041683,12,0.899
MNIST,GrassmannHRD,10,50,0,1560,0.335804,398.377487,12,0.900
MNIST,GrassmannHRD,10,50,0,1561,0.154985,398.532473,12,0.900
MNIST,GrassmannHRD,10,50,0,1562,0.269561,398.802033,12,0.901
MNIST,GrassmannHRD,10,50,0,1563,0.246592,399.048625,12,0.901
MNIST,GrassmannHRD,10,50,0,1564,0.180415,399.229040,12,0.902
MNIST,GrassmannHRD,10,50,0,1565,0.351311,399.580351,12,0.903
MNIST,GrassmannHRD,10,50,0,1566,0.236573,399.816925,12,0.903
MNIST,GrassmannHRD,10,50,0,1567,0.191797,400.008721,12,0.904
MNIST,GrassmannHRD,10,50,0,1568,0.156159,400.164881,12,0.904
MNIST,GrassmannHRD,10,50,0,1569,0.198649,400.363530,12,0.905
MNIST,GrassmannHRD,10,50,0,1570,0.302639,400.666169,12,0.906
MNIST,GrassmannHRD,10,50,0,1571,0.292539,400.958708,12,0.906
MNIST,GrassmannHRD,10,50,0,1572,0.452525,401.411233,12,0.907
MNIST,GrassmannHRD,10,50,0,1573,0.189059,401.600291,12,0.907
MNIST,GrassmannHRD,10,50,0,1574,0.331650,401.931941,12,0.908
MNIST,GrassmannHRD,10,50,0,1575,0.365134,402.297076,12,0.908
MNIST,GrassmannHRD,10,50,0,1576,0.215551,402.512626,12,0.909
MNIST,GrassmannHRD,10,50,0,1577,0.457868,402.970495,12,0.909
MNIST,GrassmannHRD,10,50,0,1578,0.181350,403.151845,12,0.910
MNIST,GrassmannHRD,10,50,0,1579,0.202491,403.354336,12,0.910
MNIST,GrassmannHRD,10,50,0,1580,0.169216,403.523552,12,0.911
MNIST,GrassmannHRD,10,50,0,1581,0.188469,403.712021,12,0.911
MNIST,GrassmannHRD,10,50,0,1582,0.373890,404.085910,12,0.912
MNIST,GrassmannHRD,10,50,0,1583,0.355014,404.440924,12,0.912
MNIST,GrassmannHRD,10,50,0,1584,0.113343,404.554267,12,0.913
MNIST,GrassmannHRD,10,50,0,1585,0.255463,404.809731,12,0.913
MNIST,GrassmannHRD,10,50,0,1586,0.280658,405.090388,12,0.914
MNIST,GrassmannHRD,10,50,0,1587,0.187724,405.278113,12,0.914
MNIST,GrassmannHRD,10,50,0,1588,0.230427,405.508540,12,0.915
MNIST,GrassmannHRD,10,50,0,1589,0.179896,405.688437,12,0.915
MNIST,GrassmannHRD,10,50,0,1590,0.227236,405.915673,12,0.916
MNIST,GrassmannHRD,10,50,0,1591,0.295395,406.211068,12,0.916
MNIST,GrassmannHRD,10,50,0,1592,0.173564,406.384632,12,0.917
MNIST,GrassmannHRD,10,50,0,1593,0.250355,406.634987,12,0.917
MNIST,GrassmannHRD,10,50,0,1594,0.256139,406.891126,12,0.918
MNIST,GrassmannHRD,10,50,0,1595,0.202790,407.093916,12,0.918
MNIST,GrassmannHRD,10,50,0,1596,0.263909,407.357825,12,0.919
MNIST,GrassmannHRD,10,50,0,1597,0.524398,407.882223,12,0.920
MNIST,GrassmannHRD,10,50,0,1598,0.407173,408.289395,12,0.920
MNIST,GrassmannHRD,10,50,0,1599,0.224582,408.513977,12,0.921
MNIST,GrassmannHRD,10,50,0,1600,0.154438,408.668416,12,0.921
MNIST,GrassmannHRD,10,50,0,1601,0.317927,408.986343,12,0.922
MNIST,GrassmannHRD,10,50,0,1602,0.480654,409.466997,12,0.922
MNIST,GrassmannHRD,10,50,0,1603,0.169339,409.636336,12,0.923
MNIST,GrassmannHRD,10,50,0,1604,0.234028,409.870364,12,0.923
MNIST,GrassmannHRD,10,50,0,1605,0.171626,410.041990,12,0.924
MNIST,GrassmannHRD,10,50,0,1606,0.281234,410.323224,12,0.924
MNIST,GrassmannHRD,10,50,0,1607,0.270528,410.593751,12,0.925
MNIST,GrassmannHRD,10,50,0,1608,0.222348,410.816099,12,0.925
MNIST,GrassmannHRD,10,50,0,1609,0.301810,411.117909,12,0.926
MNIST,GrassmannHRD,10,50,0,1610,0.328397,411.446307,12,0.926
MNIST,GrassmannHRD,10,50,0,1611,0.221101,411.667408,12,0.927
MNIST,GrassmannHRD,10,50,0,1612,0.290134,411.957542,12,0.928
MNIST,GrassmannHRD,10,50,0,1613,0.450042,412.407583,12,0.928
MNIST,GrassmannHRD,10,50,0,1614,0.168925,412.576508,12,0.929
MNIST,GrassmannHRD,10,50,0,1615,0.266261,412.842769,12,0.929
MNIST,GrassmannHRD,10,50,0,1616,0.264123,413.106892,12,0.930
MNIST,GrassmannHRD,10,50,0,1617,0.410596,413.517488,12,0.930
MNIST,GrassmannHRD,10,50,0,1618,0.314642,413.832130,12,0.931
MNIST,GrassmannHRD,10,50,0,1619,0.260641,414.092771,12,0.931
MNIST,GrassmannHRD,10,50,0,1620,0.197649,414.290420,12,0.932
MNIST,GrassmannHRD,10,50,0,1621,0.195265,414.485686,12,0.932
MNIST,GrassmannHRD,10,50,0,1622,0.161488,414.647173,12,0.933
MNIST,GrassmannHRD,10,50,0,1623,0.176131,414.823304,12,0.933
MNIST,GrassmannHRD,10,50,0,1624,0.156268,414.979572,12,0.934
MNIST,GrassmannHRD,10,50,0,1625,0.433868,415.413441,12,0.935
MNIST,GrassmannHRD,10,50,0,1626,0.090661,415.504102,12,0.936
MNIST,GrassmannHRD,10,50,0,1627,0.224760,415.728862,12,0.936
MNIST,GrassmannHRD,10,50,0,1628,0.249730,415.978592,12,0.937
MNIST,GrassmannHRD,10,50,0,1629,0.348677,416.327269,12,0.938
MNIST,GrassmannHRD,10,50,0,1630,0.446885,416.774154,12,0.938
MNIST,GrassmannHRD,10,50,0,1631,0.462081,417.236235,12,0.939
MNIST,GrassmannHRD,10,50,0,1632,0.269094,417.505329,12,0.939
MNIST,GrassmannHRD,10,50,0,1633,0.152412,417.657741,12,0.940
MNIST,GrassmannHRD,10,50,0,1634,0.195838,417.853579,12,0.940
MNIST,GrassmannHRD,10,50,0,1635,0.145617,417.999196,12,0.941
MNIST,GrassmannHRD,10,50,0,1636,0.201695,418.200890,12,0.942
MNIST,GrassmannHRD,10,50,0,1637,0.208432,418.409323,12,0.942
MNIST,GrassmannHRD,10,50,0,1638,0.206075,418.615398,12,0.943
MNIST,GrassmannHRD,10,50,0,1639,0.198714,418.814112,12,0.943
MNIST,GrassmannHRD,10,50,0,1640,0.193406,419.007517,12,0.944
MNIST,GrassmannHRD,10,50,0,1641,0.301255,419.308772,12,0.944
MNIST,GrassmannHRD,10,50,0,1642,0.312115,419.620887,12,0.945
MNIST,GrassmannHRD,10,50,0,1643,0.161468,419.782355,12,0.945
MNIST,GrassmannHRD,10,50,0,1644,0.398505,420.180860,12,0.946
MNIST,GrassmannHRD,10,50,0,1645,0.289749,420.470609,12,0.946
MNIST,GrassmannHRD,10,50,0,1646,0.189390,420.659999,12,0.947
MNIST,GrassmannHRD,10,50,0,1647,0.294980,420.954979,12,0.947
MNIST,GrassmannHRD,10,50,0,1648,0.245732,421.200711,12,0.948
MNIST,GrassmannHRD,10,50,0,1649,0.394180,421.594890,12,0.948
MNIST,GrassmannHRD,10,50,0,1650,0.149991,421.744881,12,0.949
MNIST,GrassmannHRD,10,50,0,1651,0.248160,421.993041,12,0.950
MNIST,GrassmannHRD,10,50,0,1652,0.316470,422.309511,12,0.950
MNIST,GrassmannHRD,10,50,0,1653,0.087600,422.397111,12,0.951
MNIST,GrassmannHRD,10,50,0,1654,0.415923,422.813033,12,0.951
MNIST,GrassmannHRD,10,50,0,1655,0.193159,423.006192,12,0.952
MNIST,GrassmannHRD,10,50,0,1656,0.216887,423.223079,12,0.952
MNIST,GrassmannHRD,10,50,0,1657,0.086479,423.309558,12,0.953
MNIST,GrassmannHRD,10,50,0,1658,0.061995,423.371553,12,0.953
MNIST,GrassmannHRD,10,50,0,1659,0.310010,423.681563,12,0.954
MNIST,GrassmannHRD,10,50,0,1660,0.198877,423.880440,12,0.955
MNIST,GrassmannHRD,10,50,0,1661,0.262124,424.142564,12,0.955
MNIST,GrassmannHRD,10,50,0,1662,0.244348,424.386912,12,0.956
MNIST,GrassmannHRD,10,50,0,1663,0.289441,424.676353,12,0.956
MNIST,GrassmannHRD,10,50,0,1664,0.265760,424.942113,12,0.957
MNIST,GrassmannHRD,10,50,0,1665,0.336890,425.279003,12,0.957
MNIST,GrassmannHRD,10,50,0,1666,0.279084,425.558087,12,0.958
MNIST,GrassmannHRD,10,50,0,1667,0.370255,425.928342,12,0.958
MNIST,GrassmannHRD,10,50,0,1668,0.180064,426.108407,12,0.959
MNIST,GrassmannHRD,10,50,0,1669,0.214100,426.322507,12,0.959
MNIST,GrassmannHRD,10,50,0,1670,0.170979,426.493486,12,0.960
MNIST,GrassmannHRD,10,50,0,1671,0.264454,426.757940,12,0.960
MNIST,GrassmannHRD,10,50,0,1672,0.355956,427.113896,12,0.961
MNIST,GrassmannHRD,10,50,0,1673,0.221353,427.335249,12,0.961
MNIST,GrassmannHRD,10,50,0,1674,0.423952,427.759202,12,0.962
MNIST,GrassmannHRD,10,50,0,1675,0.351308,428.110509,12,0.962
MNIST,GrassmannHRD,10,50,0,1676,0.343336,428.453845,12,0.963
MNIST,GrassmannHRD,10,50,0,1677,0.295955,428.749800,12,0.963
MNIST,GrassmannHRD,10,50,0,1678,0.383193,429.132994,12,0.964
MNIST,GrassmannHRD,10,50,0,1679,0.209090,429.342083,12,0.964
MNIST,GrassmannHRD,10,50,0,1680,0.225060,429.567143,12,0.965
MNIST,GrassmannHRD,10,50,0,1681,0.335728,429.902871,12,0.966
MNIST,GrassmannHRD,10,50,0,1682,0.278456,430.181327,12,0.966
MNIST,GrassmannHRD,10,50,0,1683,0.196394,430.377721,12,0.967
MNIST,GrassmannHRD,10,50,0,1684,0.365911,430.743632,12,0.967
MNIST,GrassmannHRD,10,50,0,1685,0.189348,430.932980,12,0.968
MNIST,GrassmannHRD,10,50,0,1686,0.459715,431.392694,12,0.968
MNIST,GrassmannHRD,10,50,0,1687,0.222752,431.615447,12,0.969
MNIST,GrassmannHRD,10,50,0,1688,0.232237,431.847684,12,0.969
MNIST,GrassmannHRD,10,50,0,1689,0.198979,432.046663,12,0.970
MNIST,GrassmannHRD,10,50,0,1690,0.309033,432.355696,12,0.970
MNIST,GrassmannHRD,10,50,0,1691,0.463614,432.819309,12,0.971
MNIST,GrassmannHRD,10,50,0,1692,0.118569,432.937879,12,0.972
MNIST,GrassmannHRD,10,50,0,1693,0.203507,433.141385,12,0.972
MNIST,GrassmannHRD,10,50,0,1694,0.367006,433.508391,12,0.973
MNIST,GrassmannHRD,10,50,0,1695,0.290556,433.798947,12,0.973
MNIST,GrassmannHRD,10,50,0,1696,0.420928,434.219875,12,0.974
MNIST,GrassmannHRD,10,50,0,1697,0.276094,434.495968,12,0.974
MNIST,GrassmannHRD,10,50,0,1698,0.332318,434.828286,12,0.975
MNIST,GrassmannHRD,10,50,0,1699,0.167377,434.995663,12,0.975
MNIST,GrassmannHRD,10,50,0,1700,0.085039,435.080702,12,0.976
MNIST,GrassmannHRD,10,50,0,1701,0.429369,435.510071,12,0.976
MNIST,GrassmannHRD,10,50,0,1702,0.243043,435.753114,12,0.977
MNIST,GrassmannHRD,10,50,0,1703,0.226298,435.979412,12,0.977
MNIST,GrassmannHRD,10,50,0,1704,0.058683,436.038096,12,0.978
MNIST,GrassmannHRD,10,50,0,1705,0.159079,436.197174,12,0.979
MNIST,GrassmannHRD,10,50,0,1706,0.268492,436.465667,12,0.979
MNIST,GrassmannHRD,10,50,0,1707,0.136721,436.602388,12,0.980
MNIST,GrassmannHRD,10,50,0,1708,0.270097,436.872485,12,0.980
MNIST,GrassmannHRD,10,50,0,1709,0.465733,437.338218,12,0.981
MNIST,GrassmannHRD,10,50,0,1710,0.379809,437.718027,12,0.981
MNIST,GrassmannHRD,10,50,0,1711,0.406038,438.124065,12,0.982
MNIST,GrassmannHRD,10,50,0,1712,0.193256,438.317321,12,0.982
MNIST,GrassmannHRD,10,50,0,1713,0.369735,438.687056,12,0.983
MNIST,GrassmannHRD,10,50,0,1714,0.349988,439.037045,12,0.983
MNIST,GrassmannHRD,10,50,0,1715,0.105063,439.142108,12,0.984
MNIST,GrassmannHRD,10,50,0,1716,0.303134,439.445242,12,0.984
MNIST,GrassmannHRD,10,50,0,1717,0.235352,439.680593,12,0.985
MNIST,GrassmannHRD,10,50,0,1718,0.187259,439.867852,12,0.985
MNIST,GrassmannHRD,10,50,0,1719,0.346434,440.214286,12,0.986
MNIST,GrassmannHRD,10,50,0,1720,0.264879,440.479165,12,0.986
MNIST,GrassmannHRD,10,50,0,1721,0.395982,440.875147,12,0.987
MNIST,GrassmannHRD,10,50,0,1722,0.190023,441.065170,12,0.988
MNIST,GrassmannHRD,10,50,0,1723,0.330537,441.395707,12,0.988
MNIST,GrassmannHRD,10,50,0,1724,0.255545,441.651252,12,0.989
MNIST,GrassmannHRD,10,50,0,1725,0.273134,441.924386,12,0.989
MNIST,GrassmannHRD,10,50,0,1726,0.295509,442.219894,12,0.990
MNIST,GrassmannHRD,10,50,0,1727,0.371384,442.591279,12,0.990
MNIST,GrassmannHRD,10,50,0,1728,0.487113,443.078392,12,0.991
MNIST,GrassmannHRD,10,50,0,1729,0.172950,443.251342,12,0.991
MNIST,GrassmannHRD,10,50,0,1730,0.221556,443.472897,12,0.992
MNIST,GrassmannHRD,10,50,0,1731,0.186441,443.659338,12,0.992
MNIST,GrassmannHRD,10,50,0,1732,0.279914,443.939252,12,0.993
MNIST,GrassmannHRD,10,50,0,1733,0.127881,444.067133,12,0.993
MNIST,GrassmannHRD,10,50,0,1734,0.275457,444.342590,12,0.994
MNIST,GrassmannHRD,10,50,0,1735,0.126317,444.468907,12,0.994
MNIST,GrassmannHRD,10,50,0,1736,0.172678,444.641584,12,0.995
MNIST,GrassmannHRD,10,50,0,1737,0.228265,444.869849,12,0.995
MNIST,GrassmannHRD,10,50,0,1738,0.101696,444.971545,12,0.996
MNIST,GrassmannHRD,10,50,0,1739,0.328718,445.300263,12,0.997
MNIST,GrassmannHRD,10,50,0,1740,0.476230,445.776493,12,0.997
MNIST,GrassmannHRD,10,50,0,1741,0.388349,446.164842,12,0.998
MNIST,GrassmannHRD,10,50,0,1742,0.251305,446.416148,12,0.998
MNIST,GrassmannHRD,10,50,0,1743,0.294925,446.711072,12,0.999
MNIST,GrassmannHRD,10,50,0,1744,0.398112,447.109185,12,0.999
MNIST,GrassmannHRD,10,50,0,1745,0.165405,447.274590,12,1.000
MNIST,GrassmannHRD,10,50,0,1746,0.247470,447.522059,12,1.000
MNIST,GrassmannHRD,10,50,0,1747,0.238943,447.761003,12,1.001
MNIST,GrassmannHRD,10,50,0,1748,0.082199,447.843202,12,1.001
MNIST,GrassmannHRD,10,50,0,1749,0.336194,448.179396,12,1.002
MNIST,GrassmannHRD,10,50,0,1750,0.271805,448.451202,12,1.003
MNIST,GrassmannHRD,10,50,0,1751,0.272968,448.724170,12,1.003
MNIST,GrassmannHRD,10,50,0,1752,0.144477,448.868647,12,1.004
MNIST,GrassmannHRD,10,50,0,1753,0.269644,449.138291,12,1.004
MNIST,GrassmannHRD,10,50,0,1754,0.153175,449.291466,12,1.005
MNIST,GrassmannHRD,10,50,0,1755,0.341080,449.632545,12,1.005
MNIST,GrassmannHRD,10,50,0,1756,0.202854,449.835399,12,1.006
MNIST,GrassmannHRD,10,50,0,1757,0.265857,450.101256,12,1.006
MNIST,GrassmannHRD,10,50,0,1758,0.262644,450.363900,12,1.007
MNIST,GrassmannHRD,10,50,0,1759,0.238696,450.602595,12,1.007
MNIST,GrassmannHRD,10,50,0,1760,0.292850,450.895445,12,1.008
MNIST,GrassmannHRD,10,50,0,1761,0.166049,451.061494,12,1.009
MNIST,GrassmannHRD,10,50,0,1762,0.170999,451.232493,12,1.009
MNIST,GrassmannHRD,10,50,0,1763,0.269607,451.502101,12,1.010
MNIST,GrassmannHRD,10,50,0,1764,0.240091,451.742191,12,1.010
MNIST,GrassmannHRD,10,50,0,1765,0.120755,451.862946,12,1.011
MNIST,GrassmannHRD,10,50,0,1766,0.419333,452.282279,12,1.011
MNIST,GrassmannHRD,10,50,0,1767,0.331506,452.613785,12,1.012
MNIST,GrassmannHRD,10,50,0,1768,0.240613,452.854399,12,1.012
MNIST,GrassmannHRD,10,50,0,1769,0.234485,453.088884,12,1.013
MNIST,GrassmannHRD,10,50,0,1770,0.286710,453.375594,12,1.013
MNIST,GrassmannHRD,10,50,0,1771,0.329252,453.704846,12,1.014
MNIST,GrassmannHRD,10,50,0,1772,0.217150,453.921996,12,1.014
MNIST,GrassmannHRD,10,50,0,1773,0.338843,454.260839,12,1.015
MNIST,GrassmannHRD,10,50,0,1774,0.110474,454.371312,12,1.016
MNIST,GrassmannHRD,10,50,0,1775,0.117379,454.488691,12,1.016
MNIST,GrassmannHRD,10,50,0,1776,0.185608,454.674299,12,1.017
MNIST,GrassmannHRD,10,50,0,1777,0.347150,455.021449,12,1.017
MNIST,GrassmannHRD,10,50,0,1778,0.269592,455.291041,12,1.018
MNIST,GrassmannHRD,10,50,0,1779,0.226169,455.517211,12,1.018
MNIST,GrassmannHRD,10,50,0,1780,0.330524,455.847735,12,1.019
MNIST,GrassmannHRD,10,50,0,1781,0.163155,456.010889,12,1.019
MNIST,GrassmannHRD,10,50,0,1782,0.300065,456.310955,12,1.020
MNIST,GrassmannHRD,10,50,0,1783,0.366822,456.677777,12,1.020
MNIST,GrassmannHRD,10,50,0,1784,0.244879,456.922656,12,1.021
MNIST,GrassmannHRD,10,50,0,1785,0.180313,457.102969,12,1.021
MNIST,GrassmannHRD,10,50,0,1786,0.308289,457.411259,12,1.022
MNIST,GrassmannHRD,10,50,0,1787,0.221235,457.632493,12,1.022
MNIST,GrassmannHRD,10,50,0,1788,0.242129,457.874623,12,1.023
MNIST,GrassmannHRD,10,50,0,1789,0.340035,458.214658,12,1.023
MNIST,GrassmannHRD,10,50,0,1790,0.352476,458.567134,12,1.024
MNIST,GrassmannHRD,10,50,0,1791,0.124244,458.691378,12,1.024
MNIST,GrassmannHRD,10,50,0,1792,0.307057,458.998435,12,1.025
MNIST,GrassmannHRD,10,50,0,1793,0.190960,459.189395,12,1.025
MNIST,GrassmannHRD,10,50,0,1794,0.293416,459.482811,12,1.026
MNIST,GrassmannHRD,10,50,0,1795,0.218781,459.701592,12,1.027
MNIST,GrassmannHRD,10,50,0,1796,0.108547,459.810139,12,1.027
MNIST,GrassmannHRD,10,50,0,1797,0.190664,460.000803,12,1.028
MNIST,GrassmannHRD,10,50,0,1798,0.354334,460.355137,12,1.028
MNIST,GrassmannHRD,10,50,0,1799,0.144612,460.499749,12,1.029
MNIST,GrassmannHRD,10,50,0,1800,0.253764,460.753514,12,1.029
MNIST,GrassmannHRD,10,50,0,1801,0.217609,460.971123,12,1.030
MNIST,GrassmannHRD,10,50,0,1802,0.140418,461.111541,12,1.031
MNIST,GrassmannHRD,10,50,0,1803,0.325252,461.436793,12,1.031
MNIST,GrassmannHRD,10,50,0,1804,0.245155,461.681948,12,1.032
MNIST,GrassmannHRD,10,50,0,1805,0.314840,461.996788,12,1.032
MNIST,GrassmannHRD,10,50,0,1806,0.258211,462.255000,12,1.033
MNIST,GrassmannHRD,10,50,0,1807,0.261383,462.516382,12,1.033
MNIST,GrassmannHRD,10,50,0,1808,0.258497,462.774879,12,1.034
MNIST,GrassmannHRD,10,50,0,1809,0.279524,463.054403,12,1.034
MNIST,GrassmannHRD,10,50,0,1810,0.358319,463.412722,12,1.035
MNIST,GrassmannHRD,10,50,0,1811,0.205475,463.618197,12,1.036
MNIST,GrassmannHRD,10,50,0,1812,0.346389,463.964586,12,1.036
MNIST,GrassmannHRD,10,50,0,1813,0.207226,464.171813,12,1.037
MNIST,GrassmannHRD,10,50,0,1814,0.218777,464.390589,12,1.037
MNIST,GrassmannHRD,10,50,0,1815,0.254713,464.645302,12,1.038
MNIST,GrassmannHRD,10,50,0,1816,0.111350,464.756652,12,1.038
MNIST,GrassmannHRD,10,50,0,1817,0.190275,464.946927,12,1.039
MNIST,GrassmannHRD,10,50,0,1818,0.295686,465.242613,12,1.039
MNIST,GrassmannHRD,10,50,0,1819,0.357508,465.600121,12,1.040
MNIST,GrassmannHRD,10,50,0,1820,0.279435,465.879556,12,1.040
MNIST,GrassmannHRD,10,50,0,1821,0.192697,466.072252,12,1.041
MNIST,GrassmannHRD,10,50,0,1822,0.196940,466.269192,12,1.041
MNIST,GrassmannHRD,10,50,0,1823,0.350714,466.619906,12,1.042
MNIST,GrassmannHRD,10,50,0,1824,0.230449,466.850355,12,1.042
MNIST,GrassmannHRD,10,50,0,1825,0.243957,467.094312,12,1.043
MNIST,GrassmannHRD,10,50,0,1826,0.186091,467.280403,12,1.044
MNIST,GrassmannHRD,10,50,0,1827,0.158207,467.438610,12,1.044
MNIST,GrassmannHRD,10,50,0,1828,0.304637,467.743247,12,1.045
MNIST,GrassmannHRD,10,50,0,1829,0.304893,468.048140,12,1.045
MNIST,GrassmannHRD,10,50,0,1830,0.229800,468.277939,12,1.046
MNIST,GrassmannHRD,10,50,0,1831,0.334095,468.612034,12,1.046
MNIST,GrassmannHRD,10,50,0,1832,0.281667,468.893702,12,1.047
MNIST,GrassmannHRD,10,50,0,1833,0.181831,469.075533,12,1.047
MNIST,GrassmannHRD,10,50,0,1834,0.131461,469.206994,12,1.048
MNIST,GrassmannHRD,10,50,0,1835,0.207970,469.414964,12,1.048
MNIST,GrassmannHRD,10,50,0,1836,0.372899,469.787864,12,1.049
MNIST,GrassmannHRD,10,50,0,1837,0.243487,470.031350,12,1.049
MNIST,GrassmannHRD,10,50,0,1838,0.322847,470.354197,12,1.050
MNIST,GrassmannHRD,10,50,0,1839,0.233920,470.588118,12,1.050
MNIST,GrassmannHRD,10,50,0,1840,0.340646,470.928764,12,1.051
MNIST,GrassmannHRD,10,50,0,1841,0.080875,471.009639,12,1.052
MNIST,GrassmannHRD,10,50,0,1842,0.466390,471.476029,12,1.052
MNIST,GrassmannHRD,10,50,0,1843,0.239868,471.715897,12,1.053
MNIST,GrassmannHRD,10,50,0,1844,0.490283,472.206180,12,1.053
MNIST,GrassmannHRD,10,50,0,1845,0.378856,472.585036,12,1.054
MNIST,GrassmannHRD,10,50,0,1846,0.200722,472.785758,12,1.054
MNIST,GrassmannHRD,10,50,0,1847,0.363210,473.148968,12,1.055
MNIST,GrassmannHRD,10,50,0,1848,0.161131,473.310099,12,1.055
MNIST,GrassmannHRD,10,50,0,1849,0.298348,473.608447,12,1.056
MNIST,GrassmannHRD,10,50,0,1850,0.202261,473.810708,12,1.056
MNIST,GrassmannHRD,10,50,0,1851,0.326299,474.137007,12,1.057
MNIST,GrassmannHRD,10,50,0,1852,0.290213,474.427221,12,1.057
MNIST,GrassmannHRD,10,50,0,1853,0.159124,474.586345,12,1.058
MNIST,GrassmannHRD,10,50,0,1854,0.211327,474.797672,12,1.059
MNIST,GrassmannHRD,10,50,0,1855,0.263480,475.061152,12,1.059
MNIST,GrassmannHRD,10,50,0,1856,0.263611,475.324763,12,1.060
MNIST,GrassmannHRD,10,50,0,1857,0.198413,475.523176,12,1.060
MNIST,GrassmannHRD,10,50,0,1858,0.403401,475.926577,12,1.061
MNIST,GrassmannHRD,10,50,0,1859,0.142404,476.068981,12,1.061
MNIST,GrassmannHRD,10,50,0,1860,0.260588,476.329569,12,1.062
MNIST,GrassmannHRD,10,50,0,1861,0.346149,476.675719,12,1.062
MNIST,GrassmannHRD,10,50,0,1862,0.277811,476.953530,12,1.063
MNIST,GrassmannHRD,10,50,0,1863,0.262217,477.215747,12,1.063
MNIST,GrassmannHRD,10,50,0,1864,0.251450,477.467197,12,1.064
MNIST,GrassmannHRD,10,50,0,1865,0.160680,477.627877,12,1.064
MNIST,GrassmannHRD,10,50,0,1866,0.284736,477.912614,12,1.065
MNIST,GrassmannHRD,10,50,0,1867,0.219404,478.132018,12,1.066
MNIST,GrassmannHRD,10,50,0,1868,0.277307,478.409325,12,1.066
MNIST,GrassmannHRD,10,50,0,1869,0.373897,478.783222,12,1.067
MNIST,GrassmannHRD,10,50,0,1870,0.227665,479.010886,12,1.067
MNIST,GrassmannHRD,10,50,0,1871,0.294571,479.305457,12,1.068
MNIST,GrassmannHRD,10,50,0,1872,0.383737,479.689195,12,1.068
MNIST,GrassmannHRD,10,50,0,1873,0.334067,480.023262,12,1.069
MNIST,GrassmannHRD,10,50,0,1874,0.111987,480.135249,12,1.069
MNIST,GrassmannHRD,10,50,0,1875,0.252154,480.387403,12,1.070
MNIST,GrassmannHRD,10,50,0,1876,0.276817,480.664220,12,1.070
MNIST,GrassmannHRD,10,50,0,1877,0.109193,480.773413,12,1.071
MNIST,GrassmannHRD,10,50,0,1878,0.302641,481.076054,12,1.071
MNIST,GrassmannHRD,10,50,0,1879,0.166585,481.242638,12,1.072
MNIST,GrassmannHRD,10,50,0,1880,0.317095,481.559734,12,1.072
MNIST,GrassmannHRD,10,50,0,1881,0.225344,481.785078,12,1.073
MNIST,GrassmannHRD,10,50,0,1882,0.257068,482.042146,12,1.073
MNIST,GrassmannHRD,10,50,0,1883,0.271001,482.313147,12,1.074
MNIST,GrassmannHRD,10,50,0,1884,0.221150,482.534298,12,1.075
MNIST,GrassmannHRD,10,50,0,1885,0.143243,482.677541,12,1.075
MNIST,GrassmannHRD,10,50,0,1886,0.107762,482.785303,12,1.076
MNIST,GrassmannHRD,10,50,0,1887,0.178347,482.963650,12,1.076
MNIST,GrassmannHRD,10,50,0,1888,0.271376,483.235027,12,1.077
MNIST,GrassmannHRD,10,50,0,1889,0.340459,483.575486,12,1.077
MNIST,GrassmannHRD,10,50,0,1890,0.388005,483.963491,12,1.078
MNIST,GrassmannHRD,10,50,0,1891,0.050016,484.013507,12,1.078
MNIST,GrassmannHRD,10,50,0,1892,0.472931,484.486438,12,1.079
MNIST,GrassmannHRD,10,50,0,1893,0.319961,484.806399,12,1.079
MNIST,GrassmannHRD,10,50,0,1894,0.225593,485.031992,12,1.080
MNIST,GrassmannHRD,10,50,0,1895,0.319577,485.351569,12,1.080
MNIST,GrassmannHRD,10,50,0,1896,0.159312,485.510882,12,1.081
MNIST,GrassmannHRD,10,50,0,1897,0.179782,485.690664,12,1.081
MNIST,GrassmannHRD,10,50,0,1898,0.381106,486.071770,12,1.082
MNIST,GrassmannHRD,10,50,0,1899,0.319950,486.391721,12,1.082
MNIST,GrassmannHRD,10,50,0,1900,0.205453,486.597173,12,1.083
MNIST,GrassmannHRD,10,50,0,1901,0.350899,486.948072,12,1.084
MNIST,GrassmannHRD,10,50,0,1902,0.265897,487.213969,12,1.084
MNIST,GrassmannHRD,10,50,0,1903,0.218784,487.432753,12,1.085
MNIST,GrassmannHRD,10,50,0,1904,0.132294,487.565046,12,1.085
MNIST,GrassmannHRD,10,50,0,1905,0.165484,487.730530,12,1.086
MNIST,GrassmannHRD,10,50,0,1906,0.311639,488.042170,12,1.086
MNIST,GrassmannHRD,10,50,0,1907,0.188305,488.230475,12,1.087
MNIST,GrassmannHRD,10,50,0,1908,0.377088,488.607563,12,1.087
MNIST,GrassmannHRD,10,50,0,1909,0.388753,488.996315,12,1.088
MNIST,GrassmannHRD,10,50,0,1910,0.218293,489.214608,12,1.088
MNIST,GrassmannHRD,10,50,0,1911,0.224265,489.438874,12,1.089
MNIST,GrassmannHRD,10,50,0,1912,0.120566,489.559440,12,1.090
MNIST,GrassmannHRD,10,50,0,1913,0.248465,489.807905,12,1.090
MNIST,GrassmannHRD,10,50,0,1914,0.323235,490.131139,12,1.091
MNIST,GrassmannHRD,10,50,0,1915,0.333131,490.464271,12,1.091
MNIST,GrassmannHRD,10,50,0,1916,0.252105,490.716375,12,1.092
MNIST,GrassmannHRD,10,50,0,1917,0.471052,491.187427,12,1.092
MNIST,GrassmannHRD,10,50,0,1918,0.124117,491.311544,12,1.093
MNIST,GrassmannHRD,10,50,0,1919,0.208118,491.519663,12,1.093
MNIST,GrassmannHRD,10,50,0,1920,0.341853,491.861516,12,1.094
MNIST,GrassmannHRD,10,50,0,1921,0.095747,491.957262,12,1.094
MNIST,GrassmannHRD,10,50,0,1922,0.245325,492.202587,12,1.095
MNIST,GrassmannHRD,10,50,0,1923,0.138977,492.341564,12,1.095
MNIST,GrassmannHRD,10,50,0,1924,0.475710,492.817274,12,1.096
MNIST,GrassmannHRD,10,50,0,1925,0.229313,493.046587,12,1.096
MNIST,GrassmannHRD,10,50,0,1926,0.441125,493.487712,12,1.097
MNIST,GrassmannHRD,10,50,0,1927,0.177605,493.665317,12,1.098
MNIST,GrassmannHRD,10,50,0,1928,0.219159,493.884476,12,1.098
MNIST,GrassmannHRD,10,50,0,1929,0.207180,494.091655,12,1.099
MNIST,GrassmannHRD,10,50,0,1930,0.086695,494.178350,12,1.099
MNIST,GrassmannHRD,10,50,0,1931,0.269482,494.447833,12,1.100
MNIST,GrassmannHRD,10,50,0,1932,0.356712,494.804545,12,1.100
MNIST,GrassmannHRD,10,50,0,1933,0.253149,495.057694,12,1.101
MNIST,GrassmannHRD,10,50,0,1934,0.344209,495.401903,12,1.101
MNIST,GrassmannHRD,10,50,0,1935,0.345259,495.747162,12,1.102
MNIST,GrassmannHRD,10,50,0,1936,0.181272,495.928434,12,1.102
MNIST,GrassmannHRD,10,50,0,1937,0.228652,496.157086,12,1.103
MNIST,GrassmannHRD,10,50,0,1938,0.286025,496.443112,12,1.103
MNIST,GrassmannHRD,10,50,0,1939,0.077665,496.520777,12,1.104
MNIST,GrassmannHRD,10,50,0,1940,0.256150,496.776927,12,1.105
MNIST,GrassmannHRD,10,50,0,1941,0.390600,497.167527,12,1.105
MNIST,GrassmannHRD,10,50,0,1942,0.246459,497.413987,12,1.106
MNIST,GrassmannHRD,10,50,0,1943,0.294389,497.708376,12,1.106
MNIST,GrassmannHRD,10,50,0,1944,0.302965,498.011340,12,1.107
MNIST,GrassmannHRD,10,50,0,1945,0.220823,498.232163,12,1.107
MNIST,GrassmannHRD,10,50,0,1946,0.135171,498.367335,12,1.108
MNIST,GrassmannHRD,10,50,0,1947,0.274359,498.641693,12,1.108
MNIST,GrassmannHRD,10,50,0,1948,0.095225,498.736918,12,1.109
MNIST,GrassmannHRD,10,50,0,1949,0.256207,498.993126,12,1.109
MNIST,GrassmannHRD,10,50,0,1950,0.341223,499.334348,12,1.110
MNIST,GrassmannHRD,10,50,0,1951,0.180502,499.514850,12,1.111
MNIST,GrassmannHRD,10,50,0,1952,0.247561,499.762411,12,1.111
MNIST,GrassmannHRD,10,50,0,1953,0.413606,500.176017,12,1.112
MNIST,GrassmannHRD,10,50,0,1954,0.300371,500.476388,12,1.112
MNIST,GrassmannHRD,10,50,0,1955,0.204929,500.681317,12,1.113
MNIST,GrassmannHRD,10,50,0,1956,0.258487,500.939804,12,1.113
MNIST,GrassmannHRD,10,50,0,1957,0.050577,500.990381,12,1.114
MNIST,GrassmannHRD,10,50,0,1958,0.268677,501.259058,12,1.114
MNIST,GrassmannHRD,10,50,0,1959,0.431188,501.690246,12,1.115
MNIST,GrassmannHRD,10,50,0,1960,0.167683,501.857928,12,1.115
MNIST,GrassmannHRD,10,50,0,1961,0.369662,502.227590,12,1.116
MNIST,GrassmannHRD,10,50,0,1962,0.118505,502.346095,12,1.117
MNIST,GrassmannHRD,10,50,0,1963,0.295636,502.641731,12,1.117
MNIST,GrassmannHRD,10,50,0,1964,0.203560,502.845291,12,1.118
MNIST,GrassmannHRD,10,50,0,1965,0.170410,503.015701,12,1.118
MNIST,GrassmannHRD,10,50,0,1966,0.240727,503.256428,12,1.119
MNIST,GrassmannHRD,10,50,0,1967,0.273157,503.529585,12,1.119
MNIST,GrassmannHRD,10,50,0,1968,0.247295,503.776880,12,1.120
MNIST,GrassmannHRD,10,50,0,1969,0.247171,504.024051,12,1.120
MNIST,GrassmannHRD,10,50,0,1970,0.253155,504.277206,12,1.121
MNIST,GrassmannHRD,10,50,0,1971,0.298031,504.575237,12,1.121
MNIST,GrassmannHRD,10,50,0,1972,0.300627,504.875863,12,1.122
MNIST,GrassmannHRD,10,50,0,1973,0.281494,505.157357,12,1.122
MNIST,GrassmannHRD,10,50,0,1974,0.117963,505.275320,12,1.123
MNIST,GrassmannHRD,10,50,0,1975,0.283271,505.558591,12,1.124
MNIST,GrassmannHRD,10,50,0,1976,0.264044,505.822636,12,1.124
MNIST,GrassmannHRD,10,50,0,1977,0.281081,506.103717,12,1.125
MNIST,GrassmannHRD,10,50,0,1978,0.340490,506.444207,12,1.125
MNIST,GrassmannHRD,10,50,0,1979,0.328359,506.772566,12,1.126
MNIST,GrassmannHRD,10,50,0,1980,0.361526,507.134092,12,1.126
MNIST,GrassmannHRD,10,50,0,1981,0.211278,507.345370,12,1.127
MNIST,GrassmannHRD,10,50,0,1982,0.199168,507.544538,12,1.127
MNIST,GrassmannHRD,10,50,0,1983,0.206948,507.751486,12,1.128
MNIST,GrassmannHRD,10,50,0,1984,0.226293,507.977779,12,1.128
MNIST,GrassmannHRD,10,50,0,1985,0.290179,508.267958,12,1.129
MNIST,GrassmannHRD,10,50,0,1986,0.206654,508.474612,12,1.129
MNIST,GrassmannHRD,10,50,0,1987,0.392347,508.866959,12,1.130
MNIST,GrassmannHRD,10,50,0,1988,0.293726,509.160685,12,1.131
MNIST,GrassmannHRD,10,50,0,1989,0.203466,509.364151,12,1.131
MNIST,GrassmannHRD,10,50,0,1990,0.197765,509.561916,12,1.132
MNIST,GrassmannHRD,10,50,0,1991,0.153027,509.714943,12,1.132
MNIST,GrassmannHRD,10,50,0,1992,0.224725,509.939668,12,1.133
MNIST,GrassmannHRD,10,50,0,1993,0.333429,510.273097,12,1.133
MNIST,GrassmannHRD,10,50,0,1994,0.252804,510.525901,12,1.134
MNIST,GrassmannHRD,10,50,0,1995,0.238917,510.764818,12,1.134
MNIST,GrassmannHRD,10,50,0,1996,0.341052,511.105870,12,1.135
MNIST,GrassmannHRD,10,50,0,1997,0.288237,511.394107,12,1.135
MNIST,GrassmannHRD,10,50,0,1998,0.133107,511.527213,12,1.136
MNIST,GrassmannHRD,10,50,0,1999,0.066866,511.594080,12,1.136
MNIST,GrassmannHRD,10,50,0,2000,0.246751,511.840830,12,1.137
MNIST,GrassmannHRD,10,50,0,2001,0.286236,512.127066,12,1.138
MNIST,GrassmannHRD,10,50,0,2002,0.296316,512.423382,12,1.139
MNIST,GrassmannHRD,10,50,0,2003,0.258153,512.681535,12,1.139
MNIST,GrassmannHRD,10,50,0,2004,0.257065,512.938600,12,1.140
MNIST,GrassmannHRD,10,50,0,2005,0.232572,513.171172,12,1.140
MNIST,GrassmannHRD,10,50,0,2006,0.179742,513.350914,12,1.141
MNIST,GrassmannHRD,10,50,0,2007,0.299155,513.650069,12,1.142
MNIST,GrassmannHRD,10,50,0,2008,0.297657,513.947726,12,1.143
MNIST,GrassmannHRD,10,50,0,2009,0.302496,514.250222,12,1.143
MNIST,GrassmannHRD,10,50,0,2010,0.336572,514.586794,12,1.144
MNIST,GrassmannHRD,10,50,0,2011,0.251582,514.838376,12,1.145
MNIST,GrassmannHRD,10,50,0,2012,0.405312,515.243688,12,1.145
MNIST,GrassmannHRD,10,50,0,2013,0.281126,515.524814,12,1.146
MNIST,GrassmannHRD,10,50,0,2014,0.291555,515.816369,12,1.146
MNIST,GrassmannHRD,10,50,0,2015,0.377318,516.193687,12,1.147
MNIST,GrassmannHRD,10,50,0,2016,0.370776,516.564463,12,1.147
MNIST,GrassmannHRD,10,50,0,2017,0.312866,516.877329,12,1.148
MNIST,GrassmannHRD,10,50,0,2018,0.098285,516.975615,12,1.148
MNIST,GrassmannHRD,10,50,0,2019,0.240992,517.216607,12,1.149
MNIST,GrassmannHRD,10,50,0,2020,0.194755,517.411362,12,1.149
MNIST,GrassmannHRD,10,50,0,2021,0.197575,517.608937,12,1.150
MNIST,GrassmannHRD,10,50,0,2022,0.273395,517.882332,12,1.150
MNIST,GrassmannHRD,10,50,0,2023,0.251607,518.133940,12,1.151
MNIST,GrassmannHRD,10,50,0,2024,0.227784,518.361724,12,1.151
MNIST,GrassmannHRD,10,50,0,2025,0.124213,518.485936,12,1.152
MNIST,GrassmannHRD,10,50,0,2026,0.342376,518.828312,12,1.152
MNIST,GrassmannHRD,10,50,0,2027,0.152596,518.980908,12,1.153
MNIST,GrassmannHRD,10,50,0,2028,0.308368,519.289275,12,1.154
MNIST,GrassmannHRD,10,50,0,2029,0.221534,519.510809,12,1.155
MNIST,GrassmannHRD,10,50,0,2030,0.252727,519.763536,12,1.155
MNIST,GrassmannHRD,10,50,0,2031,0.266879,520.030415,12,1.156
MNIST,GrassmannHRD,10,50,0,2032,0.136599,520.167014,12,1.157
MNIST,GrassmannHRD,10,50,0,2033,0.239347,520.406361,12,1.158
MNIST,GrassmannHRD,10,50,0,2034,0.201013,520.607374,12,1.158
MNIST,GrassmannHRD,10,50,0,2035,0.142207,520.749582,12,1.159
MNIST,GrassmannHRD,10,50,0,2036,0.274718,521.024299,12,1.159
MNIST,GrassmannHRD,10,50,0,2037,0.120293,521.144593,12,1.160
MNIST,GrassmannHRD,10,50,0,2038,0.461502,521.606095,12,1.160
MNIST,GrassmannHRD,10,50,0,2039,0.300108,521.906203,12,1.161
MNIST,GrassmannHRD,10,50,0,2040,0.278844,522.185047,12,1.161
MNIST,GrassmannHRD,10,50,0,2041,0.169404,522.354451,12,1.162
MNIST,GrassmannHRD,10,50,0,2042,0.128171,522.482622,12,1.162
MNIST,GrassmannHRD,10,50,0,2043,0.095470,522.578091,12,1.163
MNIST,GrassmannHRD,10,50,0,2044,0.208959,522.787051,12,1.164
MNIST,GrassmannHRD,10,50,0,2045,0.165886,522.952937,12,1.164
MNIST,GrassmannHRD,10,50,0,2046,0.296126,523.249063,12,1.165
MNIST,GrassmannHRD,10,50,0,2047,0.111362,523.360425,12,1.165
MNIST,GrassmannHRD,10,50,0,2048,0.186190,523.546615,12,1.166
MNIST,GrassmannHRD,10,50,0,2049,0.266057,523.812671,12,1.166
MNIST,GrassmannHRD,10,50,0,2050,0.213462,524.026133,12,1.167
MNIST,GrassmannHRD,10,50,0,2051,0.119829,524.145962,12,1.168
MNIST,GrassmannHRD,10,50,0,2052,0.322392,524.468354,12,1.168
MNIST,GrassmannHRD,10,50,0,2053,0.210150,524.678504,12,1.169
MNIST,GrassmannHRD,10,50,0,2054,0.277523,524.956027,12,1.169
MNIST,GrassmannHRD,10,50,0,2055,0.261452,525.217479,12,1.170
MNIST,GrassmannHRD,10,50,0,2056,0.223939,525.441418,12,1.170
MNIST,GrassmannHRD,10,50,0,2057,0.151187,525.592606,12,1.171
MNIST,GrassmannHRD,10,50,0,2058,0.377996,525.970601,12,1.172
MNIST,GrassmannHRD,10,50,0,2059,0.311218,526.281820,12,1.172
MNIST,GrassmannHRD,10,50,0,2060,0.183281,526.465100,12,1.173
MNIST,GrassmannHRD,10,50,0,2061,0.282717,526.747817,12,1.173
MNIST,GrassmannHRD,10,50,0,2062,0.231274,526.979091,12,1.174
MNIST,GrassmannHRD,10,50,0,2063,0.214991,527.194082,12,1.174
MNIST,GrassmannHRD,10,50,0,2064,0.221035,527.415117,12,1.175
MNIST,GrassmannHRD,10,50,0,2065,0.208852,527.623969,12,1.175
MNIST,GrassmannHRD,10,50,0,2066,0.235300,527.859269,12,1.176
MNIST,GrassmannHRD,10,50,0,2067,0.123414,527.982683,12,1.176
MNIST,GrassmannHRD,10,50,0,2068,0.160779,528.143462,12,1.177
MNIST,GrassmannHRD,10,50,0,2069,0.283332,528.426794,12,1.177
MNIST,GrassmannHRD,10,50,0,2070,0.503593,528.930388,12,1.178
MNIST,GrassmannHRD,10,50,0,2071,0.123239,529.053626,12,1.179
MNIST,GrassmannHRD,10,50,0,2072,0.131343,529.184970,12,1.179
MNIST,GrassmannHRD,10,50,0,2073,0.279833,529.464803,12,1.180
MNIST,GrassmannHRD,10,50,0,2074,0.196499,529.661302,12,1.180
MNIST,GrassmannHRD,10,50,0,2075,0.224439,529.885741,12,1.181
MNIST,GrassmannHRD,10,50,0,2076,0.262691,530.148433,12,1.181
MNIST,GrassmannHRD,10,50,0,2077,0.339616,530.488049,12,1.182
MNIST,GrassmannHRD,10,50,0,2078,0.071821,530.559870,12,1.182
MNIST,GrassmannHRD,10,50,0,2079,0.167324,530.727194,12,1.183
MNIST,GrassmannHRD,10,50,0,2080,0.187432,530.914626,12,1.183
MNIST,GrassmannHRD,10,50,0,2081,0.213352,531.127978,12,1.184
MNIST,GrassmannHRD,10,50,0,2082,0.311853,531.439831,12,1.184
MNIST,GrassmannHRD,10,50,0,2083,0.258836,531.698667,12,1.185
MNIST,GrassmannHRD,10,50,0,2084,0.334353,532.033020,12,1.185
MNIST,GrassmannHRD,10,50,0,2085,0.276974,532.309995,12,1.186
MNIST,GrassmannHRD,10,50,0,2086,0.299873,532.609868,12,1.186
MNIST,GrassmannHRD,10,50,0,2087,0.141469,532.751336,12,1.187
MNIST,GrassmannHRD,10,50,0,2088,0.167000,532.918336,12,1.188
MNIST,GrassmannHRD,10,50,0,2089,0.201401,533.119737,12,1.188
MNIST,GrassmannHRD,10,50,0,2090,0.344788,533.464526,12,1.189
MNIST,GrassmannHRD,10,50,0,2091,0.290528,533.755054,12,1.189
MNIST,GrassmannHRD,10,50,0,2092,0.362296,534.117350,12,1.190
MNIST,GrassmannHRD,10,50,0,2093,0.227942,534.345292,12,1.190
MNIST,GrassmannHRD,10,50,0,2094,0.490305,534.835596,12,1.191
MNIST,GrassmannHRD,10,50,0,2095,0.176373,535.011970,12,1.191
MNIST,GrassmannHRD,10,50,0,2096,0.060609,535.072578,12,1.192
MNIST,GrassmannHRD,10,50,0,2097,0.391522,535.464101,12,1.192
MNIST,GrassmannHRD,10,50,0,2098,0.372277,535.836378,12,1.193
MNIST,GrassmannHRD,10,50,0,2099,0.155256,535.991634,12,1.193
MNIST,GrassmannHRD,10,50,0,2100,0.293005,536.284639,12,1.194
MNIST,GrassmannHRD,10,50,0,2101,0.181241,536.465880,12,1.194
MNIST,GrassmannHRD,10,50,0,2102,0.352451,536.818331,12,1.195
MNIST,GrassmannHRD,10,50,0,2103,0.466919,537.285250,12,1.195
MNIST,GrassmannHRD,10,50,0,2104,0.322575,537.607825,12,1.196
MNIST,GrassmannHRD,10,50,0,2105,0.209121,537.816946,12,1.197
MNIST,GrassmannHRD,10,50,0,2106,0.421967,538.238913,12,1.197
MNIST,GrassmannHRD,10,50,0,2107,0.371932,538.610845,12,1.198
MNIST,GrassmannHRD,10,50,0,2108,0.235144,538.845989,12,1.198
MNIST,GrassmannHRD,10,50,0,2109,0.286549,539.132538,12,1.199
MNIST,GrassmannHRD,10,50,0,2110,0.195804,539.328342,12,1.199
MNIST,GrassmannHRD,10,50,0,2111,0.302012,539.630354,12,1.200
MNIST,GrassmannHRD,10,50,0,2112,0.303385,539.933739,12,1.200
MNIST,GrassmannHRD,10,50,0,2113,0.169253,540.102991,12,1.201
MNIST,GrassmannHRD,10,50,0,2114,0.298342,540.401333,12,1.202
MNIST,GrassmannHRD,10,50,0,2115,0.323359,540.724692,12,1.202
MNIST,GrassmannHRD,10,50,0,2116,0.111390,540.836083,12,1.203
MNIST,GrassmannHRD,10,50,0,2117,0.140459,540.976542,12,1.203
MNIST,GrassmannHRD,10,50,0,2118,0.245158,541.221700,12,1.204
MNIST,GrassmannHRD,10,50,0,2119,0.325445,541.547145,12,1.204
MNIST,GrassmannHRD,10,50,0,2120,0.078154,541.625299,12,1.205
MNIST,GrassmannHRD,10,50,0,2121,0.140166,541.765465,12,1.205
MNIST,GrassmannHRD,10,50,0,2122,0.258093,542.023558,12,1.206
MNIST,GrassmannHRD,10,50,0,2123,0.359896,542.383454,12,1.206
MNIST,GrassmannHRD,10,50,0,2124,0.130266,542.513720,12,1.207
MNIST,GrassmannHRD,10,50,0,2125,0.195130,542.708850,12,1.207
MNIST,GrassmannHRD,10,50,0,2126,0.170619,542.879468,12,1.208
MNIST,GrassmannHRD,10,50,0,2127,0.176595,543.056064,12,1.208
MNIST,GrassmannHRD,10,50,0,2128,0.309767,543.365831,12,1.209
MNIST,GrassmannHRD,10,50,0,2129,0.327400,543.693230,12,1.209
MNIST,GrassmannHRD,10,50,0,2130,0.324332,544.017563,12,1.210
MNIST,GrassmannHRD,10,50,0,2131,0.298666,544.316228,12,1.210
MNIST,GrassmannHRD,10,50,0,2132,0.349001,544.665229,12,1.211
MNIST,GrassmannHRD,10,50,0,2133,0.233347,544.898577,12,1.212
MNIST,GrassmannHRD,10,50,0,2134,0.127399,545.025976,12,1.212
MNIST,GrassmannHRD,10,50,0,2135,0.333023,545.358999,12,1.213
MNIST,GrassmannHRD,10,50,0,2136,0.210859,545.569858,12,1.213
MNIST,GrassmannHRD,10,50,0,2137,0.302671,545.872529,12,1.214
MNIST,GrassmannHRD,10,50,0,2138,0.322800,546.195330,12,1.214
MNIST,GrassmannHRD,10,50,0,2139,0.273035,546.468364,12,1.215
MNIST,GrassmannHRD,10,50,0,2140,0.216946,546.685310,12,1.215
MNIST,GrassmannHRD,10,50,0,2141,0.143394,546.828704,12,1.216
MNIST,GrassmannHRD,10,50,0,2142,0.173338,547.002042,12,1.216
MNIST,GrassmannHRD,10,50,0,2143,0.131767,547.133810,12,1.217
MNIST,GrassmannHRD,10,50,0,2144,0.384344,547.518154,12,1.217
MNIST,GrassmannHRD,10,50,0,2145,0.163388,547.681542,12,1.218
MNIST,GrassmannHRD,10,50,0,2146,0.167666,547.849208,12,1.218
MNIST,GrassmannHRD,10,50,0,2147,0.399026,548.248234,12,1.219
MNIST,GrassmannHRD,10,50,0,2148,0.186704,548.434938,12,1.219
MNIST,GrassmannHRD,10,50,0,2149,0.323788,548.758726,12,1.220
MNIST,GrassmannHRD,10,50,0,2150,0.355417,549.114142,12,1.221
MNIST,GrassmannHRD,10,50,0,2151,0.262421,549.376564,12,1.221
MNIST,GrassmannHRD,10,50,0,2152,0.180370,549.556933,12,1.222
MNIST,GrassmannHRD,10,50,0,2153,0.311698,549.868631,12,1.222
MNIST,GrassmannHRD,10,50,0,2154,0.289648,550.158279,12,1.223
MNIST,GrassmannHRD,10,50,0,2155,0.320974,550.479252,12,1.223
MNIST,GrassmannHRD,10,50,0,2156,0.194539,550.673792,12,1.224
MNIST,GrassmannHRD,10,50,0,2157,0.296286,550.970078,12,1.224
MNIST,GrassmannHRD,10,50,0,2158,0.191357,551.161435,12,1.225
MNIST,GrassmannHRD,10,50,0,2159,0.230913,551.392348,12,1.226
MNIST,GrassmannHRD,10,50,0,2160,0.332038,551.724386,12,1.226
MNIST,GrassmannHRD,10,50,0,2161,0.216633,551.941019,12,1.227
MNIST,GrassmannHRD,10,50,0,2162,0.328457,552.269475,12,1.227
MNIST,GrassmannHRD,10,50,0,2163,0.233980,552.503455,12,1.228
MNIST,GrassmannHRD,10,50,0,2164,0.270687,552.774142,12,1.228
MNIST,GrassmannHRD,10,50,0,2165,0.137194,552.911337,12,1.229
MNIST,GrassmannHRD,10,50,0,2166,0.334119,553.245455,12,1.229
MNIST,GrassmannHRD,10,50,0,2167,0.156322,553.401777,12,1.230
MNIST,GrassmannHRD,10,50,0,2168,0.248182,553.649958,12,1.230
MNIST,GrassmannHRD,10,50,0,2169,0.138986,553.788945,12,1.231
MNIST,GrassmannHRD,10,50,0,2170,0.186626,553.975571,12,1.231
MNIST,GrassmannHRD,10,50,0,2171,0.207841,554.183412,12,1.232
MNIST,GrassmannHRD,10,50,0,2172,0.183653,554.367064,12,1.232
MNIST,GrassmannHRD,10,50,0,2173,0.090477,554.457542,12,1.233
MNIST,GrassmannHRD,10,50,0,2174,0.308523,554.766064,12,1.233
MNIST,GrassmannHRD,10,50,0,2175,0.197898,554.963962,12,1.234
MNIST,GrassmannHRD,10,50,0,2176,0.267026,555.230988,12,1.234
MNIST,GrassmannHRD,10,50,0,2177,0.188683,555.419671,12,1.235
MNIST,GrassmannHRD,10,50,0,2178,0.212089,555.631759,12,1.235
MNIST,GrassmannHRD,10,50,0,2179,0.140408,555.772167,12,1.236
MNIST,GrassmannHRD,10,50,0,2180,0.140018,555.912185,12,1.237
MNIST,GrassmannHRD,10,50,0,2181,0.206496,556.118681,12,1.237
MNIST,GrassmannHRD,10,50,0,2182,0.362652,556.481333,12,1.238
MNIST,GrassmannHRD,10,50,0,2183,0.259365,556.740699,12,1.238
MNIST,GrassmannHRD,10,50,0,2184,0.230997,556.971695,12,1.239
MNIST,GrassmannHRD,10,50,0,2185,0.105857,557.077552,12,1.239
MNIST,GrassmannHRD,10,50,0,2186,0.306795,557.384348,12,1.240
MNIST,GrassmannHRD,10,50,0,2187,0.419875,557.804223,12,1.240
MNIST,GrassmannHRD,10,50,0,2188,0.225206,558.029429,12,1.241
MNIST,GrassmannHRD,10,50,0,2189,0.228333,558.257762,12,1.241
MNIST,GrassmannHRD,10,50,0,2190,0.181846,558.439607,12,1.242
MNIST,GrassmannHRD,10,50,0,2191,0.166989,558.606597,12,1.242
MNIST,GrassmannHRD,10,50,0,2192,0.180966,558.787562,12,1.243
MNIST,GrassmannHRD,10,50,0,2193,0.312535,559.100097,12,1.243
MNIST,GrassmannHRD,10,50,0,2194,0.233000,559.333098,12,1.244
MNIST,GrassmannHRD,10,50,0,2195,0.234740,559.567837,12,1.244
MNIST,GrassmannHRD,10,50,0,2196,0.319589,559.887426,12,1.245
MNIST,GrassmannHRD,10,50,0,2197,0.087145,559.974571,12,1.245
MNIST,GrassmannHRD,10,50,0,2198,0.125019,560.099590,12,1.246
MNIST,GrassmannHRD,10,50,0,2199,0.112192,560.211781,12,1.246
MNIST,GrassmannHRD,10,50,0,2200,0.230425,560.442207,12,1.247
MNIST,GrassmannHRD,10,50,0,2201,0.218001,560.660208,12,1.248
MNIST,GrassmannHRD,10,50,0,2202,0.491790,561.151998,12,1.248
MNIST,GrassmannHRD,10,50,0,2203,0.127921,561.279919,12,1.249
MNIST,GrassmannHRD,10,50,0,2204,0.237462,561.517381,12,1.249
MNIST,GrassmannHRD,10,50,0,2205,0.266172,561.783553,12,1.250
MNIST,GrassmannHRD,10,50,0,2206,0.127909,561.911462,12,1.250
MNIST,GrassmannHRD,10,50,0,2207,0.326901,562.238362,12,1.251
MNIST,GrassmannHRD,10,50,0,2208,0.177520,562.415882,12,1.251
MNIST,GrassmannHRD,10,50,0,2209,0.283935,562.699817,12,1.252
MNIST,GrassmannHRD,10,50,0,2210,0.385380,563.085197,12,1.252
MNIST,GrassmannHRD,10,50,0,2211,0.316747,563.401944,12,1.253
MNIST,GrassmannHRD,10,50,0,2212,0.211924,563.613868,12,1.253
MNIST,GrassmannHRD,10,50,0,2213,0.234400,563.848268,12,1.254
MNIST,GrassmannHRD,10,50,0,2214,0.553136,564.401404,12,1.254
MNIST,GrassmannHRD,10,50,0,2215,0.254938,564.656343,12,1.255
MNIST,GrassmannHRD,10,50,0,2216,0.158170,564.814512,12,1.255
MNIST,GrassmannHRD,10,50,0,2217,0.253585,565.068097,12,1.256
MNIST,GrassmannHRD,10,50,0,2218,0.192328,565.260426,12,1.256
MNIST,GrassmannHRD,10,50,0,2219,0.329030,565.589455,12,1.257
MNIST,GrassmannHRD,10,50,0,2220,0.338593,565.928048,12,1.258
MNIST,GrassmannHRD,10,50,0,2221,0.264631,566.192680,12,1.258
MNIST,GrassmannHRD,10,50,0,2222,0.351403,566.544082,12,1.259
MNIST,GrassmannHRD,10,50,0,2223,0.204566,566.748648,12,1.259
MNIST,GrassmannHRD,10,50,0,2224,0.216692,566.965340,12,1.260
MNIST,GrassmannHRD,10,50,0,2225,0.173636,567.138976,12,1.260
MNIST,GrassmannHRD,10,50,0,2226,0.452242,567.591218,12,1.261
MNIST,GrassmannHRD,10,50,0,2227,0.206310,567.797529,12,1.261
MNIST,GrassmannHRD,10,50,0,2228,0.261186,568.058715,12,1.262
MNIST,GrassmannHRD,10,50,0,2229,0.324809,568.383524,12,1.262
MNIST,GrassmannHRD,10,50,0,2230,0.228229,568.611752,12,1.263
MNIST,GrassmannHRD,10,50,0,2231,0.274250,568.886003,12,1.263
MNIST,GrassmannHRD,10,50,0,2232,0.191152,569.077155,12,1.264
MNIST,GrassmannHRD,10,50,0,2233,0.248132,569.325287,12,1.264
MNIST,GrassmannHRD,10,50,0,2234,0.207175,569.532462,12,1.265
MNIST,GrassmannHRD,10,50,0,2235,0.221491,569.753953,12,1.265
MNIST,GrassmannHRD,10,50,0,2236,0.333326,570.087279,12,1.266
MNIST,GrassmannHRD,10,50,0,2237,0.452439,570.539718,12,1.266
MNIST,GrassmannHRD,10,50,0,2238,0.320177,570.859895,12,1.267
MNIST,GrassmannHRD,10,50,0,2239,0.243674,571.103568,12,1.267
MNIST,GrassmannHRD,10,50,0,2240,0.173758,571.277326,12,1.268
MNIST,GrassmannHRD,10,50,0,2241,0.183956,571.461282,12,1.268
MNIST,GrassmannHRD,10,50,0,2242,0.148401,571.609683,12,1.269
MNIST,GrassmannHRD,10,50,0,2243,0.310428,571.920111,12,1.269
MNIST,GrassmannHRD,10,50,0,2244,0.183264,572.103375,12,1.270
MNIST,GrassmannHRD,10,50,0,2245,0.174988,572.278363,12,1.270
MNIST,GrassmannHRD,10,50,0,2246,0.221706,572.500068,12,1.271
MNIST,GrassmannHRD,10,50,0,2247,0.332317,572.832385,12,1.272
MNIST,GrassmannHRD,10,50,0,2248,0.193638,573.026023,12,1.272
MNIST,GrassmannHRD,10,50,0,2249,0.192152,573.218175,12,1.273
MNIST,GrassmannHRD,10,50,0,2250,0.429736,573.647912,12,1.273
MNIST,GrassmannHRD,10,50,0,2251,0.226229,573.874141,12,1.274
MNIST,GrassmannHRD,10,50,0,2252,0.314558,574.188699,12,1.274
MNIST,GrassmannHRD,10,50,0,2253,0.152995,574.341694,12,1.275
MNIST,GrassmannHRD,10,50,0,2254,0.204444,574.546138,12,1.275
MNIST,GrassmannHRD,10,50,0,2255,0.211121,574.757259,12,1.276
MNIST,GrassmannHRD,10,50,0,2256,0.281590,575.038849,12,1.276
MNIST,GrassmannHRD,10,50,0,2257,0.131365,575.170214,12,1.277
MNIST,GrassmannHRD,10,50,0,2258,0.143633,575.313847,12,1.277
MNIST,GrassmannHRD,10,50,0,2259,0.452936,575.766784,12,1.278
MNIST,GrassmannHRD,10,50,0,2260,0.231249,575.998032,12,1.279
MNIST,GrassmannHRD,10,50,0,2261,0.308068,576.306101,12,1.279
MNIST,GrassmannHRD,10,50,0,2262,0.131726,576.437827,12,1.280
MNIST,GrassmannHRD,10,50,0,2263,0.212429,576.650257,12,1.280
MNIST,GrassmannHRD,10,50,0,2264,0.236094,576.886351,12,1.281
MNIST,GrassmannHRD,10,50,0,2265,0.104167,576.990518,12,1.281
MNIST,GrassmannHRD,10,50,0,2266,0.236435,577.226953,12,1.282
MNIST,GrassmannHRD,10,50,0,2267,0.176171,577.403124,12,1.282
MNIST,GrassmannHRD,10,50,0,2268,0.293664,577.696788,12,1.283
MNIST,GrassmannHRD,10,50,0,2269,0.312663,578.009451,12,1.283
MNIST,GrassmannHRD,10,50,0,2270,0.415906,578.425358,12,1.284
MNIST,GrassmannHRD,10,50,0,2271,0.177430,578.602788,12,1.284
MNIST,GrassmannHRD,10,50,0,2272,0.355734,578.958522,12,1.285
MNIST,GrassmannHRD,10,50,0,2273,0.195116,579.153638,12,1.285
MNIST,GrassmannHRD,10,50,0,2274,0.269705,579.423343,12,1.286
MNIST,GrassmannHRD,10,50,0,2275,0.324933,579.748276,12,1.287
MNIST,GrassmannHRD,10,50,0,2276,0.335602,580.083878,12,1.287
MNIST,GrassmannHRD,10,50,0,2277,0.228791,580.312669,12,1.288
MNIST,GrassmannHRD,10,50,0,2278,0.238367,580.551036,12,1.288
MNIST,GrassmannHRD,10,50,0,2279,0.224767,580.775803,12,1.289
MNIST,GrassmannHRD,10,50,0,2280,0.277040,581.052844,12,1.289
MNIST,GrassmannHRD,10,50,0,2281,0.308052,581.360896,12,1.290
MNIST,GrassmannHRD,10,50,0,2282,0.211054,581.571950,12,1.290
MNIST,GrassmannHRD,10,50,0,2283,0.319925,581.891875,12,1.291
MNIST,GrassmannHRD,10,50,0,2284,0.262838,582.154713,12,1.291
MNIST,GrassmannHRD,10,50,0,2285,0.457021,582.611734,12,1.292
MNIST,GrassmannHRD,10,50,0,2286,0.269205,582.880938,12,1.292
MNIST,GrassmannHRD,10,50,0,2287,0.192238,583.073176,12,1.293
MNIST,GrassmannHRD,10,50,0,2288,0.245619,583.318795,12,1.293
MNIST,GrassmannHRD,10,50,0,2289,0.439218,583.758013,12,1.294
MNIST,GrassmannHRD,10,50,0,2290,0.129044,583.887057,12,1.294
MNIST,GrassmannHRD,10,50,0,2291,0.291783,584.178840,12,1.295
MNIST,GrassmannHRD,10,50,0,2292,0.119011,584.297851,12,1.295
MNIST,GrassmannHRD,10,50,0,2293,0.260348,584.558199,12,1.296
MNIST,GrassmannHRD,10,50,0,2294,0.368111,584.926311,12,1.296
MNIST,GrassmannHRD,10,50,0,2295,0.243288,585.169598,12,1.297
MNIST,GrassmannHRD,10,50,0,2296,0.183481,585.353079,12,1.297
MNIST,GrassmannHRD,10,50,0,2297,0.181850,585.534929,12,1.298
MNIST,GrassmannHRD,10,50,0,2298,0.354980,585.889909,12,1.298
MNIST,GrassmannHRD,10,50,0,2299,0.087510,585.977419,12,1.299
MNIST,GrassmannHRD,10,50,0,2300,0.342711,586.320130,12,1.300
MNIST,GrassmannHRD,10,50,0,2301,0.304262,586.624392,12,1.300
MNIST,GrassmannHRD,10,50,0,2302,0.276233,586.900625,12,1.301
MNIST,GrassmannHRD,10,50,0,2303,0.133089,587.033713,12,1.301
MNIST,GrassmannHRD,10,50,0,2304,0.214256,587.247969,12,1.302
MNIST,GrassmannHRD,10,50,0,2305,0.131242,587.379211,12,1.302
MNIST,GrassmannHRD,10,50,0,2306,0.271717,587.650928,12,1.303
MNIST,GrassmannHRD,10,50,0,2307,0.292553,587.943481,12,1.303
MNIST,GrassmannHRD,10,50,0,2308,0.152737,588.096218,12,1.304
MNIST,GrassmannHRD,10,50,0,2309,0.214647,588.310865,12,1.304
MNIST,GrassmannHRD,10,50,0,2310,0.271598,588.582463,12,1.305
MNIST,GrassmannHRD,10,50,0,2311,0.252577,588.835039,12,1.306
MNIST,GrassmannHRD,10,50,0,2312,0.287663,589.122703,12,1.306
MNIST,GrassmannHRD,10,50,0,2313,0.335520,589.458222,12,1.307
MNIST,GrassmannHRD,10,50,0,2314,0.318150,589.776372,12,1.307
MNIST,GrassmannHRD,10,50,0,2315,0.294550,590.070922,12,1.308
MNIST,GrassmannHRD,10,50,0,2316,0.292971,590.363893,12,1.308
MNIST,GrassmannHRD,10,50,0,2317,0.266706,590.630599,12,1.309
MNIST,GrassmannHRD,10,50,0,2318,0.262805,590.893404,12,1.309
MNIST,GrassmannHRD,10,50,0,2319,0.313780,591.207184,12,1.310
MNIST,GrassmannHRD,10,50,0,2320,0.224038,591.431222,12,1.310
MNIST,GrassmannHRD,10,50,0,2321,0.259465,591.690687,12,1.311
MNIST,GrassmannHRD,10,50,0,2322,0.363955,592.054642,12,1.311
MNIST,GrassmannHRD,10,50,0,2323,0.176580,592.231222,12,1.312
MNIST,GrassmannHRD,10,50,0,2324,0.199885,592.431107,12,1.312
MNIST,GrassmannHRD,10,50,0,2325,0.305337,592.736445,12,1.313
MNIST,GrassmannHRD,10,50,0,2326,0.390191,593.126636,12,1.313
MNIST,GrassmannHRD,10,50,0,2327,0.391976,593.518612,12,1.314
MNIST,GrassmannHRD,10,50,0,2328,0.226062,593.744674,12,1.314
MNIST,GrassmannHRD,10,50,0,2329,0.241524,593.986198,12,1.315
MNIST,GrassmannHRD,10,50,0,2330,0.267123,594.253321,12,1.316
MNIST,GrassmannHRD,10,50,0,2331,0.271613,594.524934,12,1.316
MNIST,GrassmannHRD,10,50,0,2332,0.349152,594.874086,12,1.317
MNIST,GrassmannHRD,10,50,0,2333,0.531589,595.405675,12,1.317
MNIST,GrassmannHRD,10,50,0,2334,0.348047,595.753722,12,1.318
MNIST,GrassmannHRD,10,50,0,2335,0.184897,595.938619,12,1.318
MNIST,GrassmannHRD,10,50,0,2336,0.244786,596.183406,12,1.319
MNIST,GrassmannHRD,10,50,0,2337,0.275351,596.458757,12,1.319
MNIST,GrassmannHRD,10,50,0,2338,0.306885,596.765642,12,1.320
MNIST,GrassmannHRD,10,50,0,2339,0.196907,596.962549,12,1.320
MNIST,GrassmannHRD,10,50,0,2340,0.218255,597.180804,12,1.321
MNIST,GrassmannHRD,10,50,0,2341,0.352672,597.533477,12,1.321
MNIST,GrassmannHRD,10,50,0,2342,0.260360,597.793837,12,1.322
MNIST,GrassmannHRD,10,50,0,2343,0.372634,598.166470,12,1.322
MNIST,GrassmannHRD,10,50,0,2344,0.331185,598.497655,12,1.323
MNIST,GrassmannHRD,10,50,0,2345,0.241590,598.739245,12,1.323
MNIST,GrassmannHRD,10,50,0,2346,0.375850,599.115095,12,1.324
MNIST,GrassmannHRD,10,50,0,2347,0.297943,599.413038,12,1.324
MNIST,GrassmannHRD,10,50,0,2348,0.305394,599.718431,12,1.325
MNIST,GrassmannHRD,10,50,0,2349,0.336911,600.055342,12,1.325
MNIST,GrassmannHRD,10,50,0,2350,0.192952,600.248295,12,1.326
MNIST,GrassmannHRD,10,50,0,2351,0.289759,600.538054,12,1.327
MNIST,GrassmannHRD,10,50,0,2352,0.265502,600.803556,12,1.327
MNIST,GrassmannHRD,10,50,0,2353,0.389800,601.193356,12,1.328
MNIST,GrassmannHRD,10,50,0,2354,0.329847,601.523202,12,1.328
MNIST,GrassmannHRD,10,50,0,2355,0.102309,601.625511,12,1.329
MNIST,GrassmannHRD,10,50,0,2356,0.241237,601.866748,12,1.329
MNIST,GrassmannHRD,10,50,0,2357,0.320405,602.187153,12,1.330
MNIST,GrassmannHRD,10,50,0,2358,0.346588,602.533741,12,1.330
MNIST,GrassmannHRD,10,50,0,2359,0.217149,602.750890,12,1.331
MNIST,GrassmannHRD,10,50,0,2360,0.177770,602.928659,12,1.332
MNIST,GrassmannHRD,10,50,0,2361,0.151702,603.080362,12,1.332
MNIST,GrassmannHRD,10,50,0,2362,0.250235,603.330597,12,1.333
MNIST,GrassmannHRD,10,50,0,2363,0.365319,603.695915,12,1.333
MNIST,GrassmannHRD,10,50,0,2364,0.205122,603.901037,12,1.334
MNIST,GrassmannHRD,10,50,0,2365,0.251396,604.152433,12,1.334
MNIST,GrassmannHRD,10,50,0,2366,0.275265,604.427698,12,1.335
MNIST,GrassmannHRD,10,50,0,2367,0.182425,604.610123,12,1.335
MNIST,GrassmannHRD,10,50,0,2368,0.180423,604.790547,12,1.336
MNIST,GrassmannHRD,10,50,0,2369,0.329180,605.119727,12,1.336
MNIST,GrassmannHRD,10,50,0,2370,0.269245,605.388972,12,1.337
MNIST,GrassmannHRD,10,50,0,2371,0.280763,605.669735,12,1.337
MNIST,GrassmannHRD,10,50,0,2372,0.211646,605.881381,12,1.338
MNIST,GrassmannHRD,10,50,0,2373,0.254340,606.135720,12,1.338
MNIST,GrassmannHRD,10,50,0,2374,0.220894,606.356615,12,1.339
MNIST,GrassmannHRD,10,50,0,2375,0.311874,606.668489,12,1.339
MNIST,GrassmannHRD,10,50,0,2376,0.216190,606.884679,12,1.340
MNIST,GrassmannHRD,10,50,0,2377,0.280985,607.165664,12,1.340
MNIST,GrassmannHRD,10,50,0,2378,0.200186,607.365851,12,1.341
MNIST,GrassmannHRD,10,50,0,2379,0.289236,607.655087,12,1.341
MNIST,GrassmannHRD,10,50,0,2380,0.113758,607.768845,12,1.342
MNIST,GrassmannHRD,10,50,0,2381,0.293087,608.061933,12,1.342
MNIST,GrassmannHRD,10,50,0,2382,0.353009,608.414941,12,1.343
MNIST,GrassmannHRD,10,50,0,2383,0.282678,608.697619,12,1.344
MNIST,GrassmannHRD,10,50,0,2384,0.407668,609.105287,12,1.344
MNIST,GrassmannHRD,10,50,0,2385,0.243671,609.348958,12,1.345
MNIST,GrassmannHRD,10,50,0,2386,0.245530,609.594488,12,1.345
MNIST,GrassmannHRD,10,50,0,2387,0.466900,610.061388,12,1.346
MNIST,GrassmannHRD,10,50,0,2388,0.201699,610.263087,12,1.346
MNIST,GrassmannHRD,10,50,0,2389,0.360359,610.623446,12,1.347
MNIST,GrassmannHRD,10,50,0,2390,0.249886,610.873332,12,1.347
MNIST,GrassmannHRD,10,50,0,2391,0.316763,611.190095,12,1.348
MNIST,GrassmannHRD,10,50,0,2392,0.437714,611.627809,12,1.348
MNIST,GrassmannHRD,10,50,0,2393,0.385476,612.013285,12,1.349
MNIST,GrassmannHRD,10,50,0,2394,0.304473,612.317758,12,1.349
MNIST,GrassmannHRD,10,50,0,2395,0.353682,612.671440,12,1.350
MNIST,GrassmannHRD,10,50,0,2396,0.253171,612.924611,12,1.350
MNIST,GrassmannHRD,10,50,0,2397,0.294933,613.219543,12,1.351
MNIST,GrassmannHRD,10,50,0,2398,0.281356,613.500899,12,1.351
MNIST,GrassmannHRD,10,50,0,2399,0.258498,613.759397,12,1.352
MNIST,GrassmannHRD,10,50,0,2400,0.468044,614.227442,12,1.353
MNIST,GrassmannHRD,10,50,0,2401,0.179027,614.406469,12,1.353
MNIST,GrassmannHRD,10,50,0,2402,0.314361,614.720830,12,1.354
MNIST,GrassmannHRD,10,50,0,2403,0.261277,614.982108,12,1.354
MNIST,GrassmannHRD,10,50,0,2404,0.326744,615.308852,12,1.355
MNIST,GrassmannHRD,10,50,0,2405,0.093415,615.402267,12,1.355
MNIST,GrassmannHRD,10,50,0,2406,0.159437,615.561704,12,1.356
MNIST,GrassmannHRD,10,50,0,2407,0.103264,615.664968,12,1.356
MNIST,GrassmannHRD,10,50,0,2408,0.301903,615.966871,12,1.357
MNIST,GrassmannHRD,10,50,0,2409,0.350795,616.317667,12,1.357
MNIST,GrassmannHRD,10,50,0,2410,0.375012,616.692679,12,1.358
MNIST,GrassmannHRD,10,50,0,2411,0.161231,616.853910,12,1.359
MNIST,GrassmannHRD,10,50,0,2412,0.246267,617.100177,12,1.359
MNIST,GrassmannHRD,10,50,0,2413,0.328421,617.428598,12,1.360
MNIST,GrassmannHRD,10,50,0,2414,0.316884,617.745482,12,1.360
MNIST,GrassmannHRD,10,50,0,2415,0.104659,617.850142,12,1.361
MNIST,GrassmannHRD,10,50,0,2416,0.382209,618.232351,12,1.361
MNIST,GrassmannHRD,10,50,0,2417,0.394634,618.626985,12,1.362
MNIST,GrassmannHRD,10,50,0,2418,0.241094,618.868079,12,1.362
MNIST,GrassmannHRD,10,50,0,2419,0.226566,619.094644,12,1.363
MNIST,GrassmannHRD,10,50,0,2420,0.195577,619.290222,12,1.363
MNIST,GrassmannHRD,10,50,0,2421,0.250482,619.540703,12,1.364
MNIST,GrassmannHRD,10,50,0,2422,0.305688,619.846391,12,1.364
MNIST,GrassmannHRD,10,50,0,2423,0.289350,620.135741,12,1.365
MNIST,GrassmannHRD,10,50,0,2424,0.225637,620.361379,12,1.365
MNIST,GrassmannHRD,10,50,0,2425,0.202966,620.564345,12,1.366
MNIST,GrassmannHRD,10,50,0,2426,0.237122,620.801467,12,1.366
MNIST,GrassmannHRD,10,50,0,2427,0.273910,621.075377,12,1.367
MNIST,GrassmannHRD,10,50,0,2428,0.211143,621.286520,12,1.367
MNIST,GrassmannHRD,10,50,0,2429,0.257963,621.544482,12,1.368
MNIST,GrassmannHRD,10,50,0,2430,0.233711,621.778193,12,1.368
MNIST,GrassmannHRD,10,50,0,2431,0.179088,621.957281,12,1.369
MNIST,GrassmannHRD,10,50,0,2432,0.212784,622.170066,12,1.369
MNIST,GrassmannHRD,10,50,0,2433,0.242734,622.412800,12,1.370
MNIST,GrassmannHRD,10,50,0,2434,0.133677,622.546476,12,1.371
MNIST,GrassmannHRD,10,50,0,2435,0.271870,622.818347,12,1.371
MNIST,GrassmannHRD,10,50,0,2436,0.219997,623.038344,12,1.372
MNIST,GrassmannHRD,10,50,0,2437,0.150873,623.189217,12,1.372
MNIST,GrassmannHRD,10,50,0,2438,0.402576,623.591793,12,1.373
MNIST,GrassmannHRD,10,50,0,2439,0.144676,623.736468,12,1.373
MNIST,GrassmannHRD,10,50,0,2440,0.250400,623.986869,12,1.374
MNIST,GrassmannHRD,10,50,0,2441,0.213685,624.200553,12,1.374
MNIST,GrassmannHRD,10,50,0,2442,0.297757,624.498311,12,1.375
MNIST,GrassmannHRD,10,50,0,2443,0.187967,624.686278,12,1.375
MNIST,GrassmannHRD,10,50,0,2444,0.150876,624.837154,12,1.376
MNIST,GrassmannHRD,10,50,0,2445,0.238196,625.075350,12,1.377
MNIST,GrassmannHRD,10,50,0,2446,0.080564,625.155914,12,1.377
MNIST,GrassmannHRD,10,50,0,2447,0.303841,625.459755,12,1.378
MNIST,GrassmannHRD,10,50,0,2448,0.258670,625.718425,12,1.378
MNIST,GrassmannHRD,10,50,0,2449,0.170844,625.889269,12,1.379
MNIST,GrassmannHRD,10,50,0,2450,0.239656,626.128925,12,1.379
MNIST,GrassmannHRD,10,50,0,2451,0.253755,626.382680,12,1.380
MNIST,GrassmannHRD,10,50,0,2452,0.341582,626.724262,12,1.380
MNIST,GrassmannHRD,10,50,0,2453,0.139649,626.863911,12,1.381
MNIST,GrassmannHRD,10,50,0,2454,0.247749,627.111660,12,1.381
MNIST,GrassmannHRD,10,50,0,2455,0.146182,627.257841,12,1.382
MNIST,GrassmannHRD,10,50,0,2456,0.216887,627.474729,12,1.383
MNIST,GrassmannHRD,10,50,0,2457,0.334576,627.809305,12,1.383
MNIST,GrassmannHRD,10,50,0,2458,0.215686,628.024991,12,1.384
MNIST,GrassmannHRD,10,50,0,2459,0.467881,628.492872,12,1.384
MNIST,GrassmannHRD,10,50,0,2460,0.264276,628.757148,12,1.385
MNIST,GrassmannHRD,10,50,0,2461,0.274587,629.031735,12,1.385
MNIST,GrassmannHRD,10,50,0,2462,0.247297,629.279032,12,1.386
MNIST,GrassmannHRD,10,50,0,2463,0.275640,629.554673,12,1.386
MNIST,GrassmannHRD,10,50,0,2464,0.316660,629.871333,12,1.387
MNIST,GrassmannHRD,10,50,0,2465,0.150699,630.022032,12,1.387
MNIST,GrassmannHRD,10,50,0,2466,0.172017,630.194048,12,1.388
MNIST,GrassmannHRD,10,50,0,2467,0.324253,630.518302,12,1.388
MNIST,GrassmannHRD,10,50,0,2468,0.260633,630.778934,12,1.389
MNIST,GrassmannHRD,10,50,0,2469,0.322271,631.101205,12,1.389
MNIST,GrassmannHRD,10,50,0,2470,0.256005,631.357211,12,1.390
MNIST,GrassmannHRD,10,50,0,2471,0.280307,631.637517,12,1.391
MNIST,GrassmannHRD,10,50,0,2472,0.279265,631.916783,12,1.391
MNIST,GrassmannHRD,10,50,0,2473,0.333858,632.250641,12,1.392
MNIST,GrassmannHRD,10,50,0,2474,0.296301,632.546942,12,1.392
MNIST,GrassmannHRD,10,50,0,2475,0.329249,632.876191,12,1.393
MNIST,GrassmannHRD,10,50,0,2476,0.222875,633.099066,12,1.393
MNIST,GrassmannHRD,10,50,0,2477,0.302396,633.401462,12,1.394
MNIST,GrassmannHRD,10,50,0,2478,0.237739,633.639201,12,1.394
MNIST,GrassmannHRD,10,50,0,2479,0.249008,633.888209,12,1.395
MNIST,GrassmannHRD,10,50,0,2480,0.271468,634.159677,12,1.395
MNIST,GrassmannHRD,10,50,0,2481,0.188070,634.347747,12,1.396
MNIST,GrassmannHRD,10,50,0,2482,0.167500,634.515246,12,1.396
MNIST,GrassmannHRD,10,50,0,2483,0.243943,634.759189,12,1.397
MNIST,GrassmannHRD,10,50,0,2484,0.072278,634.831467,12,1.397
MNIST,GrassmannHRD,10,50,0,2485,0.245186,635.076653,12,1.398
MNIST,GrassmannHRD,10,50,0,2486,0.125767,635.202420,12,1.398
MNIST,GrassmannHRD,10,50,0,2487,0.248249,635.450669,12,1.399
MNIST,GrassmannHRD,10,50,0,2488,0.356304,635.806973,12,1.399
MNIST,GrassmannHRD,10,50,0,2489,0.203657,636.010630,12,1.400
MNIST,GrassmannHRD,10,50,0,2490,0.266966,636.277595,12,1.400
MNIST,GrassmannHRD,10,50,0,2491,0.415227,636.692822,12,1.401
MNIST,GrassmannHRD,10,50,0,2492,0.250150,636.942973,12,1.402
MNIST,GrassmannHRD,10,50,0,2493,0.428959,637.371931,12,1.402
MNIST,GrassmannHRD,10,50,0,2494,0.225314,637.597245,12,1.403
MNIST,GrassmannHRD,10,50,0,2495,0.160361,637.757606,12,1.403
MNIST,GrassmannHRD,10,50,0,2496,0.209524,637.967130,12,1.404
MNIST,GrassmannHRD,10,50,0,2497,0.228809,638.195939,12,1.404
MNIST,GrassmannHRD,10,50,0,2498,0.223141,638.419080,12,1.405
MNIST,GrassmannHRD,10,50,0,2499,0.142221,638.561301,12,1.405
MNIST,GrassmannHRD,10,50,0,2500,0.261259,638.822559,12,1.406
MNIST,GrassmannHRD,10,50,0,2501,0.161894,638.984454,12,1.407
MNIST,GrassmannHRD,10,50,0,2502,0.267737,639.252191,12,1.407
MNIST,GrassmannHRD,10,50,0,2503,0.334279,639.586470,12,1.408
MNIST,GrassmannHRD,10,50,0,2504,0.149836,639.736306,12,1.408
MNIST,GrassmannHRD,10,50,0,2505,0.262296,639.998602,12,1.409
MNIST,GrassmannHRD,10,50,0,2506,0.233684,640.232286,12,1.409
MNIST,GrassmannHRD,10,50,0,2507,0.329076,640.561362,12,1.410
MNIST,GrassmannHRD,10,50,0,2508,0.307367,640.868729,12,1.410
MNIST,GrassmannHRD,10,50,0,2509,0.199102,641.067831,12,1.411
MNIST,GrassmannHRD,10,50,0,2510,0.244708,641.312539,12,1.411
MNIST,GrassmannHRD,10,50,0,2511,0.186830,641.499368,12,1.412
MNIST,GrassmannHRD,10,50,0,2512,0.142923,641.642292,12,1.412
MNIST,GrassmannHRD,10,50,0,2513,0.232115,641.874406,12,1.413
MNIST,GrassmannHRD,10,50,0,2514,0.400408,642.274814,12,1.413
MNIST,GrassmannHRD,10,50,0,2515,0.245983,642.520797,12,1.414
MNIST,GrassmannHRD,10,50,0,2516,0.117515,642.638313,12,1.414
MNIST,GrassmannHRD,10,50,0,2517,0.303190,642.941503,12,1.415
MNIST,GrassmannHRD,10,50,0,2518,0.332620,643.274123,12,1.415
MNIST,GrassmannHRD,10,50,0,2519,0.183823,643.457946,12,1.416
MNIST,GrassmannHRD,10,50,0,2520,0.168716,643.626662,12,1.416
MNIST,GrassmannHRD,10,50,0,2521,0.423307,644.049969,12,1.417
MNIST,GrassmannHRD,10,50,0,2522,0.164375,644.214344,12,1.418
MNIST,GrassmannHRD,10,50,0,2523,0.392309,644.606653,12,1.418
MNIST,GrassmannHRD,10,50,0,2524,0.190784,644.797438,12,1.419
MNIST,GrassmannHRD,10,50,0,2525,0.381458,645.178896,12,1.419
MNIST,GrassmannHRD,10,50,0,2526,0.237406,645.416301,12,1.420
MNIST,GrassmannHRD,10,50,0,2527,0.233854,645.650155,12,1.420
MNIST,GrassmannHRD,10,50,0,2528,0.288557,645.938712,12,1.421
MNIST,GrassmannHRD,10,50,0,2529,0.330782,646.269495,12,1.421
MNIST,GrassmannHRD,10,50,0,2530,0.314751,646.584245,12,1.422
MNIST,GrassmannHRD,10,50,0,2531,0.157880,646.742125,12,1.422
MNIST,GrassmannHRD,10,50,0,2532,0.199577,646.941702,12,1.423
MNIST,GrassmannHRD,10,50,0,2533,0.253421,647.195123,12,1.423
MNIST,GrassmannHRD,10,50,0,2534,0.262039,647.457162,12,1.424
MNIST,GrassmannHRD,10,50,0,2535,0.289285,647.746447,12,1.424
MNIST,GrassmannHRD,10,50,0,2536,0.102658,647.849106,12,1.425
MNIST,GrassmannHRD,10,50,0,2537,0.247594,648.096700,12,1.425
MNIST,GrassmannHRD,10,50,0,2538,0.248006,648.344706,12,1.426
MNIST,GrassmannHRD,10,50,0,2539,0.233393,648.578099,12,1.427
MNIST,GrassmannHRD,10,50,0,2540,0.266288,648.844388,12,1.427
MNIST,GrassmannHRD,10,50,0,2541,0.212733,649.057121,12,1.428
MNIST,GrassmannHRD,10,50,0,2542,0.215548,649.272669,12,1.428
MNIST,GrassmannHRD,10,50,0,2543,0.244488,649.517157,12,1.429
MNIST,GrassmannHRD,10,50,0,2544,0.186078,649.703235,12,1.429
MNIST,GrassmannHRD,10,50,0,2545,0.198097,649.901332,12,1.430
MNIST,GrassmannHRD,10,50,0,2546,0.258779,650.160111,12,1.430
MNIST,GrassmannHRD,10,50,0,2547,0.057840,650.217952,12,1.431
MNIST,GrassmannHRD,10,50,0,2548,0.191394,650.409345,12,1.431
MNIST,GrassmannHRD,10,50,0,2549,0.229380,650.638725,12,1.432
MNIST,GrassmannHRD,10,50,0,2550,0.218301,650.857026,12,1.432
MNIST,GrassmannHRD,10,50,0,2551,0.198533,651.055560,12,1.433
MNIST,GrassmannHRD,10,50,0,2552,0.210002,651.265561,12,1.433
MNIST,GrassmannHRD,10,50,0,2553,0.204515,651.470076,12,1.434
MNIST,GrassmannHRD,10,50,0,2554,0.116350,651.586426,12,1.434
MNIST,GrassmannHRD,10,50,0,2555,0.309800,651.896227,12,1.435
MNIST,GrassmannHRD,10,50,0,2556,0.156703,652.052929,12,1.436
MNIST,GrassmannHRD,10,50,0,2557,0.460481,652.513411,12,1.436
MNIST,GrassmannHRD,10,50,0,2558,0.396507,652.909917,12,1.437
MNIST,GrassmannHRD,10,50,0,2559,0.265763,653.175681,12,1.437
MNIST,GrassmannHRD,10,50,0,2560,0.145842,653.321523,12,1.438
MNIST,GrassmannHRD,10,50,0,2561,0.263578,653.585100,12,1.438
MNIST,GrassmannHRD,10,50,0,2562,0.307435,653.892535,12,1.439
MNIST,GrassmannHRD,10,50,0,2563,0.279217,654.171752,12,1.439
MNIST,GrassmannHRD,10,50,0,2564,0.305632,654.477384,12,1.440
MNIST,GrassmannHRD,10,50,0,2565,0.181738,654.659121,12,1.440
MNIST,GrassmannHRD,10,50,0,2566,0.304054,654.963176,12,1.441
MNIST,GrassmannHRD,10,50,0,2567,0.257544,655.220720,12,1.441
MNIST,GrassmannHRD,10,50,0,2568,0.177018,655.397738,12,1.442
MNIST,GrassmannHRD,10,50,0,2569,0.139942,655.537679,12,1.443
MNIST,GrassmannHRD,10,50,0,2570,0.165492,655.703172,12,1.443
MNIST,GrassmannHRD,10,50,0,2571,0.240246,655.943418,12,1.444
MNIST,GrassmannHRD,10,50,0,2572,0.104371,656.047789,12,1.444
MNIST,GrassmannHRD,10,50,0,2573,0.414800,656.462590,12,1.445
MNIST,GrassmannHRD,10,50,0,2574,0.180825,656.643415,12,1.445
MNIST,GrassmannHRD,10,50,0,2575,0.224860,656.868275,12,1.446
MNIST,GrassmannHRD,10,50,0,2576,0.272329,657.140605,12,1.446
MNIST,GrassmannHRD,10,50,0,2577,0.329064,657.469669,12,1.447
MNIST,GrassmannHRD,10,50,0,2578,0.280146,657.749815,12,1.447
MNIST,GrassmannHRD,10,50,0,2579,0.160025,657.909840,12,1.448
MNIST,GrassmannHRD,10,50,0,2580,0.356795,658.266635,12,1.448
MNIST,GrassmannHRD,10,50,0,2581,0.223880,658.490515,12,1.449
MNIST,GrassmannHRD,10,50,0,2582,0.187774,658.678289,12,1.449
MNIST,GrassmannHRD,10,50,0,2583,0.258559,658.936848,12,1.450
MNIST,GrassmannHRD,10,50,0,2584,0.262639,659.199487,12,1.450
MNIST,GrassmannHRD,10,50,0,2585,0.294162,659.493648,12,1.451
MNIST,GrassmannHRD,10,50,0,2586,0.261362,659.755010,12,1.451
MNIST,GrassmannHRD,10,50,0,2587,0.328121,660.083131,12,1.452
MNIST,GrassmannHRD,10,50,0,2588,0.147827,660.230958,12,1.452
MNIST,GrassmannHRD,10,50,0,2589,0.353965,660.584923,12,1.453
MNIST,GrassmannHRD,10,50,0,2590,0.198161,660.783083,12,1.453
MNIST,GrassmannHRD,10,50,0,2591,0.288670,661.071753,12,1.454
MNIST,GrassmannHRD,10,50,0,2592,0.373835,661.445588,12,1.454
MNIST,GrassmannHRD,10,50,0,2593,0.339540,661.785128,12,1.455
MNIST,GrassmannHRD,10,50,0,2594,0.174051,661.959179,12,1.455
MNIST,GrassmannHRD,10,50,0,2595,0.190479,662.149658,12,1.456
MNIST,GrassmannHRD,10,50,0,2596,0.293124,662.442782,12,1.456
MNIST,GrassmannHRD,10,50,0,2597,0.303465,662.746247,12,1.457
MNIST,GrassmannHRD,10,50,0,2598,0.127047,662.873294,12,1.457
MNIST,GrassmannHRD,10,50,0,2599,0.229734,663.103028,12,1.458
MNIST,GrassmannHRD,10,50,0,2600,0.300286,663.403314,12,1.459
MNIST,GrassmannHRD,10,50,0,2601,0.212020,663.615335,12,1.459
MNIST,GrassmannHRD,10,50,0,2602,0.285424,663.900759,12,1.460
MNIST,GrassmannHRD,10,50,0,2603,0.119842,664.020601,12,1.460
MNIST,GrassmannHRD,10,50,0,2604,0.123002,664.143604,12,1.461
MNIST,GrassmannHRD,10,50,0,2605,0.193425,664.337029,12,1.461
MNIST,GrassmannHRD,10,50,0,2606,0.244883,664.581912,12,1.462
MNIST,GrassmannHRD,10,50,0,2607,0.364876,664.946788,12,1.462
MNIST,GrassmannHRD,10,50,0,2608,0.228835,665.175623,12,1.463
MNIST,GrassmannHRD,10,50,0,2609,0.263992,665.439616,12,1.463
MNIST,GrassmannHRD,10,50,0,2610,0.279409,665.719025,12,1.464
MNIST,GrassmannHRD,10,50,0,2611,0.186003,665.905028,12,1.465
MNIST,GrassmannHRD,10,50,0,2612,0.384241,666.289269,12,1.465
MNIST,GrassmannHRD,10,50,0,2613,0.186964,666.476233,12,1.466
MNIST,GrassmannHRD,10,50,0,2614,0.184762,666.660995,12,1.466
MNIST,GrassmannHRD,10,50,0,2615,0.108756,666.769751,12,1.467
MNIST,GrassmannHRD,10,50,0,2616,0.400149,667.169900,12,1.467
MNIST,GrassmannHRD,10,50,0,2617,0.095969,667.265869,12,1.468
MNIST,GrassmannHRD,10,50,0,2618,0.290971,667.556840,12,1.468
MNIST,GrassmannHRD,10,50,0,2619,0.365807,667.922646,12,1.469
MNIST,GrassmannHRD,10,50,0,2620,0.353972,668.276619,12,1.469
MNIST,GrassmannHRD,10,50,0,2621,0.264180,668.540799,12,1.470
MNIST,GrassmannHRD,10,50,0,2622,0.199696,668.740494,12,1.470
MNIST,GrassmannHRD,10,50,0,2623,0.514648,669.255142,12,1.471
MNIST,GrassmannHRD,10,50,0,2624,0.427346,669.682488,12,1.471
MNIST,GrassmannHRD,10,50,0,2625,0.206266,669.888753,12,1.472
MNIST,GrassmannHRD,10,50,0,2626,0.197835,670.086588,12,1.472
MNIST,GrassmannHRD,10,50,0,2627,0.264128,670.350716,12,1.473
MNIST,GrassmannHRD,10,50,0,2628,0.156786,670.507502,12,1.473
MNIST,GrassmannHRD,10,50,0,2629,0.234774,670.742276,12,1.474
MNIST,GrassmannHRD,10,50,0,2630,0.194696,670.936972,12,1.474
MNIST,GrassmannHRD,10,50,0,2631,0.141076,671.078048,12,1.475
MNIST,GrassmannHRD,10,50,0,2632,0.173769,671.251817,12,1.475
MNIST,GrassmannHRD,10,50,0,2633,0.235801,671.487619,12,1.476
MNIST,GrassmannHRD,10,50,0,2634,0.200700,671.688319,12,1.476
MNIST,GrassmannHRD,10,50,0,2635,0.251604,671.939922,12,1.477
MNIST,GrassmannHRD,10,50,0,2636,0.377708,672.317630,12,1.477
MNIST,GrassmannHRD,10,50,0,2637,0.137416,672.455046,12,1.478
MNIST,GrassmannHRD,10,50,0,2638,0.260080,672.715126,12,1.478
MNIST,GrassmannHRD,10,50,0,2639,0.090318,672.805445,12,1.479
MNIST,GrassmannHRD,10,50,0,2640,0.456915,673.262359,12,1.479
MNIST,GrassmannHRD,10,50,0,2641,0.163625,673.425984,12,1.480
MNIST,GrassmannHRD,10,50,0,2642,0.187253,673.613237,12,1.481
MNIST,GrassmannHRD,10,50,0,2643,0.106068,673.719305,12,1.481
MNIST,GrassmannHRD,10,50,0,2644,0.129666,673.848971,12,1.482
MNIST,GrassmannHRD,10,50,0,2645,0.408779,674.257750,12,1.482
MNIST,GrassmannHRD,10,50,0,2646,0.432804,674.690554,12,1.483
MNIST,GrassmannHRD,10,50,0,2647,0.408918,675.099472,12,1.483
MNIST,GrassmannHRD,10,50,0,2648,0.314627,675.414099,12,1.484
MNIST,GrassmannHRD,10,50,0,2649,0.280675,675.694774,12,1.484
MNIST,GrassmannHRD,10,50,0,2650,0.223872,675.918646,12,1.485
MNIST,GrassmannHRD,10,50,0,2651,0.204487,676.123133,12,1.485
MNIST,GrassmannHRD,10,50,0,2652,0.177583,676.300716,12,1.486
MNIST,GrassmannHRD,10,50,0,2653,0.107044,676.407760,12,1.486
MNIST,GrassmannHRD,10,50,0,2654,0.187829,676.595589,12,1.487
MNIST,GrassmannHRD,10,50,0,2655,0.283447,676.879036,12,1.487
MNIST,GrassmannHRD,10,50,0,2656,0.326989,677.206025,12,1.488
MNIST,GrassmannHRD,10,50,0,2657,0.325514,677.531539,12,1.488
MNIST,GrassmannHRD,10,50,0,2658,0.282874,677.814413,12,1.489
MNIST,GrassmannHRD,10,50,0,2659,0.256132,678.070544,12,1.490
MNIST,GrassmannHRD,10,50,0,2660,0.183929,678.254474,12,1.490
MNIST,GrassmannHRD,10,50,0,2661,0.216446,678.470920,12,1.491
MNIST,GrassmannHRD,10,50,0,2662,0.410787,678.881707,12,1.491
MNIST,GrassmannHRD,10,50,0,2663,0.192351,679.074058,12,1.492
MNIST,GrassmannHRD,10,50,0,2664,0.233007,679.307065,12,1.492
MNIST,GrassmannHRD,10,50,0,2665,0.276701,679.583766,12,1.493
MNIST,GrassmannHRD,10,50,0,2666,0.063782,679.647548,12,1.493
MNIST,GrassmannHRD,10,50,0,2667,0.319220,679.966768,12,1.494
MNIST,GrassmannHRD,10,50,0,2668,0.288333,680.255101,12,1.494
MNIST,GrassmannHRD,10,50,0,2669,0.069703,680.324804,12,1.495
MNIST,GrassmannHRD,10,50,0,2670,0.334918,680.659722,12,1.495
MNIST,GrassmannHRD,10,50,0,2671,0.286062,680.945784,12,1.496
MNIST,GrassmannHRD,10,50,0,2672,0.269828,681.215612,12,1.496
MNIST,GrassmannHRD,10,50,0,2673,0.249476,681.465089,12,1.497
MNIST,GrassmannHRD,10,50,0,2674,0.202423,681.667512,12,1.497
MNIST,GrassmannHRD,10,50,0,2675,0.146660,681.814171,12,1.498
MNIST,GrassmannHRD,10,50,0,2676,0.210276,682.024447,12,1.498
MNIST,GrassmannHRD,10,50,0,2677,0.222767,682.247214,12,1.499
MNIST,GrassmannHRD,10,50,0,2678,0.261994,682.509208,12,1.499
MNIST,GrassmannHRD,10,50,0,2679,0.109843,682.619051,12,1.500
MNIST,GrassmannHRD,10,50,0,2680,0.200669,682.819720,12,1.500
MNIST,GrassmannHRD,10,50,0,2681,0.202229,683.021949,12,1.501
MNIST,GrassmannHRD,10,50,0,2682,0.275099,683.297048,12,1.501
MNIST,GrassmannHRD,10,50,0,2683,0.350441,683.647489,12,1.502
MNIST,GrassmannHRD,10,50,0,2684,0.411390,684.058880,12,1.502
MNIST,GrassmannHRD,10,50,0,2685,0.199756,684.258636,12,1.503
MNIST,GrassmannHRD,10,50,0,2686,0.183564,684.442200,12,1.503
MNIST,GrassmannHRD,10,50,0,2687,0.198987,684.641187,12,1.504
MNIST,GrassmannHRD,10,50,0,2688,0.093434,684.734621,12,1.505
MNIST,GrassmannHRD,10,50,0,2689,0.130826,684.865448,12,1.505
MNIST,GrassmannHRD,10,50,0,2690,0.380776,685.246224,12,1.506
MNIST,GrassmannHRD,10,50,0,2691,0.227042,685.473266,12,1.506
MNIST,GrassmannHRD,10,50,0,2692,0.291835,685.765101,12,1.507
MNIST,GrassmannHRD,10,50,0,2693,0.142024,685.907124,12,1.507
MNIST,GrassmannHRD,10,50,0,2694,0.158449,686.065573,12,1.508
MNIST,GrassmannHRD,10,50,0,2695,0.289777,686.355350,12,1.508
MNIST,GrassmannHRD,10,50,0,2696,0.178492,686.533841,12,1.509
MNIST,GrassmannHRD,10,50,0,2697,0.173757,686.707598,12,1.509
MNIST,GrassmannHRD,10,50,0,2698,0.193697,686.901296,12,1.510
MNIST,GrassmannHRD,10,50,0,2699,0.251412,687.152708,12,1.510
MNIST,GrassmannHRD,10,50,0,2700,0.268805,687.421513,12,1.511
MNIST,GrassmannHRD,10,50,0,2701,0.418815,687.840328,12,1.511
MNIST,GrassmannHRD,10,50,0,2702,0.261313,688.101641,12,1.512
MNIST,GrassmannHRD,10,50,0,2703,0.072925,688.174566,12,1.513
MNIST,GrassmannHRD,10,50,0,2704,0.174460,688.349026,12,1.513
MNIST,GrassmannHRD,10,50,0,2705,0.152898,688.501924,12,1.514
MNIST,GrassmannHRD,10,50,0,2706,0.097232,688.599157,12,1.514
MNIST,GrassmannHRD,10,50,0,2707,0.267453,688.866609,12,1.515
MNIST,GrassmannHRD,10,50,0,2708,0.121132,688.987741,12,1.515
MNIST,GrassmannHRD,10,50,0,2709,0.418249,689.405991,12,1.516
MNIST,GrassmannHRD,10,50,0,2710,0.260782,689.666773,12,1.516
MNIST,GrassmannHRD,10,50,0,2711,0.352719,690.019492,12,1.517
MNIST,GrassmannHRD,10,50,0,2712,0.244465,690.263957,12,1.517
MNIST,GrassmannHRD,10,50,0,2713,0.284789,690.548746,12,1.518
MNIST,GrassmannHRD,10,50,0,2714,0.117585,690.666331,12,1.518
MNIST,GrassmannHRD,10,50,0,2715,0.258194,690.924525,12,1.519
MNIST,GrassmannHRD,10,50,0,2716,0.273670,691.198195,12,1.519
MNIST,GrassmannHRD,10,50,0,2717,0.211671,691.409866,12,1.520
MNIST,GrassmannHRD,10,50,0,2718,0.363686,691.773551,12,1.520
MNIST,GrassmannHRD,10,50,0,2719,0.459638,692.233189,12,1.521
MNIST,GrassmannHRD,10,50,0,2720,0.116171,692.349360,12,1.521
MNIST,GrassmannHRD,10,50,0,2721,0.203701,692.553061,12,1.522
MNIST,GrassmannHRD,10,50,0,2722,0.314324,692.867385,12,1.522
MNIST,GrassmannHRD,10,50,0,2723,0.128148,692.995533,12,1.523
MNIST,GrassmannHRD,10,50,0,2724,0.318509,693.314042,12,1.523
MNIST,GrassmannHRD,10,50,0,2725,0.453516,693.767559,12,1.524
MNIST,GrassmannHRD,10,50,0,2726,0.293551,694.061110,12,1.525
MNIST,GrassmannHRD,10,50,0,2727,0.225517,694.286626,12,1.525
MNIST,GrassmannHRD,10,50,0,2728,0.242340,694.528967,12,1.526
MNIST,GrassmannHRD,10,50,0,2729,0.317169,694.846135,12,1.526
MNIST,GrassmannHRD,10,50,0,2730,0.060305,694.906441,12,1.527
MNIST,GrassmannHRD,10,50,0,2731,0.180256,695.086696,12,1.527
MNIST,GrassmannHRD,10,50,0,2732,0.139010,695.225706,12,1.528
MNIST,GrassmannHRD,10,50,0,2733,0.361595,695.587302,12,1.528
MNIST,GrassmannHRD,10,50,0,2734,0.271646,695.858948,12,1.529
MNIST,GrassmannHRD,10,50,0,2735,0.339363,696.198311,12,1.529
MNIST,GrassmannHRD,10,50,0,2736,0.464590,696.662901,12,1.530
MNIST,GrassmannHRD,10,50,0,2737,0.200569,696.863469,12,1.530
MNIST,GrassmannHRD,10,50,0,2738,0.252382,697.115851,12,1.531
MNIST,GrassmannHRD,10,50,0,2739,0.260541,697.376392,12,1.531
MNIST,GrassmannHRD,10,50,0,2740,0.279946,697.656338,12,1.532
MNIST,GrassmannHRD,10,50,0,2741,0.271364,697.927702,12,1.532
MNIST,GrassmannHRD,10,50,0,2742,0.265299,698.193001,12,1.533
MNIST,GrassmannHRD,10,50,0,2743,0.388214,698.581215,12,1.534
MNIST,GrassmannHRD,10,50,0,2744,0.328583,698.909799,12,1.535
MNIST,GrassmannHRD,10,50,0,2745,0.281429,699.191227,12,1.536
MNIST,GrassmannHRD,10,50,0,2746,0.253029,699.444256,12,1.536
MNIST,GrassmannHRD,10,50,0,2747,0.418815,699.863071,12,1.537
MNIST,GrassmannHRD,10,50,0,2748,0.287156,700.150227,12,1.538
MNIST,GrassmannHRD,10,50,0,2749,0.218504,700.368732,12,1.539
MNIST,GrassmannHRD,10,50,0,2750,0.329393,700.698124,12,1.539
MNIST,GrassmannHRD,10,50,0,2751,0.346257,701.044382,12,1.540
MNIST,GrassmannHRD,10,50,0,2752,0.228108,701.272490,12,1.541
MNIST,GrassmannHRD,10,50,0,2753,0.371103,701.643592,12,1.541
MNIST,GrassmannHRD,10,50,0,2754,0.147771,701.791364,12,1.542
MNIST,GrassmannHRD,10,50,0,2755,0.221389,702.012753,12,1.543
MNIST,GrassmannHRD,10,50,0,2756,0.221382,702.234135,12,1.543
MNIST,GrassmannHRD,10,50,0,2757,0.078842,702.312976,12,1.544
MNIST,GrassmannHRD,10,50,0,2758,0.250248,702.563224,12,1.544
MNIST,GrassmannHRD,10,50,0,2759,0.250729,702.813953,12,1.545
MNIST,GrassmannHRD,10,50,0,2760,0.198942,703.012896,12,1.545
MNIST,GrassmannHRD,10,50,0,2761,0.357783,703.370679,12,1.546
MNIST,GrassmannHRD,10,50,0,2762,0.535044,703.905723,12,1.546
MNIST,GrassmannHRD,10,50,0,2763,0.194213,704.099936,12,1.547
MNIST,GrassmannHRD,10,50,0,2764,0.193022,704.292959,12,1.547
MNIST,GrassmannHRD,10,50,0,2765,0.163076,704.456035,12,1.548
MNIST,GrassmannHRD,10,50,0,2766,0.190870,704.646904,12,1.549
MNIST,GrassmannHRD,10,50,0,2767,0.194898,704.841802,12,1.549
MNIST,GrassmannHRD,10,50,0,2768,0.130717,704.972519,12,1.550
MNIST,GrassmannHRD,10,50,0,2769,0.230678,705.203197,12,1.550
MNIST,GrassmannHRD,10,50,0,2770,0.474324,705.677521,12,1.551
MNIST,GrassmannHRD,10,50,0,2771,0.162624,705.840145,12,1.551
MNIST,GrassmannHRD,10,50,0,2772,0.317630,706.157775,12,1.552
MNIST,GrassmannHRD,10,50,0,2773,0.254374,706.412149,12,1.552
MNIST,GrassmannHRD,10,50,0,2774,0.230946,706.643095,12,1.553
MNIST,GrassmannHRD,10,50,0,2775,0.333054,706.976149,12,1.553
MNIST,GrassmannHRD,10,50,0,2776,0.219656,707.195805,12,1.554
MNIST,GrassmannHRD,10,50,0,2777,0.292774,707.488579,12,1.554
MNIST,GrassmannHRD,10,50,0,2778,0.341624,707.830203,12,1.555
MNIST,GrassmannHRD,10,50,0,2779,0.307933,708.138136,12,1.556
MNIST,GrassmannHRD,10,50,0,2780,0.239885,708.378020,12,1.556
MNIST,GrassmannHRD,10,50,0,2781,0.187557,708.565577,12,1.557
MNIST,GrassmannHRD,10,50,0,2782,0.194361,708.759938,12,1.557
MNIST,GrassmannHRD,10,50,0,2783,0.217561,708.977499,12,1.558
MNIST,GrassmannHRD,10,50,0,2784,0.225205,709.202705,12,1.558
MNIST,GrassmannHRD,10,50,0,2785,0.365858,709.568563,12,1.559
MNIST,GrassmannHRD,10,50,0,2786,0.214045,709.782608,12,1.559
MNIST,GrassmannHRD,10,50,0,2787,0.115297,709.897905,12,1.560
MNIST,GrassmannHRD,10,50,0,2788,0.486290,710.384195,12,1.560
MNIST,GrassmannHRD,10,50,0,2789,0.303437,710.687631,12,1.561
MNIST,GrassmannHRD,10,50,0,2790,0.134837,710.822469,12,1.561
MNIST,GrassmannHRD,10,50,0,2791,0.286626,711.109095,12,1.562
MNIST,GrassmannHRD,10,50,0,2792,0.491409,711.600504,12,1.562
MNIST,GrassmannHRD,10,50,0,2793,0.251177,711.851681,12,1.563
MNIST,GrassmannHRD,10,50,0,2794,0.261609,712.113290,12,1.563
MNIST,GrassmannHRD,10,50,0,2795,0.342411,712.455701,12,1.564
MNIST,GrassmannHRD,10,50,0,2796,0.130382,712.586083,12,1.565
MNIST,GrassmannHRD,10,50,0,2797,0.223602,712.809685,12,1.565
MNIST,GrassmannHRD,10,50,0,2798,0.164111,712.973795,12,1.566
MNIST,GrassmannHRD,10,50,0,2799,0.143177,713.116972,12,1.566
MNIST,GrassmannHRD,10,50,0,2800,0.218778,713.335751,12,1.567
MNIST,GrassmannHRD,10,50,0,2801,0.189863,713.525614,12,1.568
MNIST,GrassmannHRD,10,50,0,2802,0.357107,713.882721,12,1.568
MNIST,GrassmannHRD,10,50,0,2803,0.429223,714.311944,12,1.569
MNIST,GrassmannHRD,10,50,0,2804,0.199057,714.511001,12,1.569
MNIST,GrassmannHRD,10,50,0,2805,0.145518,714.656519,12,1.570
MNIST,GrassmannHRD,10,50,0,2806,0.392723,715.049242,12,1.570
MNIST,GrassmannHRD,10,50,0,2807,0.393244,715.442486,12,1.571
MNIST,GrassmannHRD,10,50,0,2808,0.165053,715.607539,12,1.571
MNIST,GrassmannHRD,10,50,0,2809,0.149362,715.756900,12,1.572
MNIST,GrassmannHRD,10,50,0,2810,0.172923,715.929823,12,1.572
MNIST,GrassmannHRD,10,50,0,2811,0.097148,716.026971,12,1.573
MNIST,GrassmannHRD,10,50,0,2812,0.112351,716.139322,12,1.573
MNIST,GrassmannHRD,10,50,0,2813,0.336361,716.475683,12,1.574
MNIST,GrassmannHRD,10,50,0,2814,0.276603,716.752286,12,1.574
MNIST,GrassmannHRD,10,50,0,2815,0.368196,717.120483,12,1.575
MNIST,GrassmannHRD,10,50,0,2816,0.249203,717.369686,12,1.575
MNIST,GrassmannHRD,10,50,0,2817,0.368140,717.737826,12,1.576
MNIST,GrassmannHRD,10,50,0,2818,0.271962,718.009788,12,1.576
MNIST,GrassmannHRD,10,50,0,2819,0.252072,718.261859,12,1.577
MNIST,GrassmannHRD,10,50,0,2820,0.322552,718.584411,12,1.577
MNIST,GrassmannHRD,10,50,0,2821,0.270338,718.854749,12,1.578
MNIST,GrassmannHRD,10,50,0,2822,0.190431,719.045180,12,1.578
MNIST,GrassmannHRD,10,50,0,2823,0.146577,719.191757,12,1.579
MNIST,GrassmannHRD,10,50,0,2824,0.136388,719.328144,12,1.579
MNIST,GrassmannHRD,10,50,0,2825,0.367786,719.695931,12,1.580
MNIST,GrassmannHRD,10,50,0,2826,0.264215,719.960146,12,1.581
MNIST,GrassmannHRD,10,50,0,2827,0.176604,720.136750,12,1.581
MNIST,GrassmannHRD,10,50,0,2828,0.216052,720.352802,12,1.582
MNIST,GrassmannHRD,10,50,0,2829,0.128478,720.481280,12,1.582
MNIST,GrassmannHRD,10,50,0,2830,0.354568,720.835848,12,1.583
MNIST,GrassmannHRD,10,50,0,2831,0.106353,720.942200,12,1.583
MNIST,GrassmannHRD,10,50,0,2832,0.076113,721.018313,12,1.584
MNIST,GrassmannHRD,10,50,0,2833,0.267651,721.285965,12,1.584
MNIST,GrassmannHRD,10,50,0,2834,0.142352,721.428317,12,1.585
MNIST,GrassmannHRD,10,50,0,2835,0.336176,721.764493,12,1.585
MNIST,GrassmannHRD,10,50,0,2836,0.299583,722.064076,12,1.586
MNIST,GrassmannHRD,10,50,0,2837,0.237739,722.301815,12,1.586
MNIST,GrassmannHRD,10,50,0,2838,0.455234,722.757048,12,1.587
MNIST,GrassmannHRD,10,50,0,2839,0.353150,723.110198,12,1.587
MNIST,GrassmannHRD,10,50,0,2840,0.301452,723.411650,12,1.588
MNIST,GrassmannHRD,10,50,0,2841,0.214360,723.626010,12,1.588
MNIST,GrassmannHRD,10,50,0,2842,0.296065,723.922075,12,1.589
MNIST,GrassmannHRD,10,50,0,2843,0.487904,724.409979,12,1.589
MNIST,GrassmannHRD,10,50,0,2844,0.387058,724.797037,12,1.590
MNIST,GrassmannHRD,10,50,0,2845,0.270496,725.067534,12,1.590
MNIST,GrassmannHRD,10,50,0,2846,0.175258,725.242791,12,1.591
MNIST,GrassmannHRD,10,50,0,2847,0.163981,725.406772,12,1.592
MNIST,GrassmannHRD,10,50,0,2848,0.149553,725.556325,12,1.592
MNIST,GrassmannHRD,10,50,0,2849,0.217282,725.773607,12,1.593
MNIST,GrassmannHRD,10,50,0,2850,0.084163,725.857769,12,1.593
MNIST,GrassmannHRD,10,50,0,2851,0.164744,726.022513,12,1.594
MNIST,GrassmannHRD,10,50,0,2852,0.434128,726.456642,12,1.594
MNIST,GrassmannHRD,10,50,0,2853,0.425774,726.882416,12,1.595
MNIST,GrassmannHRD,10,50,0,2854,0.299574,727.181989,12,1.595
MNIST,GrassmannHRD,10,50,0,2855,0.262646,727.444636,12,1.596
MNIST,GrassmannHRD,10,50,0,2856,0.148134,727.592769,12,1.597
MNIST,GrassmannHRD,10,50,0,2857,0.309391,727.902161,12,1.597
MNIST,GrassmannHRD,10,50,0,2858,0.252775,728.154936,12,1.598
MNIST,GrassmannHRD,10,50,0,2859,0.096277,728.251212,12,1.598
MNIST,GrassmannHRD,10,50,0,2860,0.234817,728.486030,12,1.599
MNIST,GrassmannHRD,10,50,0,2861,0.397535,728.883564,12,1.599
MNIST,GrassmannHRD,10,50,0,2862,0.277012,729.160576,12,1.600
MNIST,GrassmannHRD,10,50,0,2863,0.240099,729.400676,12,1.600
MNIST,GrassmannHRD,10,50,0,2864,0.083257,729.483933,12,1.601
MNIST,GrassmannHRD,10,50,0,2865,0.185540,729.669473,12,1.601
MNIST,GrassmannHRD,10,50,0,2866,0.181761,729.851233,12,1.602
MNIST,GrassmannHRD,10,50,0,2867,0.147238,729.998471,12,1.602
MNIST,GrassmannHRD,10,50,0,2868,0.289345,730.287816,12,1.603
MNIST,GrassmannHRD,10,50,0,2869,0.188723,730.476539,12,1.603
MNIST,GrassmannHRD,10,50,0,2870,0.299208,730.775747,12,1.604
MNIST,GrassmannHRD,10,50,0,2871,0.314648,731.090395,12,1.605
MNIST,GrassmannHRD,10,50,0,2872,0.201922,731.292317,12,1.605
MNIST,GrassmannHRD,10,50,0,2873,0.253000,731.545317,12,1.606
MNIST,GrassmannHRD,10,50,0,2874,0.486867,732.032184,12,1.606
MNIST,GrassmannHRD,10,50,0,2875,0.090887,732.123072,12,1.607
MNIST,GrassmannHRD,10,50,0,2876,0.328258,732.451329,12,1.607
MNIST,GrassmannHRD,10,50,0,2877,0.194911,732.646240,12,1.608
MNIST,GrassmannHRD,10,50,0,2878,0.046396,732.692637,12,1.608
MNIST,GrassmannHRD,10,50,0,2879,0.191215,732.883851,12,1.609
MNIST,GrassmannHRD,10,50,0,2880,0.316174,733.200025,12,1.609
MNIST,GrassmannHRD,10,50,0,2881,0.244266,733.444291,12,1.610
MNIST,GrassmannHRD,10,50,0,2882,0.273958,733.718248,12,1.610
MNIST,GrassmannHRD,10,50,0,2883,0.318878,734.037126,12,1.611
MNIST,GrassmannHRD,10,50,0,2884,0.087726,734.124852,12,1.611
MNIST,GrassmannHRD,10,50,0,2885,0.161349,734.286201,12,1.612
MNIST,GrassmannHRD,10,50,0,2886,0.414258,734.700459,12,1.613
MNIST,GrassmannHRD,10,50,0,2887,0.264207,734.964666,12,1.613
MNIST,GrassmannHRD,10,50,0,2888,0.215379,735.180046,12,1.614
MNIST,GrassmannHRD,10,50,0,2889,0.249233,735.429279,12,1.614
MNIST,GrassmannHRD,10,50,0,2890,0.167970,735.597249,12,1.615
MNIST,GrassmannHRD,10,50,0,2891,0.216227,735.813476,12,1.615
MNIST,GrassmannHRD,10,50,0,2892,0.205462,736.018938,12,1.616
MNIST,GrassmannHRD,10,50,0,2893,0.305399,736.324337,12,1.616
MNIST,GrassmannHRD,10,50,0,2894,0.253065,736.577403,12,1.617
MNIST,GrassmannHRD,10,50,0,2895,0.114751,736.692153,12,1.617
MNIST,GrassmannHRD,10,50,0,2896,0.269369,736.961523,12,1.618
MNIST,GrassmannHRD,10,50,0,2897,0.262504,737.224027,12,1.618
MNIST,GrassmannHRD,10,50,0,2898,0.437668,737.661695,12,1.619
MNIST,GrassmannHRD,10,50,0,2899,0.285226,737.946921,12,1.620
MNIST,GrassmannHRD,10,50,0,2900,0.340950,738.287871,12,1.620
MNIST,GrassmannHRD,10,50,0,2901,0.359909,738.647781,12,1.621
MNIST,GrassmannHRD,10,50,0,2902,0.284083,738.931864,12,1.621
MNIST,GrassmannHRD,10,50,0,2903,0.292554,739.224418,12,1.622
MNIST,GrassmannHRD,10,50,0,2904,0.277124,739.501542,12,1.622
MNIST,GrassmannHRD,10,50,0,2905,0.280996,739.782538,12,1.623
MNIST,GrassmannHRD,10,50,0,2906,0.237176,740.019714,12,1.623
MNIST,GrassmannHRD,10,50,0,2907,0.305384,740.325098,12,1.624
MNIST,GrassmannHRD,10,50,0,2908,0.257045,740.582143,12,1.625
MNIST,GrassmannHRD,10,50,0,2909,0.158151,740.740294,12,1.625
MNIST,GrassmannHRD,10,50,0,2910,0.336618,741.076911,12,1.626
MNIST,GrassmannHRD,10,50,0,2911,0.358878,741.435789,12,1.626
MNIST,GrassmannHRD,10,50,0,2912,0.336185,741.771974,12,1.627
MNIST,GrassmannHRD,10,50,0,2913,0.238748,742.010722,12,1.627
MNIST,GrassmannHRD,10,50,0,2914,0.334223,742.344944,12,1.628
MNIST,GrassmannHRD,10,50,0,2915,0.314117,742.659062,12,1.628
MNIST,GrassmannHRD,10,50,0,2916,0.351167,743.010229,12,1.629
MNIST,GrassmannHRD,10,50,0,2917,0.242954,743.253184,12,1.629
MNIST,GrassmannHRD,10,50,0,2918,0.480424,743.733608,12,1.630
MNIST,GrassmannHRD,10,50,0,2919,0.421807,744.155415,12,1.630
MNIST,GrassmannHRD,10,50,0,2920,0.352940,744.508355,12,1.631
MNIST,GrassmannHRD,10,50,0,2921,0.287501,744.795855,12,1.632
MNIST,GrassmannHRD,10,50,0,2922,0.250274,745.046130,12,1.632
MNIST,GrassmannHRD,10,50,0,2923,0.207607,745.253737,12,1.633
MNIST,GrassmannHRD,10,50,0,2924,0.209744,745.463481,12,1.633
MNIST,GrassmannHRD,10,50,0,2925,0.225178,745.688659,12,1.634
MNIST,GrassmannHRD,10,50,0,2926,0.287202,745.975860,12,1.634
MNIST,GrassmannHRD,10,50,0,2927,0.289923,746.265783,12,1.635
MNIST,GrassmannHRD,10,50,0,2928,0.137720,746.403503,12,1.635
MNIST,GrassmannHRD,10,50,0,2929,0.196449,746.599952,12,1.636
MNIST,GrassmannHRD,10,50,0,2930,0.200388,746.800340,12,1.636
MNIST,GrassmannHRD,10,50,0,2931,0.322444,747.122783,12,1.637
MNIST,GrassmannHRD,10,50,0,2932,0.212342,747.335126,12,1.637
MNIST,GrassmannHRD,10,50,0,2933,0.233995,747.569121,12,1.638
MNIST,GrassmannHRD,10,50,0,2934,0.213730,747.782851,12,1.639
MNIST,GrassmannHRD,10,50,0,2935,0.235102,748.017953,12,1.639
MNIST,GrassmannHRD,10,50,0,2936,0.228570,748.246523,12,1.640
MNIST,GrassmannHRD,10,50,0,2937,0.277307,748.523830,12,1.640
MNIST,GrassmannHRD,10,50,0,2938,0.431978,748.955808,12,1.641
MNIST,GrassmannHRD,10,50,0,2939,0.290627,749.246435,12,1.641
MNIST,GrassmannHRD,10,50,0,2940,0.331966,749.578401,12,1.642
MNIST,GrassmannHRD,10,50,0,2941,0.231201,749.809602,12,1.642
MNIST,GrassmannHRD,10,50,0,2942,0.334109,750.143711,12,1.643
MNIST,GrassmannHRD,10,50,0,2943,0.151059,750.294770,12,1.643
MNIST,GrassmannHRD,10,50,0,2944,0.081221,750.375992,12,1.644
MNIST,GrassmannHRD,10,50,0,2945,0.337603,750.713595,12,1.644
MNIST,GrassmannHRD,10,50,0,2946,0.259176,750.972771,12,1.645
MNIST,GrassmannHRD,10,50,0,2947,0.096311,751.069081,12,1.646
MNIST,GrassmannHRD,10,50,0,2948,0.219975,751.289057,12,1.646
MNIST,GrassmannHRD,10,50,0,2949,0.192031,751.481088,12,1.647
MNIST,GrassmannHRD,10,50,0,2950,0.303216,751.784304,12,1.647
MNIST,GrassmannHRD,10,50,0,2951,0.281171,752.065475,12,1.648
MNIST,GrassmannHRD,10,50,0,2952,0.250284,752.315759,12,1.648
MNIST,GrassmannHRD,10,50,0,2953,0.287351,752.603110,12,1.649
MNIST,GrassmannHRD,10,50,0,2954,0.191975,752.795085,12,1.649
MNIST,GrassmannHRD,10,50,0,2955,0.205765,753.000850,12,1.650
MNIST,GrassmannHRD,10,50,0,2956,0.132828,753.133678,12,1.651
MNIST,GrassmannHRD,10,50,0,2957,0.169229,753.302907,12,1.651
MNIST,GrassmannHRD,10,50,0,2958,0.319643,753.622551,12,1.652
MNIST,GrassmannHRD,10,50,0,2959,0.189120,753.811670,12,1.652
MNIST,GrassmannHRD,10,50,0,2960,0.121515,753.933185,12,1.653
MNIST,GrassmannHRD,10,50,0,2961,0.083654,754.016840,12,1.653
MNIST,GrassmannHRD,10,50,0,2962,0.365962,754.382801,12,1.654
MNIST,GrassmannHRD,10,50,0,2963,0.301185,754.683986,12,1.654
MNIST,GrassmannHRD,10,50,0,2964,0.367587,755.051573,12,1.655
MNIST,GrassmannHRD,10,50,0,2965,0.147993,755.199566,12,1.655
MNIST,GrassmannHRD,10,50,0,2966,0.274133,755.473699,12,1.656
MNIST,GrassmannHRD,10,50,0,2967,0.288612,755.762311,12,1.656
MNIST,GrassmannHRD,10,50,0,2968,0.305640,756.067951,12,1.657
MNIST,GrassmannHRD,10,50,0,2969,0.158412,756.226362,12,1.657
MNIST,GrassmannHRD,10,50,0,2970,0.238038,756.464400,12,1.658
MNIST,GrassmannHRD,10,50,0,2971,0.259767,756.724167,12,1.658
MNIST,GrassmannHRD,10,50,0,2972,0.147258,756.871425,12,1.659
MNIST,GrassmannHRD,10,50,0,2973,0.192365,757.063790,12,1.660
MNIST,GrassmannHRD,10,50,0,2974,0.378143,757.441933,12,1.660
MNIST,GrassmannHRD,10,50,0,2975,0.093603,757.535536,12,1.661
MNIST,GrassmannHRD,10,50,0,2976,0.279977,757.815513,12,1.661
MNIST,GrassmannHRD,10,50,0,2977,0.264472,758.079984,12,1.662
MNIST,GrassmannHRD,10,50,0,2978,0.376709,758.456694,12,1.662
MNIST,GrassmannHRD,10,50,0,2979,0.380267,758.836960,12,1.663
MNIST,GrassmannHRD,10,50,0,2980,0.418321,759.255282,12,1.663
MNIST,GrassmannHRD,10,50,0,2981,0.373391,759.628673,12,1.664
MNIST,GrassmannHRD,10,50,0,2982,0.397824,760.026497,12,1.664
MNIST,GrassmannHRD,10,50,0,2983,0.119617,760.146114,12,1.665
MNIST,GrassmannHRD,10,50,0,2984,0.184193,760.330307,12,1.665
MNIST,GrassmannHRD,10,50,0,2985,0.189343,760.519650,12,1.666
MNIST,GrassmannHRD,10,50,0,2986,0.214813,760.734462,12,1.666
MNIST,GrassmannHRD,10,50,0,2987,0.172682,760.907144,12,1.667
MNIST,GrassmannHRD,10,50,0,2988,0.244434,761.151579,12,1.667
MNIST,GrassmannHRD,10,50,0,2989,0.216675,761.368254,12,1.668
MNIST,GrassmannHRD,10,50,0,2990,0.290148,761.658402,12,1.668
MNIST,GrassmannHRD,10,50,0,2991,0.185282,761.843684,12,1.669
MNIST,GrassmannHRD,10,50,0,2992,0.272032,762.115715,12,1.670
MNIST,GrassmannHRD,10,50,0,2993,0.178502,762.294218,12,1.670
MNIST,GrassmannHRD,10,50,0,2994,0.275875,762.570093,12,1.671
MNIST,GrassmannHRD,10,50,0,2995,0.212966,762.783059,12,1.671
MNIST,GrassmannHRD,10,50,0,2996,0.264798,763.047857,12,1.672
MNIST,GrassmannHRD,10,50,0,2997,0.153582,763.201438,12,1.672
MNIST,GrassmannHRD,10,50,0,2998,0.351871,763.553310,12,1.673
MNIST,GrassmannHRD,10,50,0,2999,0.234549,763.787859,12,1.673
MNIST,GrassmannHRD,10,50,0,3000,0.407013,764.194871,12,1.674
MNIST,GrassmannHRD,10,50,0,3001,0.477316,764.672188,12,1.675
MNIST,GrassmannHRD,10,50,0,3002,0.252588,764.924776,12,1.676
MNIST,GrassmannHRD,10,50,0,3003,0.232178,765.156954,12,1.676
MNIST,GrassmannHRD,10,50,0,3004,0.367235,765.524188,12,1.677
MNIST,GrassmannHRD,10,50,0,3005,0.367238,765.891426,12,1.677
MNIST,GrassmannHRD,10,50,0,3006,0.267655,766.159081,12,1.678
MNIST,GrassmannHRD,10,50,0,3007,0.288287,766.447368,12,1.678
MNIST,GrassmannHRD,10,50,0,3008,0.555740,767.003108,12,1.679
MNIST,GrassmannHRD,10,50,0,3009,0.359885,767.362993,12,1.679
MNIST,GrassmannHRD,10,50,0,3010,0.310833,767.673826,12,1.680
MNIST,GrassmannHRD,10,50,0,3011,0.318353,767.992179,12,1.680
MNIST,GrassmannHRD,10,50,0,3012,0.321704,768.313883,12,1.681
MNIST,GrassmannHRD,10,50,0,3013,0.160663,768.474546,12,1.681
MNIST,GrassmannHRD,10,50,0,3014,0.238886,768.713432,12,1.682
MNIST,GrassmannHRD,10,50,0,3015,0.120928,768.834360,12,1.682
MNIST,GrassmannHRD,10,50,0,3016,0.387669,769.222029,12,1.683
MNIST,GrassmannHRD,10,50,0,3017,0.157862,769.379891,12,1.683
MNIST,GrassmannHRD,10,50,0,3018,0.321096,769.700988,12,1.684
MNIST,GrassmannHRD,10,50,0,3019,0.174236,769.875223,12,1.684
MNIST,GrassmannHRD,10,50,0,3020,0.313062,770.188285,12,1.685
MNIST,GrassmannHRD,10,50,0,3021,0.415122,770.603407,12,1.685
MNIST,GrassmannHRD,10,50,0,3022,0.280153,770.883560,12,1.686
MNIST,GrassmannHRD,10,50,0,3023,0.338696,771.222256,12,1.687
MNIST,GrassmannHRD,10,50,0,3024,0.336519,771.558776,12,1.687
MNIST,GrassmannHRD,10,50,0,3025,0.307932,771.866708,12,1.688
MNIST,GrassmannHRD,10,50,0,3026,0.214806,772.081513,12,1.689
MNIST,GrassmannHRD,10,50,0,3027,0.210842,772.292355,12,1.689
MNIST,GrassmannHRD,10,50,0,3028,0.411961,772.704316,12,1.690
MNIST,GrassmannHRD,10,50,0,3029,0.146803,772.851119,12,1.691
MNIST,GrassmannHRD,10,50,0,3030,0.334064,773.185183,12,1.692
MNIST,GrassmannHRD,10,50,0,3031,0.282414,773.467597,12,1.692
MNIST,GrassmannHRD,10,50,0,3032,0.210167,773.677765,12,1.693
MNIST,GrassmannHRD,10,50,0,3033,0.316594,773.994358,12,1.693
MNIST,GrassmannHRD,10,50,0,3034,0.304736,774.299094,12,1.694
MNIST,GrassmannHRD,10,50,0,3035,0.178869,774.477963,12,1.694
MNIST,GrassmannHRD,10,50,0,3036,0.248208,774.726171,12,1.695
MNIST,GrassmannHRD,10,50,0,3037,0.328182,775.054353,12,1.696
MNIST,GrassmannHRD,10,50,0,3038,0.231221,775.285574,12,1.696
MNIST,GrassmannHRD,10,50,0,3039,0.356163,775.641737,12,1.697
MNIST,GrassmannHRD,10,50,0,3040,0.243375,775.885112,12,1.697
MNIST,GrassmannHRD,10,50,0,3041,0.275588,776.160700,12,1.698
MNIST,GrassmannHRD,10,50,0,3042,0.187749,776.348449,12,1.698
MNIST,GrassmannHRD,10,50,0,3043,0.253451,776.601900,12,1.699
MNIST,GrassmannHRD,10,50,0,3044,0.146494,776.748394,12,1.699
MNIST,GrassmannHRD,10,50,0,3045,0.220889,776.969283,12,1.700
MNIST,GrassmannHRD,10,50,0,3046,0.409009,777.378292,12,1.700
MNIST,GrassmannHRD,10,50,0,3047,0.302115,777.680406,12,1.701
MNIST,GrassmannHRD,10,50,0,3048,0.254533,777.934939,12,1.701
MNIST,GrassmannHRD,10,50,0,3049,0.252483,778.187422,12,1.702
MNIST,GrassmannHRD,10,50,0,3050,0.299938,778.487360,12,1.702
MNIST,GrassmannHRD,10,50,0,3051,0.268371,778.755732,12,1.703
MNIST,GrassmannHRD,10,50,0,3052,0.184110,778.939842,12,1.704
MNIST,GrassmannHRD,10,50,0,3053,0.263150,779.202991,12,1.705
MNIST,GrassmannHRD,10,50,0,3054,0.232277,779.435269,12,1.705
MNIST,GrassmannHRD,10,50,0,3055,0.312004,779.747273,12,1.706
MNIST,GrassmannHRD,10,50,0,3056,0.234382,779.981655,12,1.706
MNIST,GrassmannHRD,10,50,0,3057,0.375987,780.357642,12,1.707
MNIST,GrassmannHRD,10,50,0,3058,0.104841,780.462483,12,1.707
MNIST,GrassmannHRD,10,50,0,3059,0.339250,780.801733,12,1.708
MNIST,GrassmannHRD,10,50,0,3060,0.188093,780.989826,12,1.709
MNIST,GrassmannHRD,10,50,0,3061,0.201700,781.191526,12,1.709
MNIST,GrassmannHRD,10,50,0,3062,0.260914,781.452440,12,1.710
MNIST,GrassmannHRD,10,50,0,3063,0.335119,781.787559,12,1.710
MNIST,GrassmannHRD,10,50,0,3064,0.370717,782.158276,12,1.711
MNIST,GrassmannHRD,10,50,0,3065,0.122896,782.281173,12,1.711
MNIST,GrassmannHRD,10,50,0,3066,0.273439,782.554612,12,1.712
MNIST,GrassmannHRD,10,50,0,3067,0.280681,782.835293,12,1.712
MNIST,GrassmannHRD,10,50,0,3068,0.294774,783.130067,12,1.713
MNIST,GrassmannHRD,10,50,0,3069,0.289915,783.419982,12,1.713
MNIST,GrassmannHRD,10,50,0,3070,0.336298,783.756280,12,1.714
MNIST,GrassmannHRD,10,50,0,3071,0.223601,783.979881,12,1.714
MNIST,GrassmannHRD,10,50,0,3072,0.321842,784.301723,12,1.715
MNIST,GrassmannHRD,10,50,0,3073,0.226434,784.528157,12,1.715
MNIST,GrassmannHRD,10,50,0,3074,0.188823,784.716980,12,1.716
MNIST,GrassmannHRD,10,50,0,3075,0.187019,784.903999,12,1.717
MNIST,GrassmannHRD,10,50,0,3076,0.164091,785.068089,12,1.717
MNIST,GrassmannHRD,10,50,0,3077,0.151537,785.219626,12,1.718
MNIST,GrassmannHRD,10,50,0,3078,0.406410,785.626036,12,1.719
MNIST,GrassmannHRD,10,50,0,3079,0.173685,785.799721,12,1.719
MNIST,GrassmannHRD,10,50,0,3080,0.362907,786.162627,12,1.720
MNIST,GrassmannHRD,10,50,0,3081,0.330345,786.492972,12,1.720
MNIST,GrassmannHRD,10,50,0,3082,0.081378,786.574350,12,1.721
MNIST,GrassmannHRD,10,50,0,3083,0.193856,786.768206,12,1.722
MNIST,GrassmannHRD,10,50,0,3084,0.226430,786.994636,12,1.722
MNIST,GrassmannHRD,10,50,0,3085,0.196953,787.191590,12,1.723
MNIST,GrassmannHRD,10,50,0,3086,0.342169,787.533758,12,1.724
MNIST,GrassmannHRD,10,50,0,3087,0.068667,787.602425,12,1.725
MNIST,GrassmannHRD,10,50,0,3088,0.098066,787.700492,12,1.725
MNIST,GrassmannHRD,10,50,0,3089,0.148581,787.849073,12,1.726
MNIST,GrassmannHRD,10,50,0,3090,0.174726,788.023799,12,1.726
MNIST,GrassmannHRD,10,50,0,3091,0.261827,788.285627,12,1.727
MNIST,GrassmannHRD,10,50,0,3092,0.106008,788.391634,12,1.728
MNIST,GrassmannHRD,10,50,0,3093,0.265103,788.656737,12,1.729
MNIST,GrassmannHRD,10,50,0,3094,0.153552,788.810289,12,1.729
MNIST,GrassmannHRD,10,50,0,3095,0.240449,789.050738,12,1.730
MNIST,GrassmannHRD,10,50,0,3096,0.318065,789.368803,12,1.730
MNIST,GrassmannHRD,10,50,0,3097,0.299470,789.668272,12,1.731
MNIST,GrassmannHRD,10,50,0,3098,0.212966,789.881239,12,1.732
MNIST,GrassmannHRD,10,50,0,3099,0.174018,790.055256,12,1.732
MNIST,GrassmannHRD,10,50,0,3100,0.250895,790.306151,12,1.733
MNIST,GrassmannHRD,10,50,0,3101,0.171300,790.477451,12,1.733
MNIST,GrassmannHRD,10,50,0,3102,0.346787,790.824238,12,1.734
MNIST,GrassmannHRD,10,50,0,3103,0.162558,790.986795,12,1.734
MNIST,GrassmannHRD,10,50,0,3104,0.218302,791.205097,12,1.735
MNIST,GrassmannHRD,10,50,0,3105,0.230157,791.435254,12,1.735
MNIST,GrassmannHRD,10,50,0,3106,0.134656,791.569910,12,1.736
MNIST,GrassmannHRD,10,50,0,3107,0.355831,791.925742,12,1.736
MNIST,GrassmannHRD,10,50,0,3108,0.316952,792.242694,12,1.737
MNIST,GrassmannHRD,10,50,0,3109,0.338495,792.581189,12,1.737
MNIST,GrassmannHRD,10,50,0,3110,0.221548,792.802737,12,1.738
MNIST,GrassmannHRD,10,50,0,3111,0.329035,793.131772,12,1.738
MNIST,GrassmannHRD,10,50,0,3112,0.207882,793.339655,12,1.739
MNIST,GrassmannHRD,10,50,0,3113,0.361265,793.700920,12,1.740
MNIST,GrassmannHRD,10,50,0,3114,0.328345,794.029264,12,1.740
MNIST,GrassmannHRD,10,50,0,3115,0.212288,794.241553,12,1.741
MNIST,GrassmannHRD,10,50,0,3116,0.252335,794.493888,12,1.741
MNIST,GrassmannHRD,10,50,0,3117,0.251740,794.745628,12,1.742
MNIST,GrassmannHRD,10,50,0,3118,0.233073,794.978701,12,1.742
MNIST,GrassmannHRD,10,50,0,3119,0.460252,795.438953,12,1.743
MNIST,GrassmannHRD,10,50,0,3120,0.177801,795.616754,12,1.743
MNIST,GrassmannHRD,10,50,0,3121,0.135788,795.752542,12,1.744
MNIST,GrassmannHRD,10,50,0,3122,0.367563,796.120105,12,1.744
MNIST,GrassmannHRD,10,50,0,3123,0.262619,796.382723,12,1.745
MNIST,GrassmannHRD,10,50,0,3124,0.299125,796.681848,12,1.745
MNIST,GrassmannHRD,10,50,0,3125,0.263611,796.945459,12,1.746
MNIST,GrassmannHRD,10,50,0,3126,0.258116,797.203576,12,1.746
MNIST,GrassmannHRD,10,50,0,3127,0.148224,797.351800,12,1.747
MNIST,GrassmannHRD,10,50,0,3128,0.131286,797.483086,12,1.747
MNIST,GrassmannHRD,10,50,0,3129,0.157649,797.640736,12,1.748
MNIST,GrassmannHRD,10,50,0,3130,0.244989,797.885725,12,1.749
MNIST,GrassmannHRD,10,50,0,3131,0.294413,798.180138,12,1.749
MNIST,GrassmannHRD,10,50,0,3132,0.392609,798.572746,12,1.750
MNIST,GrassmannHRD,10,50,0,3133,0.316587,798.889334,12,1.750
MNIST,GrassmannHRD,10,50,0,3134,0.131913,799.021247,12,1.751
MNIST,GrassmannHRD,10,50,0,3135,0.235395,799.256642,12,1.751
MNIST,GrassmannHRD,10,50,0,3136,0.320162,799.576804,12,1.752
MNIST,GrassmannHRD,10,50,0,3137,0.319485,799.896289,12,1.752
MNIST,GrassmannHRD,10,50,0,3138,0.190205,800.086494,12,1.753
MNIST,GrassmannHRD,10,50,0,3139,0.340235,800.426729,12,1.753
MNIST,GrassmannHRD,10,50,0,3140,0.306794,800.733523,12,1.754
MNIST,GrassmannHRD,10,50,0,3141,0.153967,800.887490,12,1.754
MNIST,GrassmannHRD,10,50,0,3142,0.346478,801.233967,12,1.755
MNIST,GrassmannHRD,10,50,0,3143,0.177353,801.411321,12,1.755
MNIST,GrassmannHRD,10,50,0,3144,0.160667,801.571988,12,1.756
MNIST,GrassmannHRD,10,50,0,3145,0.193578,801.765566,12,1.757
MNIST,GrassmannHRD,10,50,0,3146,0.322553,802.088119,12,1.757
MNIST,GrassmannHRD,10,50,0,3147,0.198224,802.286343,12,1.758
MNIST,GrassmannHRD,10,50,0,3148,0.330227,802.616570,12,1.758
MNIST,GrassmannHRD,10,50,0,3149,0.067705,802.684274,12,1.759
MNIST,GrassmannHRD,10,50,0,3150,0.148644,802.832918,12,1.759
MNIST,GrassmannHRD,10,50,0,3151,0.336687,803.169605,12,1.760
MNIST,GrassmannHRD,10,50,0,3152,0.243200,803.412805,12,1.760
MNIST,GrassmannHRD,10,50,0,3153,0.180122,803.592927,12,1.761
MNIST,GrassmannHRD,10,50,0,3154,0.391497,803.984424,12,1.762
MNIST,GrassmannHRD,10,50,0,3155,0.206853,804.191277,12,1.762
MNIST,GrassmannHRD,10,50,0,3156,0.206427,804.397703,12,1.763
MNIST,GrassmannHRD,10,50,0,3157,0.205372,804.603075,12,1.763
MNIST,GrassmannHRD,10,50,0,3158,0.238762,804.841837,12,1.764
MNIST,GrassmannHRD,10,50,0,3159,0.339444,805.181282,12,1.764
MNIST,GrassmannHRD,10,50,0,3160,0.207704,805.388986,12,1.765
MNIST,GrassmannHRD,10,50,0,3161,0.271367,805.660353,12,1.765
MNIST,GrassmannHRD,10,50,0,3162,0.331326,805.991679,12,1.766
MNIST,GrassmannHRD,10,50,0,3163,0.282007,806.273686,12,1.766
MNIST,GrassmannHRD,10,50,0,3164,0.223012,806.496698,12,1.767
MNIST,GrassmannHRD,10,50,0,3165,0.210100,806.706798,12,1.767
MNIST,GrassmannHRD,10,50,0,3166,0.305533,807.012331,12,1.768
MNIST,GrassmannHRD,10,50,0,3167,0.256969,807.269300,12,1.768
MNIST,GrassmannHRD,10,50,0,3168,0.136044,807.405344,12,1.769
MNIST,GrassmannHRD,10,50,0,3169,0.262683,807.668028,12,1.769
MNIST,GrassmannHRD,10,50,0,3170,0.331515,807.999543,12,1.770
MNIST,GrassmannHRD,10,50,0,3171,0.294604,808.294147,12,1.771
MNIST,GrassmannHRD,10,50,0,3172,0.108593,808.402740,12,1.771
MNIST,GrassmannHRD,10,50,0,3173,0.143463,808.546203,12,1.772
MNIST,GrassmannHRD,10,50,0,3174,0.264707,808.810909,12,1.772
MNIST,GrassmannHRD,10,50,0,3175,0.164267,808.975177,12,1.773
MNIST,GrassmannHRD,10,50,0,3176,0.222335,809.197511,12,1.773
MNIST,GrassmannHRD,10,50,0,3177,0.318406,809.515918,12,1.774
MNIST,GrassmannHRD,10,50,0,3178,0.231035,809.746953,12,1.774
MNIST,GrassmannHRD,10,50,0,3179,0.435455,810.182408,12,1.775
MNIST,GrassmannHRD,10,50,0,3180,0.341544,810.523951,12,1.775
MNIST,GrassmannHRD,10,50,0,3181,0.450267,810.974218,12,1.776
MNIST,GrassmannHRD,10,50,0,3182,0.367268,811.341486,12,1.776
MNIST,GrassmannHRD,10,50,0,3183,0.289056,811.630543,12,1.777
MNIST,GrassmannHRD,10,50,0,3184,0.123055,811.753598,12,1.777
MNIST,GrassmannHRD,10,50,0,3185,0.117699,811.871297,12,1.778
MNIST,GrassmannHRD,10,50,0,3186,0.231491,812.102788,12,1.778
MNIST,GrassmannHRD,10,50,0,3187,0.277160,812.379947,12,1.779
MNIST,GrassmannHRD,10,50,0,3188,0.249596,812.629543,12,1.779
MNIST,GrassmannHRD,10,50,0,3189,0.179449,812.808992,12,1.780
MNIST,GrassmannHRD,10,50,0,3190,0.318746,813.127739,12,1.780
MNIST,GrassmannHRD,10,50,0,3191,0.315702,813.443440,12,1.781
MNIST,GrassmannHRD,10,50,0,3192,0.257848,813.701288,12,1.781
MNIST,GrassmannHRD,10,50,0,3193,0.270049,813.971337,12,1.782
MNIST,GrassmannHRD,10,50,0,3194,0.139701,814.111038,12,1.782
MNIST,GrassmannHRD,10,50,0,3195,0.262589,814.373627,12,1.783
MNIST,GrassmannHRD,10,50,0,3196,0.253130,814.626756,12,1.784
MNIST,GrassmannHRD,10,50,0,3197,0.152467,814.779223,12,1.784
MNIST,GrassmannHRD,10,50,0,3198,0.213874,814.993097,12,1.785
MNIST,GrassmannHRD,10,50,0,3199,0.405713,815.398811,12,1.785
MNIST,GrassmannHRD,10,50,0,3200,0.222986,815.621796,12,1.786
MNIST,GrassmannHRD,10,50,0,3201,0.292545,815.914341,12,1.786
MNIST,GrassmannHRD,10,50,0,3202,0.325769,816.240110,12,1.787
MNIST,GrassmannHRD,10,50,0,3203,0.270951,816.511062,12,1.787
MNIST,GrassmannHRD,10,50,0,3204,0.228757,816.739818,12,1.788
MNIST,GrassmannHRD,10,50,0,3205,0.287157,817.026976,12,1.788
MNIST,GrassmannHRD,10,50,0,3206,0.150776,817.177752,12,1.789
MNIST,GrassmannHRD,10,50,0,3207,0.306054,817.483806,12,1.789
MNIST,GrassmannHRD,10,50,0,3208,0.293356,817.777162,12,1.790
MNIST,GrassmannHRD,10,50,0,3209,0.358583,818.135745,12,1.790
MNIST,GrassmannHRD,10,50,0,3210,0.380788,818.516533,12,1.791
MNIST,GrassmannHRD,10,50,0,3211,0.273792,818.790325,12,1.791
MNIST,GrassmannHRD,10,50,0,3212,0.325585,819.115910,12,1.792
MNIST,GrassmannHRD,10,50,0,3213,0.295663,819.411573,12,1.793
MNIST,GrassmannHRD,10,50,0,3214,0.311588,819.723161,12,1.793
MNIST,GrassmannHRD,10,50,0,3215,0.260730,819.983891,12,1.794
MNIST,GrassmannHRD,10,50,0,3216,0.282538,820.266429,12,1.794
MNIST,GrassmannHRD,10,50,0,3217,0.141666,820.408095,12,1.795
MNIST,GrassmannHRD,10,50,0,3218,0.324969,820.733064,12,1.795
MNIST,GrassmannHRD,10,50,0,3219,0.209163,820.942226,12,1.796
MNIST,GrassmannHRD,10,50,0,3220,0.195171,821.137397,12,1.796
MNIST,GrassmannHRD,10,50,0,3221,0.226001,821.363399,12,1.797
MNIST,GrassmannHRD,10,50,0,3222,0.170345,821.533744,12,1.797
MNIST,GrassmannHRD,10,50,0,3223,0.287060,821.820804,12,1.798
MNIST,GrassmannHRD,10,50,0,3224,0.265884,822.086687,12,1.798
MNIST,GrassmannHRD,10,50,0,3225,0.159283,822.245970,12,1.799
MNIST,GrassmannHRD,10,50,0,3226,0.349881,822.595851,12,1.799
MNIST,GrassmannHRD,10,50,0,3227,0.277622,822.873473,12,1.800
MNIST,GrassmannHRD,10,50,0,3228,0.224193,823.097666,12,1.800
MNIST,GrassmannHRD,10,50,0,3229,0.328269,823.425935,12,1.801
MNIST,GrassmannHRD,10,50,0,3230,0.198349,823.624284,12,1.801
MNIST,GrassmannHRD,10,50,0,3231,0.285757,823.910041,12,1.802
MNIST,GrassmannHRD,10,50,0,3232,0.337246,824.247287,12,1.802
MNIST,GrassmannHRD,10,50,0,3233,0.303547,824.550834,12,1.803
MNIST,GrassmannHRD,10,50,0,3234,0.215719,824.766554,12,1.803
MNIST,GrassmannHRD,10,50,0,3235,0.163776,824.930329,12,1.804
MNIST,GrassmannHRD,10,50,0,3236,0.234363,825.164693,12,1.804
MNIST,GrassmannHRD,10,50,0,3237,0.334406,825.499098,12,1.805
MNIST,GrassmannHRD,10,50,0,3238,0.160332,825.659431,12,1.805
MNIST,GrassmannHRD,10,50,0,3239,0.222935,825.882366,12,1.806
MNIST,GrassmannHRD,10,50,0,3240,0.241480,826.123846,12,1.806
MNIST,GrassmannHRD,10,50,0,3241,0.321514,826.445360,12,1.807
MNIST,GrassmannHRD,10,50,0,3242,0.135991,826.581351,12,1.808
MNIST,GrassmannHRD,10,50,0,3243,0.189851,826.771201,12,1.808
MNIST,GrassmannHRD,10,50,0,3244,0.245116,827.016317,12,1.809
MNIST,GrassmannHRD,10,50,0,3245,0.269472,827.285790,12,1.809
MNIST,GrassmannHRD,10,50,0,3246,0.322176,827.607966,12,1.810
MNIST,GrassmannHRD,10,50,0,3247,0.227331,827.835297,12,1.810
MNIST,GrassmannHRD,10,50,0,3248,0.404330,828.239626,12,1.811
MNIST,GrassmannHRD,10,50,0,3249,0.330168,828.569795,12,1.811
MNIST,GrassmannHRD,10,50,0,3250,0.208112,828.777907,12,1.812
MNIST,GrassmannHRD,10,50,0,3251,0.229506,829.007412,12,1.812
MNIST,GrassmannHRD,10,50,0,3252,0.279554,829.286966,12,1.813
MNIST,GrassmannHRD,10,50,0,3253,0.305662,829.592628,12,1.813
MNIST,GrassmannHRD,10,50,0,3254,0.099080,829.691708,12,1.814
MNIST,GrassmannHRD,10,50,0,3255,0.265083,829.956792,12,1.814
MNIST,GrassmannHRD,10,50,0,3256,0.184671,830.141463,12,1.815
MNIST,GrassmannHRD,10,50,0,3257,0.313249,830.454712,12,1.815
MNIST,GrassmannHRD,10,50,0,3258,0.345724,830.800436,12,1.816
MNIST,GrassmannHRD,10,50,0,3259,0.229571,831.030007,12,1.817
MNIST,GrassmannHRD,10,50,0,3260,0.221033,831.251040,12,1.817
MNIST,GrassmannHRD,10,50,0,3261,0.172850,831.423890,12,1.818
MNIST,GrassmannHRD,10,50,0,3262,0.201482,831.625372,12,1.818
MNIST,GrassmannHRD,10,50,0,3263,0.276633,831.902005,12,1.819
MNIST,GrassmannHRD,10,50,0,3264,0.481533,832.383538,12,1.819
MNIST,GrassmannHRD,10,50,0,3265,0.202990,832.586528,12,1.820
MNIST,GrassmannHRD,10,50,0,3266,0.172457,832.758985,12,1.820
MNIST,GrassmannHRD,10,50,0,3267,0.226266,832.985251,12,1.821
MNIST,GrassmannHRD,10,50,0,3268,0.442758,833.428009,12,1.821
MNIST,GrassmannHRD,10,50,0,3269,0.289056,833.717065,12,1.822
MNIST,GrassmannHRD,10,50,0,3270,0.172867,833.889932,12,1.822
MNIST,GrassmannHRD,10,50,0,3271,0.310584,834.200516,12,1.823
MNIST,GrassmannHRD,10,50,0,3272,0.350572,834.551088,12,1.823
MNIST,GrassmannHRD,10,50,0,3273,0.093265,834.644353,12,1.824
MNIST,GrassmannHRD,10,50,0,3274,0.225569,834.869922,12,1.824
MNIST,GrassmannHRD,10,50,0,3275,0.246776,835.116698,12,1.825
MNIST,GrassmannHRD,10,50,0,3276,0.409103,835.525801,12,1.825
MNIST,GrassmannHRD,10,50,0,3277,0.254032,835.779832,12,1.826
MNIST,GrassmannHRD,10,50,0,3278,0.363843,836.143676,12,1.826
MNIST,GrassmannHRD,10,50,0,3279,0.335080,836.478756,12,1.827
MNIST,GrassmannHRD,10,50,0,3280,0.226975,836.705731,12,1.827
MNIST,GrassmannHRD,10,50,0,3281,0.270434,836.976165,12,1.828
MNIST,GrassmannHRD,10,50,0,3282,0.270649,837.246814,12,1.828
MNIST,GrassmannHRD,10,50,0,3283,0.120157,837.366970,12,1.829
MNIST,GrassmannHRD,10,50,0,3284,0.237669,837.604639,12,1.830
MNIST,GrassmannHRD,10,50,0,3285,0.274507,837.879146,12,1.830
MNIST,GrassmannHRD,10,50,0,3286,0.217714,838.096860,12,1.831
MNIST,GrassmannHRD,10,50,0,3287,0.230525,838.327385,12,1.831
MNIST,GrassmannHRD,10,50,0,3288,0.173871,838.501256,12,1.832
MNIST,GrassmannHRD,10,50,0,3289,0.195996,838.697252,12,1.832
MNIST,GrassmannHRD,10,50,0,3290,0.282027,838.979279,12,1.833
MNIST,GrassmannHRD,10,50,0,3291,0.313182,839.292461,12,1.833
MNIST,GrassmannHRD,10,50,0,3292,0.317454,839.609915,12,1.834
MNIST,GrassmannHRD,10,50,0,3293,0.304696,839.914611,12,1.834
MNIST,GrassmannHRD,10,50,0,3294,0.316723,840.231334,12,1.835
MNIST,GrassmannHRD,10,50,0,3295,0.159102,840.390436,12,1.835
MNIST,GrassmannHRD,10,50,0,3296,0.295499,840.685935,12,1.836
MNIST,GrassmannHRD,10,50,0,3297,0.307107,840.993043,12,1.836
MNIST,GrassmannHRD,10,50,0,3298,0.392590,841.385633,12,1.837
MNIST,GrassmannHRD,10,50,0,3299,0.185880,841.571513,12,1.837
MNIST,GrassmannHRD,10,50,0,3300,0.246607,841.818121,12,1.838
MNIST,GrassmannHRD,10,50,0,3301,0.222541,842.040661,12,1.839
MNIST,GrassmannHRD,10,50,0,3302,0.123641,842.164303,12,1.839
MNIST,GrassmannHRD,10,50,0,3303,0.234084,842.398387,12,1.840
MNIST,GrassmannHRD,10,50,0,3304,0.303135,842.701522,12,1.840
MNIST,GrassmannHRD,10,50,0,3305,0.521700,843.223222,12,1.841
MNIST,GrassmannHRD,10,50,0,3306,0.158982,843.382204,12,1.841
MNIST,GrassmannHRD,10,50,0,3307,0.306997,843.689201,12,1.842
MNIST,GrassmannHRD,10,50,0,3308,0.213055,843.902256,12,1.842
MNIST,GrassmannHRD,10,50,0,3309,0.271772,844.174028,12,1.843
MNIST,GrassmannHRD,10,50,0,3310,0.331363,844.505392,12,1.843
MNIST,GrassmannHRD,10,50,0,3311,0.286362,844.791754,12,1.844
MNIST,GrassmannHRD,10,50,0,3312,0.432448,845.224201,12,1.844
MNIST,GrassmannHRD,10,50,0,3313,0.423521,845.647723,12,1.845
MNIST,GrassmannHRD,10,50,0,3314,0.123039,845.770761,12,1.845
MNIST,GrassmannHRD,10,50,0,3315,0.254137,846.024899,12,1.846
MNIST,GrassmannHRD,10,50,0,3316,0.287797,846.312695,12,1.846
MNIST,GrassmannHRD,10,50,0,3317,0.119794,846.432490,12,1.847
MNIST,GrassmannHRD,10,50,0,3318,0.241059,846.673548,12,1.847
MNIST,GrassmannHRD,10,50,0,3319,0.239148,846.912697,12,1.848
MNIST,GrassmannHRD,10,50,0,3320,0.242152,847.154848,12,1.848
MNIST,GrassmannHRD,10,50,0,3321,0.140612,847.295460,12,1.849
MNIST,GrassmannHRD,10,50,0,3322,0.260396,847.555856,12,1.849
MNIST,GrassmannHRD,10,50,0,3323,0.236681,847.792538,12,1.850
MNIST,GrassmannHRD,10,50,0,3324,0.410048,848.202586,12,1.851
MNIST,GrassmannHRD,10,50,0,3325,0.217595,848.420181,12,1.851
MNIST,GrassmannHRD,10,50,0,3326,0.328518,848.748699,12,1.852
MNIST,GrassmannHRD,10,50,0,3327,0.163026,848.911725,12,1.852
MNIST,GrassmannHRD,10,50,0,3328,0.289356,849.201080,12,1.853
MNIST,GrassmannHRD,10,50,0,3329,0.306271,849.507351,12,1.853
MNIST,GrassmannHRD,10,50,0,3330,0.114657,849.622009,12,1.854
MNIST,GrassmannHRD,10,50,0,3331,0.256572,849.878581,12,1.854
MNIST,GrassmannHRD,10,50,0,3332,0.083989,849.962570,12,1.855
MNIST,GrassmannHRD,10,50,0,3333,0.170438,850.133008,12,1.855
MNIST,GrassmannHRD,10,50,0,3334,0.301638,850.434646,12,1.856
MNIST,GrassmannHRD,10,50,0,3335,0.112186,850.546832,12,1.856
MNIST,GrassmannHRD,10,50,0,3336,0.271932,850.818764,12,1.857
MNIST,GrassmannHRD,10,50,0,3337,0.217608,851.036372,12,1.857
MNIST,GrassmannHRD,10,50,0,3338,0.107412,851.143784,12,1.858
MNIST,GrassmannHRD,10,50,0,3339,0.256756,851.400540,12,1.858
MNIST,GrassmannHRD,10,50,0,3340,0.377583,851.778123,12,1.859
MNIST,GrassmannHRD,10,50,0,3341,0.153453,851.931576,12,1.860
MNIST,GrassmannHRD,10,50,0,3342,0.275649,852.207225,12,1.860
MNIST,GrassmannHRD,10,50,0,3343,0.290756,852.497981,12,1.861
MNIST,GrassmannHRD,10,50,0,3344,0.296392,852.794373,12,1.861
MNIST,GrassmannHRD,10,50,0,3345,0.284230,853.078603,12,1.862
MNIST,GrassmannHRD,10,50,0,3346,0.220841,853.299443,12,1.862
MNIST,GrassmannHRD,10,50,0,3347,0.198854,853.498298,12,1.863
MNIST,GrassmannHRD,10,50,0,3348,0.083137,853.581434,12,1.863
MNIST,GrassmannHRD,10,50,0,3349,0.165510,853.746945,12,1.864
MNIST,GrassmannHRD,10,50,0,3350,0.287299,854.034244,12,1.865
MNIST,GrassmannHRD,10,50,0,3351,0.205639,854.239883,12,1.865
MNIST,GrassmannHRD,10,50,0,3352,0.300164,854.540046,12,1.866
MNIST,GrassmannHRD,10,50,0,3353,0.222252,854.762299,12,1.866
MNIST,GrassmannHRD,10,50,0,3354,0.308531,855.070830,12,1.867
MNIST,GrassmannHRD,10,50,0,3355,0.138093,855.208923,12,1.867
MNIST,GrassmannHRD,10,50,0,3356,0.365145,855.574068,12,1.868
MNIST,GrassmannHRD,10,50,0,3357,0.268483,855.842551,12,1.868
MNIST,GrassmannHRD,10,50,0,3358,0.330834,856.173385,12,1.869
MNIST,GrassmannHRD,10,50,0,3359,0.231187,856.404572,12,1.869
MNIST,GrassmannHRD,10,50,0,3360,0.264903,856.669475,12,1.870
MNIST,GrassmannHRD,10,50,0,3361,0.186200,856.855676,12,1.870
MNIST,GrassmannHRD,10,50,0,3362,0.251150,857.106826,12,1.871
MNIST,GrassmannHRD,10,50,0,3363,0.297889,857.404715,12,1.871
MNIST,GrassmannHRD,10,50,0,3364,0.197468,857.602182,12,1.872
MNIST,GrassmannHRD,10,50,0,3365,0.252925,857.855108,12,1.872
MNIST,GrassmannHRD,10,50,0,3366,0.399129,858.254237,12,1.873
MNIST,GrassmannHRD,10,50,0,3367,0.339722,858.593959,12,1.873
MNIST,GrassmannHRD,10,50,0,3368,0.114527,858.708486,12,1.874
MNIST,GrassmannHRD,10,50,0,3369,0.152816,858.861302,12,1.874
MNIST,GrassmannHRD,10,50,0,3370,0.279532,859.140834,12,1.875
MNIST,GrassmannHRD,10,50,0,3371,0.202524,859.343358,12,1.875
MNIST,GrassmannHRD,10,50,0,3372,0.177090,859.520448,12,1.876
MNIST,GrassmannHRD,10,50,0,3373,0.174282,859.694730,12,1.877
MNIST,GrassmannHRD,10,50,0,3374,0.360223,860.054953,12,1.877
MNIST,GrassmannHRD,10,50,0,3375,0.251623,860.306575,12,1.878
MNIST,GrassmannHRD,10,50,0,3376,0.436965,860.743540,12,1.878
MNIST,GrassmannHRD,10,50,0,3377,0.214958,860.958498,12,1.879
MNIST,GrassmannHRD,10,50,0,3378,0.416147,861.374646,12,1.880
MNIST,GrassmannHRD,10,50,0,3379,0.304041,861.678686,12,1.880
MNIST,GrassmannHRD,10,50,0,3380,0.149790,861.828476,12,1.881
MNIST,GrassmannHRD,10,50,0,3381,0.113221,861.941697,12,1.881
MNIST,GrassmannHRD,10,50,0,3382,0.347412,862.289109,12,1.882
MNIST,GrassmannHRD,10,50,0,3383,0.292181,862.581290,12,1.882
MNIST,GrassmannHRD,10,50,0,3384,0.336285,862.917574,12,1.883
MNIST,GrassmannHRD,10,50,0,3385,0.228699,863.146274,12,1.883
MNIST,GrassmannHRD,10,50,0,3386,0.341076,863.487350,12,1.884
MNIST,GrassmannHRD,10,50,0,3387,0.274822,863.762172,12,1.885
MNIST,GrassmannHRD,10,50,0,3388,0.291411,864.053582,12,1.885
MNIST,GrassmannHRD,10,50,0,3389,0.214906,864.268489,12,1.886
MNIST,GrassmannHRD,10,50,0,3390,0.234181,864.502670,12,1.886
MNIST,GrassmannHRD,10,50,0,3391,0.166504,864.669174,12,1.887
MNIST,GrassmannHRD,10,50,0,3392,0.320209,864.989383,12,1.887
MNIST,GrassmannHRD,10,50,0,3393,0.242043,865.231426,12,1.888
MNIST,GrassmannHRD,10,50,0,3394,0.126905,865.358331,12,1.889
MNIST,GrassmannHRD,10,50,0,3395,0.416219,865.774550,12,1.889
MNIST,GrassmannHRD,10,50,0,3396,0.224324,865.998874,12,1.890
MNIST,GrassmannHRD,10,50,0,3397,0.275836,866.274710,12,1.890
MNIST,GrassmannHRD,10,50,0,3398,0.288423,866.563133,12,1.891
MNIST,GrassmannHRD,10,50,0,3399,0.150015,866.713148,12,1.892
MNIST,GrassmannHRD,10,50,0,3400,0.321128,867.034276,12,1.892
MNIST,GrassmannHRD,10,50,0,3401,0.349906,867.384182,12,1.893
MNIST,GrassmannHRD,10,50,0,3402,0.255912,867.640094,12,1.893
MNIST,GrassmannHRD,10,50,0,3403,0.335639,867.975733,12,1.894
MNIST,GrassmannHRD,10,50,0,3404,0.307100,868.282832,12,1.894
MNIST,GrassmannHRD,10,50,0,3405,0.254856,868.537688,12,1.895
MNIST,GrassmannHRD,10,50,0,3406,0.248989,868.786678,12,1.896
MNIST,GrassmannHRD,10,50,0,3407,0.160800,868.947478,12,1.897
MNIST,GrassmannHRD,10,50,0,3408,0.139306,869.086784,12,1.897
MNIST,GrassmannHRD,10,50,0,3409,0.347248,869.434032,12,1.898
MNIST,GrassmannHRD,10,50,0,3410,0.103564,869.537596,12,1.898
MNIST,GrassmannHRD,10,50,0,3411,0.287445,869.825041,12,1.899
MNIST,GrassmannHRD,10,50,0,3412,0.240802,870.065842,12,1.899
MNIST,GrassmannHRD,10,50,0,3413,0.261888,870.327730,12,1.900
MNIST,GrassmannHRD,10,50,0,3414,0.274259,870.601989,12,1.900
MNIST,GrassmannHRD,10,50,0,3415,0.212801,870.814790,12,1.901
MNIST,GrassmannHRD,10,50,0,3416,0.524172,871.338963,12,1.902
MNIST,GrassmannHRD,10,50,0,3417,0.293885,871.632848,12,1.902
MNIST,GrassmannHRD,10,50,0,3418,0.367113,871.999962,12,1.903
MNIST,GrassmannHRD,10,50,0,3419,0.269611,872.269572,12,1.903
MNIST,GrassmannHRD,10,50,0,3420,0.100976,872.370548,12,1.904
MNIST,GrassmannHRD,10,50,0,3421,0.256404,872.626952,12,1.905
MNIST,GrassmannHRD,10,50,0,3422,0.273711,872.900663,12,1.905
MNIST,GrassmannHRD,10,50,0,3423,0.049432,872.950094,12,1.906
MNIST,GrassmannHRD,10,50,0,3424,0.279349,873.229443,12,1.906
MNIST,GrassmannHRD,10,50,0,3425,0.162579,873.392022,12,1.907
MNIST,GrassmannHRD,10,50,0,3426,0.322656,873.714678,12,1.907
MNIST,GrassmannHRD,10,50,0,3427,0.255435,873.970113,12,1.908
MNIST,GrassmannHRD,10,50,0,3428,0.136490,874.106603,12,1.908
MNIST,GrassmannHRD,10,50,0,3429,0.248149,874.354752,12,1.909
MNIST,GrassmannHRD,10,50,0,3430,0.210786,874.565538,12,1.909
MNIST,GrassmannHRD,10,50,0,3431,0.239017,874.804555,12,1.910
MNIST,GrassmannHRD,10,50,0,3432,0.319742,875.124297,12,1.910
MNIST,GrassmannHRD,10,50,0,3433,0.283223,875.407520,12,1.911
MNIST,GrassmannHRD,10,50,0,3434,0.308482,875.716002,12,1.911
MNIST,GrassmannHRD,10,50,0,3435,0.317207,876.033209,12,1.912
MNIST,GrassmannHRD,10,50,0,3436,0.249447,876.282656,12,1.912
MNIST,GrassmannHRD,10,50,0,3437,0.146921,876.429577,12,1.913
MNIST,GrassmannHRD,10,50,0,3438,0.110522,876.540099,12,1.914
MNIST,GrassmannHRD,10,50,0,3439,0.320843,876.860943,12,1.914
MNIST,GrassmannHRD,10,50,0,3440,0.291835,877.152778,12,1.915
MNIST,GrassmannHRD,10,50,0,3441,0.304281,877.457059,12,1.915
MNIST,GrassmannHRD,10,50,0,3442,0.366771,877.823830,12,1.916
MNIST,GrassmannHRD,10,50,0,3443,0.174226,877.998056,12,1.916
MNIST,GrassmannHRD,10,50,0,3444,0.296859,878.294915,12,1.917
MNIST,GrassmannHRD,10,50,0,3445,0.104221,878.399136,12,1.917
MNIST,GrassmannHRD,10,50,0,3446,0.202066,878.601202,12,1.918
MNIST,GrassmannHRD,10,50,0,3447,0.244469,878.845670,12,1.918
MNIST,GrassmannHRD,10,50,0,3448,0.240086,879.085757,12,1.919
MNIST,GrassmannHRD,10,50,0,3449,0.221575,879.307331,12,1.919
MNIST,GrassmannHRD,10,50,0,3450,0.467671,879.775002,12,1.920
MNIST,GrassmannHRD,10,50,0,3451,0.154018,879.929020,12,1.920
MNIST,GrassmannHRD,10,50,0,3452,0.161773,880.090794,12,1.921
MNIST,GrassmannHRD,10,50,0,3453,0.324533,880.415327,12,1.921
MNIST,GrassmannHRD,10,50,0,3454,0.229070,880.644397,12,1.922
MNIST,GrassmannHRD,10,50,0,3455,0.274377,880.918773,12,1.922
MNIST,GrassmannHRD,10,50,0,3456,0.157806,881.076580,12,1.923
MNIST,GrassmannHRD,10,50,0,3457,0.228375,881.304954,12,1.923
MNIST,GrassmannHRD,10,50,0,3458,0.509577,881.814531,12,1.924
MNIST,GrassmannHRD,10,50,0,3459,0.274134,882.088665,12,1.925
MNIST,GrassmannHRD,10,50,0,3460,0.250977,882.339642,12,1.925
MNIST,GrassmannHRD,10,50,0,3461,0.100149,882.439791,12,1.926
MNIST,GrassmannHRD,10,50,0,3462,0.222244,882.662035,12,1.926
MNIST,GrassmannHRD,10,50,0,3463,0.239881,882.901916,12,1.927
MNIST,GrassmannHRD,10,50,0,3464,0.197879,883.099795,12,1.927
MNIST,GrassmannHRD,10,50,0,3465,0.198247,883.298042,12,1.928
MNIST,GrassmannHRD,10,50,0,3466,0.301532,883.599574,12,1.928
MNIST,GrassmannHRD,10,50,0,3467,0.101724,883.701298,12,1.929
MNIST,GrassmannHRD,10,50,0,3468,0.267998,883.969296,12,1.929
MNIST,GrassmannHRD,10,50,0,3469,0.281106,884.250402,12,1.930
MNIST,GrassmannHRD,10,50,0,3470,0.258780,884.509182,12,1.930
MNIST,GrassmannHRD,10,50,0,3471,0.128738,884.637920,12,1.931
MNIST,GrassmannHRD,10,50,0,3472,0.186100,884.824020,12,1.931
MNIST,GrassmannHRD,10,50,0,3473,0.172029,884.996049,12,1.932
MNIST,GrassmannHRD,10,50,0,3474,0.395233,885.391282,12,1.932
MNIST,GrassmannHRD,10,50,0,3475,0.138401,885.529683,12,1.933
MNIST,GrassmannHRD,10,50,0,3476,0.247327,885.777010,12,1.933
MNIST,GrassmannHRD,10,50,0,3477,0.323871,886.100882,12,1.934
MNIST,GrassmannHRD,10,50,0,3478,0.101268,886.202150,12,1.934
MNIST,GrassmannHRD,10,50,0,3479,0.234677,886.436827,12,1.935
MNIST,GrassmannHRD,10,50,0,3480,0.301663,886.738490,12,1.935
MNIST,GrassmannHRD,10,50,0,3481,0.237162,886.975652,12,1.936
MNIST,GrassmannHRD,10,50,0,3482,0.212977,887.188630,12,1.937
MNIST,GrassmannHRD,10,50,0,3483,0.235929,887.424558,12,1.937
MNIST,GrassmannHRD,10,50,0,3484,0.192505,887.617063,12,1.938
MNIST,GrassmannHRD,10,50,0,3485,0.204765,887.821828,12,1.938
MNIST,GrassmannHRD,10,50,0,3486,0.173972,887.995800,12,1.939
MNIST,GrassmannHRD,10,50,0,3487,0.364139,888.359940,12,1.939
MNIST,GrassmannHRD,10,50,0,3488,0.177571,888.537510,12,1.940
MNIST,GrassmannHRD,10,50,0,3489,0.367542,888.905052,12,1.940
MNIST,GrassmannHRD,10,50,0,3490,0.265498,889.170550,12,1.941
MNIST,GrassmannHRD,10,50,0,3491,0.323455,889.494005,12,1.941
MNIST,GrassmannHRD,10,50,0,3492,0.180612,889.674617,12,1.942
MNIST,GrassmannHRD,10,50,0,3493,0.285288,889.959905,12,1.942
MNIST,GrassmannHRD,10,50,0,3494,0.208183,890.168088,12,1.943
MNIST,GrassmannHRD,10,50,0,3495,0.247221,890.415308,12,1.943
MNIST,GrassmannHRD,10,50,0,3496,0.254904,890.670212,12,1.944
MNIST,GrassmannHRD,10,50,0,3497,0.362040,891.032252,12,1.944
MNIST,GrassmannHRD,10,50,0,3498,0.288118,891.320370,12,1.945
MNIST,GrassmannHRD,10,50,0,3499,0.267020,891.587390,12,1.945
MNIST,GrassmannHRD,10,50,0,3500,0.317239,891.904629,12,1.946
MNIST,GrassmannHRD,10,50,0,3501,0.466022,892.370650,12,1.947
MNIST,GrassmannHRD,10,50,0,3502,0.244873,892.615523,12,1.947
MNIST,GrassmannHRD,10,50,0,3503,0.248031,892.863554,12,1.948
MNIST,GrassmannHRD,10,50,0,3504,0.125333,892.988888,12,1.948
MNIST,GrassmannHRD,10,50,0,3505,0.221720,893.210608,12,1.949
MNIST,GrassmannHRD,10,50,0,3506,0.245504,893.456112,12,1.949
MNIST,GrassmannHRD,10,50,0,3507,0.349467,893.805578,12,1.950
MNIST,GrassmannHRD,10,50,0,3508,0.268459,894.074037,12,1.950
MNIST,GrassmannHRD,10,50,0,3509,0.152261,894.226298,12,1.951
MNIST,GrassmannHRD,10,50,0,3510,0.230711,894.457008,12,1.951
MNIST,GrassmannHRD,10,50,0,3511,0.206880,894.663888,12,1.952
MNIST,GrassmannHRD,10,50,0,3512,0.173844,894.837732,12,1.952
MNIST,GrassmannHRD,10,50,0,3513,0.329515,895.167247,12,1.953
MNIST,GrassmannHRD,10,50,0,3514,0.423585,895.590833,12,1.953
MNIST,GrassmannHRD,10,50,0,3515,0.275575,895.866408,12,1.954
MNIST,GrassmannHRD,10,50,0,3516,0.180342,896.046750,12,1.954
MNIST,GrassmannHRD,10,50,0,3517,0.303295,896.350046,12,1.955
MNIST,GrassmannHRD,10,50,0,3518,0.295789,896.645835,12,1.955
MNIST,GrassmannHRD,10,50,0,3519,0.283575,896.929410,12,1.956
MNIST,GrassmannHRD,10,50,0,3520,0.281983,897.211393,12,1.956
MNIST,GrassmannHRD,10,50,0,3521,0.383790,897.595183,12,1.957
MNIST,GrassmannHRD,10,50,0,3522,0.279645,897.874828,12,1.957
MNIST,GrassmannHRD,10,50,0,3523,0.318928,898.193756,12,1.958
MNIST,GrassmannHRD,10,50,0,3524,0.151275,898.345032,12,1.959
MNIST,GrassmannHRD,10,50,0,3525,0.334012,898.679044,12,1.959
MNIST,GrassmannHRD,10,50,0,3526,0.246001,898.925045,12,1.960
MNIST,GrassmannHRD,10,50,0,3527,0.274792,899.199837,12,1.960
MNIST,GrassmannHRD,10,50,0,3528,0.131273,899.331110,12,1.961
MNIST,GrassmannHRD,10,50,0,3529,0.261249,899.592359,12,1.961
MNIST,GrassmannHRD,10,50,0,3530,0.268015,899.860374,12,1.962
MNIST,GrassmannHRD,10,50,0,3531,0.183094,900.043468,12,1.962
MNIST,GrassmannHRD,10,50,0,3532,0.253608,900.297076,12,1.963
MNIST,GrassmannHRD,10,50,0,3533,0.293808,900.590884,12,1.963
MNIST,GrassmannHRD,10,50,0,3534,0.146042,900.736926,12,1.964
MNIST,GrassmannHRD,10,50,0,3535,0.213096,900.950021,12,1.964
MNIST,GrassmannHRD,10,50,0,3536,0.201050,901.151071,12,1.965
MNIST,GrassmannHRD,10,50,0,3537,0.153044,901.304116,12,1.965
MNIST,GrassmannHRD,10,50,0,3538,0.309778,901.613894,12,1.966
MNIST,GrassmannHRD,10,50,0,3539,0.433326,902.047220,12,1.966
MNIST,GrassmannHRD,10,50,0,3540,0.273126,902.320346,12,1.967
MNIST,GrassmannHRD,10,50,0,3541,0.194391,902.514737,12,1.967
MNIST,GrassmannHRD,10,50,0,3542,0.400854,902.915591,12,1.968
MNIST,GrassmannHRD,10,50,0,3543,0.249367,903.164958,12,1.968
MNIST,GrassmannHRD,10,50,0,3544,0.202344,903.367302,12,1.969
MNIST,GrassmannHRD,10,50,0,3545,0.307332,903.674634,12,1.969
MNIST,GrassmannHRD,10,50,0,3546,0.203444,903.878078,12,1.970
MNIST,GrassmannHRD,10,50,0,3547,0.221533,904.099611,12,1.970
MNIST,GrassmannHRD,10,50,0,3548,0.300979,904.400590,12,1.971
MNIST,GrassmannHRD,10,50,0,3549,0.166888,904.567478,12,1.972
MNIST,GrassmannHRD,10,50,0,3550,0.207523,904.775001,12,1.972
MNIST,GrassmannHRD,10,50,0,3551,0.165168,904.940169,12,1.973
MNIST,GrassmannHRD,10,50,0,3552,0.141421,905.081590,12,1.973
MNIST,GrassmannHRD,10,50,0,3553,0.362413,905.444003,12,1.974
MNIST,GrassmannHRD,10,50,0,3554,0.231395,905.675398,12,1.974
MNIST,GrassmannHRD,10,50,0,3555,0.263411,905.938809,12,1.975
MNIST,GrassmannHRD,10,50,0,3556,0.225396,906.164205,12,1.975
MNIST,GrassmannHRD,10,50,0,3557,0.346692,906.510897,12,1.976
MNIST,GrassmannHRD,10,50,0,3558,0.177758,906.688656,12,1.976
MNIST,GrassmannHRD,10,50,0,3559,0.163879,906.852534,12,1.977
MNIST,GrassmannHRD,10,50,0,3560,0.154871,907.007405,12,1.978
MNIST,GrassmannHRD,10,50,0,3561,0.374643,907.382048,12,1.978
MNIST,GrassmannHRD,10,50,0,3562,0.258852,907.640900,12,1.979
MNIST,GrassmannHRD,10,50,0,3563,0.171503,907.812404,12,1.979
MNIST,GrassmannHRD,10,50,0,3564,0.100960,907.913364,12,1.980
MNIST,GrassmannHRD,10,50,0,3565,0.168496,908.081859,12,1.980
MNIST,GrassmannHRD,10,50,0,3566,0.351014,908.432873,12,1.981
MNIST,GrassmannHRD,10,50,0,3567,0.262484,908.695358,12,1.981
MNIST,GrassmannHRD,10,50,0,3568,0.126789,908.822147,12,1.982
MNIST,GrassmannHRD,10,50,0,3569,0.305874,909.128021,12,1.982
MNIST,GrassmannHRD,10,50,0,3570,0.082428,909.210449,12,1.983
MNIST,GrassmannHRD,10,50,0,3571,0.375827,909.586276,12,1.983
MNIST,GrassmannHRD,10,50,0,3572,0.165332,909.751608,12,1.984
MNIST,GrassmannHRD,10,50,0,3573,0.264583,910.016191,12,1.984
MNIST,GrassmannHRD,10,50,0,3574,0.128146,910.144338,12,1.985
MNIST,GrassmannHRD,10,50,0,3575,0.318917,910.463255,12,1.985
MNIST,GrassmannHRD,10,50,0,3576,0.356170,910.819424,12,1.986
MNIST,GrassmannHRD,10,50,0,3577,0.207566,911.026990,12,1.986
MNIST,GrassmannHRD,10,50,0,3578,0.244330,911.271320,12,1.987
MNIST,GrassmannHRD,10,50,0,3579,0.158833,911.430153,12,1.987
MNIST,GrassmannHRD,10,50,0,3580,0.284457,911.714610,12,1.988
MNIST,GrassmannHRD,10,50,0,3581,0.115254,911.829864,12,1.988
MNIST,GrassmannHRD,10,50,0,3582,0.239657,912.069520,12,1.989
MNIST,GrassmannHRD,10,50,0,3583,0.292645,912.362166,12,1.990
MNIST,GrassmannHRD,10,50,0,3584,0.303646,912.665812,12,1.990
MNIST,GrassmannHRD,10,50,0,3585,0.212342,912.878154,12,1.991
MNIST,GrassmannHRD,10,50,0,3586,0.192418,913.070572,12,1.991
MNIST,GrassmannHRD,10,50,0,3587,0.335427,913.405999,12,1.992
MNIST,GrassmannHRD,10,50,0,3588,0.251731,913.657730,12,1.992
MNIST,GrassmannHRD,10,50,0,3589,0.115446,913.773176,12,1.993
MNIST,GrassmannHRD,10,50,0,3590,0.244730,914.017906,12,1.993
MNIST,GrassmannHRD,10,50,0,3591,0.219846,914.237752,12,1.994
MNIST,GrassmannHRD,10,50,0,3592,0.282364,914.520116,12,1.994
MNIST,GrassmannHRD,10,50,0,3593,0.271557,914.791673,12,1.995
MNIST,GrassmannHRD,10,50,0,3594,0.381014,915.172686,12,1.995
MNIST,GrassmannHRD,10,50,0,3595,0.239003,915.411689,12,1.996
MNIST,GrassmannHRD,10,50,0,3596,0.234669,915.646358,12,1.996
MNIST,GrassmannHRD,10,50,0,3597,0.250581,915.896939,12,1.997
MNIST,GrassmannHRD,10,50,0,3598,0.174345,916.071283,12,1.997
MNIST,GrassmannHRD,10,50,0,3599,0.370276,916.441560,12,1.998
MNIST,GrassmannHRD,10,50,0,3600,0.221691,916.663251,12,1.999
MNIST,GrassmannHRD,10,50,0,3601,0.426533,917.089784,12,1.999
MNIST,GrassmannHRD,10,50,0,3602,0.375259,917.465042,12,2.000
MNIST,GrassmannHRD,10,50,0,3603,0.098076,917.563118,12,2.000
MNIST,GrassmannHRD,10,50,0,3604,0.490873,918.053991,12,2.001
MNIST,GrassmannHRD,10,50,0,3605,0.231408,918.285399,12,2.001
MNIST,GrassmannHRD,10,50,0,3606,0.203176,918.488575,12,2.002
MNIST,GrassmannHRD,10,50,0,3607,0.431605,918.920180,12,2.002
MNIST,GrassmannHRD,10,50,0,3608,0.474798,919.394978,12,2.003
MNIST,GrassmannHRD,10,50,0,3609,0.271493,919.666471,12,2.003
MNIST,GrassmannHRD,10,50,0,3610,0.178513,919.844984,12,2.004
MNIST,GrassmannHRD,10,50,0,3611,0.129390,919.974375,12,2.004
MNIST,GrassmannHRD,10,50,0,3612,0.192788,920.167162,12,2.005
MNIST,GrassmannHRD,10,50,0,3613,0.079690,920.246853,12,2.006
MNIST,GrassmannHRD,10,50,0,3614,0.263768,920.510621,12,2.006
MNIST,GrassmannHRD,10,50,0,3615,0.225053,920.735674,12,2.007
MNIST,GrassmannHRD,10,50,0,3616,0.380535,921.116209,12,2.007
MNIST,GrassmannHRD,10,50,0,3617,0.219694,921.335903,12,2.008
MNIST,GrassmannHRD,10,50,0,3618,0.249101,921.585004,12,2.008
MNIST,GrassmannHRD,10,50,0,3619,0.221012,921.806016,12,2.009
MNIST,GrassmannHRD,10,50,0,3620,0.254157,922.060173,12,2.009
MNIST,GrassmannHRD,10,50,0,3621,0.394427,922.454600,12,2.010
MNIST,GrassmannHRD,10,50,0,3622,0.346218,922.800818,12,2.010
MNIST,GrassmannHRD,10,50,0,3623,0.157056,922.957874,12,2.011
MNIST,GrassmannHRD,10,50,0,3624,0.311468,923.269342,12,2.011
MNIST,GrassmannHRD,10,50,0,3625,0.252390,923.521731,12,2.012
MNIST,GrassmannHRD,10,50,0,3626,0.158227,923.679958,12,2.012
MNIST,GrassmannHRD,10,50,0,3627,0.062522,923.742480,12,2.013
MNIST,GrassmannHRD,10,50,0,3628,0.141686,923.884166,12,2.013
MNIST,GrassmannHRD,10,50,0,3629,0.264968,924.149133,12,2.014
MNIST,GrassmannHRD,10,50,0,3630,0.370103,924.519236,12,2.014
MNIST,GrassmannHRD,10,50,0,3631,0.300588,924.819824,12,2.015
MNIST,GrassmannHRD,10,50,0,3632,0.342719,925.162543,12,2.015
MNIST,GrassmannHRD,10,50,0,3633,0.351267,925.513811,12,2.016
MNIST,GrassmannHRD,10,50,0,3634,0.129144,925.642955,12,2.016
MNIST,GrassmannHRD,10,50,0,3635,0.092379,925.735334,12,2.017
MNIST,GrassmannHRD,10,50,0,3636,0.141565,925.876900,12,2.017
MNIST,GrassmannHRD,10,50,0,3637,0.226235,926.103135,12,2.018
MNIST,GrassmannHRD,10,50,0,3638,0.186001,926.289136,12,2.018
MNIST,GrassmannHRD,10,50,0,3639,0.060569,926.349705,12,2.019
MNIST,GrassmannHRD,10,50,0,3640,0.302928,926.652633,12,2.020
MNIST,GrassmannHRD,10,50,0,3641,0.129035,926.781668,12,2.020
MNIST,GrassmannHRD,10,50,0,3642,0.306942,927.088611,12,2.021
MNIST,GrassmannHRD,10,50,0,3643,0.281278,927.369889,12,2.021
MNIST,GrassmannHRD,10,50,0,3644,0.245535,927.615424,12,2.022
MNIST,GrassmannHRD,10,50,0,3645,0.255555,927.870979,12,2.022
MNIST,GrassmannHRD,10,50,0,3646,0.128728,927.999707,12,2.023
MNIST,GrassmannHRD,10,50,0,3647,0.173110,928.172817,12,2.023
MNIST,GrassmannHRD,10,50,0,3648,0.181024,928.353841,12,2.024
MNIST,GrassmannHRD,10,50,0,3649,0.258659,928.612500,12,2.024
MNIST,GrassmannHRD,10,50,0,3650,0.401286,929.013787,12,2.025
MNIST,GrassmannHRD,10,50,0,3651,0.209504,929.223290,12,2.025
MNIST,GrassmannHRD,10,50,0,3652,0.352337,929.575627,12,2.026
MNIST,GrassmannHRD,10,50,0,3653,0.260962,929.836589,12,2.026
MNIST,GrassmannHRD,10,50,0,3654,0.330332,930.166921,12,2.027
MNIST,GrassmannHRD,10,50,0,3655,0.204264,930.371185,12,2.027
MNIST,GrassmannHRD,10,50,0,3656,0.298838,930.670023,12,2.028
MNIST,GrassmannHRD,10,50,0,3657,0.265349,930.935371,12,2.028
MNIST,GrassmannHRD,10,50,0,3658,0.241380,931.176751,12,2.029
MNIST,GrassmannHRD,10,50,0,3659,0.193045,931.369796,12,2.030
MNIST,GrassmannHRD,10,50,0,3660,0.266939,931.636735,12,2.030
MNIST,GrassmannHRD,10,50,0,3661,0.246543,931.883277,12,2.031
MNIST,GrassmannHRD,10,50,0,3662,0.110111,931.993388,12,2.031
MNIST,GrassmannHRD,10,50,0,3663,0.434656,932.428045,12,2.032
MNIST,GrassmannHRD,10,50,0,3664,0.291228,932.719272,12,2.032
MNIST,GrassmannHRD,10,50,0,3665,0.198303,932.917576,12,2.033
MNIST,GrassmannHRD,10,50,0,3666,0.276503,933.194079,12,2.033
MNIST,GrassmannHRD,10,50,0,3667,0.194565,933.388644,12,2.034
MNIST,GrassmannHRD,10,50,0,3668,0.234406,933.623050,12,2.034
MNIST,GrassmannHRD,10,50,0,3669,0.259715,933.882765,12,2.035
MNIST,GrassmannHRD,10,50,0,3670,0.188370,934.071135,12,2.035
MNIST,GrassmannHRD,10,50,0,3671,0.239398,934.310533,12,2.036
MNIST,GrassmannHRD,10,50,0,3672,0.264973,934.575506,12,2.036
MNIST,GrassmannHRD,10,50,0,3673,0.211094,934.786600,12,2.037
MNIST,GrassmannHRD,10,50,0,3674,0.123689,934.910289,12,2.037
MNIST,GrassmannHRD,10,50,0,3675,0.189958,935.100247,12,2.038
MNIST,GrassmannHRD,10,50,0,3676,0.162783,935.263031,12,2.038
MNIST,GrassmannHRD,10,50,0,3677,0.154848,935.417879,12,2.039
MNIST,GrassmannHRD,10,50,0,3678,0.311843,935.729722,12,2.039
MNIST,GrassmannHRD,10,50,0,3679,0.216788,935.946510,12,2.040
MNIST,GrassmannHRD,10,50,0,3680,0.211175,936.157685,12,2.040
MNIST,GrassmannHRD,10,50,0,3681,0.397115,936.554800,12,2.041
MNIST,GrassmannHRD,10,50,0,3682,0.174247,936.729048,12,2.042
MNIST,GrassmannHRD,10,50,0,3683,0.118353,936.847401,12,2.042
MNIST,GrassmannHRD,10,50,0,3684,0.325941,937.173342,12,2.043
MNIST,GrassmannHRD,10,50,0,3685,0.246511,937.419854,12,2.043
MNIST,GrassmannHRD,10,50,0,3686,0.497198,937.917052,12,2.044
MNIST,GrassmannHRD,10,50,0,3687,0.254792,938.171844,12,2.044
MNIST,GrassmannHRD,10,50,0,3688,0.167884,938.339728,12,2.045
MNIST,GrassmannHRD,10,50,0,3689,0.267603,938.607331,12,2.045
MNIST,GrassmannHRD,10,50,0,3690,0.297528,938.904859,12,2.046
MNIST,GrassmannHRD,10,50,0,3691,0.278976,939.183835,12,2.046
MNIST,GrassmannHRD,10,50,0,3692,0.281805,939.465640,12,2.047
MNIST,GrassmannHRD,10,50,0,3693,0.287176,939.752815,12,2.047
MNIST,GrassmannHRD,10,50,0,3694,0.354496,940.107311,12,2.048
MNIST,GrassmannHRD,10,50,0,3695,0.143663,940.250974,12,2.048
MNIST,GrassmannHRD,10,50,0,3696,0.355419,940.606393,12,2.049
MNIST,GrassmannHRD,10,50,0,3697,0.218163,940.824556,12,2.049
MNIST,GrassmannHRD,10,50,0,3698,0.296549,941.121105,12,2.050
MNIST,GrassmannHRD,10,50,0,3699,0.223972,941.345077,12,2.050
MNIST,GrassmannHRD,10,50,0,3700,0.224513,941.569590,12,2.051
MNIST,GrassmannHRD,10,50,0,3701,0.392326,941.961917,12,2.052
MNIST,GrassmannHRD,10,50,0,3702,0.254654,942.216571,12,2.052
MNIST,GrassmannHRD,10,50,0,3703,0.114381,942.330951,12,2.053
MNIST,GrassmannHRD,10,50,0,3704,0.188976,942.519927,12,2.053
MNIST,GrassmannHRD,10,50,0,3705,0.069486,942.589413,12,2.054
MNIST,GrassmannHRD,10,50,0,3706,0.256306,942.845719,12,2.054
MNIST,GrassmannHRD,10,50,0,3707,0.302828,943.148547,12,2.055
MNIST,GrassmannHRD,10,50,0,3708,0.122621,943.271167,12,2.055
MNIST,GrassmannHRD,10,50,0,3709,0.365545,943.636712,12,2.056
MNIST,GrassmannHRD,10,50,0,3710,0.276082,943.912794,12,2.056
MNIST,GrassmannHRD,10,50,0,3711,0.266813,944.179607,12,2.057
MNIST,GrassmannHRD,10,50,0,3712,0.315930,944.495537,12,2.057
MNIST,GrassmannHRD,10,50,0,3713,0.216341,944.711879,12,2.058
MNIST,GrassmannHRD,10,50,0,3714,0.245520,944.957399,12,2.058
MNIST,GrassmannHRD,10,50,0,3715,0.328374,945.285773,12,2.059
MNIST,GrassmannHRD,10,50,0,3716,0.260820,945.546593,12,2.060
MNIST,GrassmannHRD,10,50,0,3717,0.368596,945.915189,12,2.060
MNIST,GrassmannHRD,10,50,0,3718,0.279703,946.194892,12,2.061
MNIST,GrassmannHRD,10,50,0,3719,0.150520,946.345412,12,2.061
MNIST,GrassmannHRD,10,50,0,3720,0.049854,946.395266,12,2.062
MNIST,GrassmannHRD,10,50,0,3721,0.172486,946.567752,12,2.062
MNIST,GrassmannHRD,10,50,0,3722,0.234617,946.802369,12,2.063
MNIST,GrassmannHRD,10,50,0,3723,0.200907,947.003275,12,2.063
MNIST,GrassmannHRD,10,50,0,3724,0.330768,947.334044,12,2.064
MNIST,GrassmannHRD,10,50,0,3725,0.225288,947.559332,12,2.064
MNIST,GrassmannHRD,10,50,0,3726,0.227807,947.787139,12,2.065
MNIST,GrassmannHRD,10,50,0,3727,0.445923,948.233061,12,2.065
MNIST,GrassmannHRD,10,50,0,3728,0.272486,948.505548,12,2.066
MNIST,GrassmannHRD,10,50,0,3729,0.203792,948.709340,12,2.066
MNIST,GrassmannHRD,10,50,0,3730,0.237257,948.946596,12,2.067
MNIST,GrassmannHRD,10,50,0,3731,0.238212,949.184808,12,2.067
MNIST,GrassmannHRD,10,50,0,3732,0.433565,949.618373,12,2.068
MNIST,GrassmannHRD,10,50,0,3733,0.167697,949.786070,12,2.068
MNIST,GrassmannHRD,10,50,0,3734,0.409129,950.195200,12,2.069
MNIST,GrassmannHRD,10,50,0,3735,0.202161,950.397361,12,2.070
MNIST,GrassmannHRD,10,50,0,3736,0.228459,950.625820,12,2.070
MNIST,GrassmannHRD,10,50,0,3737,0.228214,950.854033,12,2.071
MNIST,GrassmannHRD,10,50,0,3738,0.247599,951.101632,12,2.071
MNIST,GrassmannHRD,10,50,0,3739,0.342989,951.444622,12,2.072
MNIST,GrassmannHRD,10,50,0,3740,0.332486,951.777107,12,2.072
MNIST,GrassmannHRD,10,50,0,3741,0.154181,951.931288,12,2.073
MNIST,GrassmannHRD,10,50,0,3742,0.245209,952.176497,12,2.073
MNIST,GrassmannHRD,10,50,0,3743,0.137621,952.314119,12,2.074
MNIST,GrassmannHRD,10,50,0,3744,0.378443,952.692562,12,2.074
MNIST,GrassmannHRD,10,50,0,3745,0.309409,953.001971,12,2.075
MNIST,GrassmannHRD,10,50,0,3746,0.163341,953.165312,12,2.075
MNIST,GrassmannHRD,10,50,0,3747,0.234220,953.399532,12,2.076
MNIST,GrassmannHRD,10,50,0,3748,0.091662,953.491195,12,2.076
MNIST,GrassmannHRD,10,50,0,3749,0.294251,953.785446,12,2.077
MNIST,GrassmannHRD,10,50,0,3750,0.233122,954.018568,12,2.078
MNIST,GrassmannHRD,10,50,0,3751,0.241881,954.260449,12,2.078
MNIST,GrassmannHRD,10,50,0,3752,0.236096,954.496545,12,2.079
MNIST,GrassmannHRD,10,50,0,3753,0.213824,954.710369,12,2.079
MNIST,GrassmannHRD,10,50,0,3754,0.182096,954.892465,12,2.080
MNIST,GrassmannHRD,10,50,0,3755,0.256917,955.149382,12,2.080
MNIST,GrassmannHRD,10,50,0,3756,0.203875,955.353257,12,2.081
MNIST,GrassmannHRD,10,50,0,3757,0.104189,955.457446,12,2.081
MNIST,GrassmannHRD,10,50,0,3758,0.337580,955.795026,12,2.082
MNIST,GrassmannHRD,10,50,0,3759,0.386426,956.181452,12,2.082
MNIST,GrassmannHRD,10,50,0,3760,0.304962,956.486414,12,2.083
MNIST,GrassmannHRD,10,50,0,3761,0.127862,956.614276,12,2.083
MNIST,GrassmannHRD,10,50,0,3762,0.174257,956.788533,12,2.084
MNIST,GrassmannHRD,10,50,0,3763,0.083111,956.871644,12,2.085
MNIST,GrassmannHRD,10,50,0,3764,0.139597,957.011241,12,2.085
MNIST,GrassmannHRD,10,50,0,3765,0.166546,957.177786,12,2.086
MNIST,GrassmannHRD,10,50,0,3766,0.192381,957.370167,12,2.086
MNIST,GrassmannHRD,10,50,0,3767,0.346351,957.716518,12,2.087
MNIST,GrassmannHRD,10,50,0,3768,0.305750,958.022268,12,2.087
MNIST,GrassmannHRD,10,50,0,3769,0.156864,958.179132,12,2.088
MNIST,GrassmannHRD,10,50,0,3770,0.540623,958.719755,12,2.088
MNIST,GrassmannHRD,10,50,0,3771,0.260976,958.980731,12,2.089
MNIST,GrassmannHRD,10,50,0,3772,0.353142,959.333873,12,2.089
MNIST,GrassmannHRD,10,50,0,3773,0.142122,959.475995,12,2.090
MNIST,GrassmannHRD,10,50,0,3774,0.289209,959.765204,12,2.090
MNIST,GrassmannHRD,10,50,0,3775,0.255469,960.020673,12,2.091
MNIST,GrassmannHRD,10,50,0,3776,0.310742,960.331415,12,2.092
MNIST,GrassmannHRD,10,50,0,3777,0.244830,960.576245,12,2.092
MNIST,GrassmannHRD,10,50,0,3778,0.418127,960.994372,12,2.093
MNIST,GrassmannHRD,10,50,0,3779,0.299502,961.293874,12,2.093
MNIST,GrassmannHRD,10,50,0,3780,0.295734,961.589607,12,2.094
MNIST,GrassmannHRD,10,50,0,3781,0.256911,961.846518,12,2.094
MNIST,GrassmannHRD,10,50,0,3782,0.129736,961.976254,12,2.095
MNIST,GrassmannHRD,10,50,0,3783,0.256853,962.233107,12,2.095
MNIST,GrassmannHRD,10,50,0,3784,0.425881,962.658988,12,2.096
MNIST,GrassmannHRD,10,50,0,3785,0.156919,962.815908,12,2.096
MNIST,GrassmannHRD,10,50,0,3786,0.346229,963.162137,12,2.097
MNIST,GrassmannHRD,10,50,0,3787,0.393344,963.555481,12,2.097
MNIST,GrassmannHRD,10,50,0,3788,0.121737,963.677218,12,2.098
MNIST,GrassmannHRD,10,50,0,3789,0.260647,963.937865,12,2.098
MNIST,GrassmannHRD,10,50,0,3790,0.090781,964.028646,12,2.099
MNIST,GrassmannHRD,10,50,0,3791,0.194653,964.223299,12,2.100
MNIST,GrassmannHRD,10,50,0,3792,0.335437,964.558736,12,2.100
MNIST,GrassmannHRD,10,50,0,3793,0.299974,964.858710,12,2.101
MNIST,GrassmannHRD,10,50,0,3794,0.405985,965.264695,12,2.101
MNIST,GrassmannHRD,10,50,0,3795,0.497074,965.761768,12,2.102
MNIST,GrassmannHRD,10,50,0,3796,0.184476,965.946245,12,2.102
MNIST,GrassmannHRD,10,50,0,3797,0.303300,966.249544,12,2.103
MNIST,GrassmannHRD,10,50,0,3798,0.070073,966.319617,12,2.103
MNIST,GrassmannHRD,10,50,0,3799,0.344608,966.664225,12,2.104
MNIST,GrassmannHRD,10,50,0,3800,0.131131,966.795357,12,2.104
MNIST,GrassmannHRD,10,50,0,3801,0.301673,967.097030,12,2.105
MNIST,GrassmannHRD,10,50,0,3802,0.225866,967.322895,12,2.106
MNIST,GrassmannHRD,10,50,0,3803,0.281144,967.604040,12,2.106
MNIST,GrassmannHRD,10,50,0,3804,0.312148,967.916188,12,2.107
MNIST,GrassmannHRD,10,50,0,3805,0.208468,968.124655,12,2.107
MNIST,GrassmannHRD,10,50,0,3806,0.220246,968.344901,12,2.108
MNIST,GrassmannHRD,10,50,0,3807,0.376443,968.721344,12,2.108
MNIST,GrassmannHRD,10,50,0,3808,0.104533,968.825877,12,2.109
MNIST,GrassmannHRD,10,50,0,3809,0.293350,969.119227,12,2.109
MNIST,GrassmannHRD,10,50,0,3810,0.192012,969.311239,12,2.110
MNIST,GrassmannHRD,10,50,0,3811,0.255931,969.567170,12,2.110
MNIST,GrassmannHRD,10,50,0,3812,0.298124,969.865294,12,2.111
MNIST,GrassmannHRD,10,50,0,3813,0.200378,970.065671,12,2.111
MNIST,GrassmannHRD,10,50,0,3814,0.152307,970.217978,12,2.112
MNIST,GrassmannHRD,10,50,0,3815,0.169464,970.387443,12,2.113
MNIST,GrassmannHRD,10,50,0,3816,0.203702,970.591145,12,2.113
MNIST,GrassmannHRD,10,50,0,3817,0.368233,970.959378,12,2.114
MNIST,GrassmannHRD,10,50,0,3818,0.409956,971.369334,12,2.114
MNIST,GrassmannHRD,10,50,0,3819,0.184404,971.553738,12,2.115
MNIST,GrassmannHRD,10,50,0,3820,0.150339,971.704077,12,2.115
MNIST,GrassmannHRD,10,50,0,3821,0.145536,971.849613,12,2.116
MNIST,GrassmannHRD,10,50,0,3822,0.328352,972.177965,12,2.116
MNIST,GrassmannHRD,10,50,0,3823,0.312782,972.490747,12,2.117
MNIST,GrassmannHRD,10,50,0,3824,0.236101,972.726848,12,2.117
MNIST,GrassmannHRD,10,50,0,3825,0.172091,972.898939,12,2.118
MNIST,GrassmannHRD,10,50,0,3826,0.363747,973.262686,12,2.118
MNIST,GrassmannHRD,10,50,0,3827,0.276986,973.539672,12,2.119
MNIST,GrassmannHRD,10,50,0,3828,0.310168,973.849840,12,2.119
MNIST,GrassmannHRD,10,50,0,3829,0.141907,973.991747,12,2.120
MNIST,GrassmannHRD,10,50,0,3830,0.366290,974.358037,12,2.120
MNIST,GrassmannHRD,10,50,0,3831,0.178257,974.536293,12,2.121
MNIST,GrassmannHRD,10,50,0,3832,0.311966,974.848259,12,2.122
MNIST,GrassmannHRD,10,50,0,3833,0.188949,975.037208,12,2.122
MNIST,GrassmannHRD,10,50,0,3834,0.346859,975.384067,12,2.123
MNIST,GrassmannHRD,10,50,0,3835,0.322901,975.706968,12,2.123
MNIST,GrassmannHRD,10,50,0,3836,0.188207,975.895175,12,2.124
MNIST,GrassmannHRD,10,50,0,3837,0.281268,976.176443,12,2.124
MNIST,GrassmannHRD,10,50,0,3838,0.278834,976.455276,12,2.125
MNIST,GrassmannHRD,10,50,0,3839,0.250177,976.705454,12,2.125
MNIST,GrassmannHRD,10,50,0,3840,0.192942,976.898395,12,2.126
MNIST,GrassmannHRD,10,50,0,3841,0.262954,977.161350,12,2.126
MNIST,GrassmannHRD,10,50,0,3842,0.290739,977.452089,12,2.127
MNIST,GrassmannHRD,10,50,0,3843,0.311800,977.763889,12,2.127
MNIST,GrassmannHRD,10,50,0,3844,0.164821,977.928710,12,2.128
MNIST,GrassmannHRD,10,50,0,3845,0.342268,978.270978,12,2.128
MNIST,GrassmannHRD,10,50,0,3846,0.313661,978.584639,12,2.129
MNIST,GrassmannHRD,10,50,0,3847,0.074836,978.659475,12,2.129
MNIST,GrassmannHRD,10,50,0,3848,0.213414,978.872889,12,2.130
MNIST,GrassmannHRD,10,50,0,3849,0.155315,979.028204,12,2.130
MNIST,GrassmannHRD,10,50,0,3850,0.147040,979.175244,12,2.131
MNIST,GrassmannHRD,10,50,0,3851,0.301095,979.476338,12,2.132
MNIST,GrassmannHRD,10,50,0,3852,0.425273,979.901611,12,2.132
MNIST,GrassmannHRD,10,50,0,3853,0.265214,980.166826,12,2.133
MNIST,GrassmannHRD,10,50,0,3854,0.329798,980.496623,12,2.133
MNIST,GrassmannHRD,10,50,0,3855,0.306551,980.803174,12,2.134
MNIST,GrassmannHRD,10,50,0,3856,0.365546,981.168720,12,2.134
MNIST,GrassmannHRD,10,50,0,3857,0.400847,981.569567,12,2.135
MNIST,GrassmannHRD,10,50,0,3858,0.265445,981.835012,12,2.136
MNIST,GrassmannHRD,10,50,0,3859,0.299655,982.134667,12,2.136
MNIST,GrassmannHRD,10,50,0,3860,0.148901,982.283568,12,2.137
MNIST,GrassmannHRD,10,50,0,3861,0.220127,982.503695,12,2.137
MNIST,GrassmannHRD,10,50,0,3862,0.203657,982.707353,12,2.138
MNIST,GrassmannHRD,10,50,0,3863,0.112589,982.819942,12,2.138
MNIST,GrassmannHRD,10,50,0,3864,0.348934,983.168875,12,2.139
MNIST,GrassmannHRD,10,50,0,3865,0.245836,983.414711,12,2.139
MNIST,GrassmannHRD,10,50,0,3866,0.221097,983.635808,12,2.140
MNIST,GrassmannHRD,10,50,0,3867,0.129003,983.764811,12,2.140
MNIST,GrassmannHRD,10,50,0,3868,0.154366,983.919177,12,2.141
MNIST,GrassmannHRD,10,50,0,3869,0.164761,984.083938,12,2.141
MNIST,GrassmannHRD,10,50,0,3870,0.135195,984.219133,12,2.142
MNIST,GrassmannHRD,10,50,0,3871,0.262482,984.481615,12,2.142
MNIST,GrassmannHRD,10,50,0,3872,0.248064,984.729679,12,2.143
MNIST,GrassmannHRD,10,50,0,3873,0.283969,985.013648,12,2.143
MNIST,GrassmannHRD,10,50,0,3874,0.231060,985.244707,12,2.144
MNIST,GrassmannHRD,10,50,0,3875,0.081145,985.325853,12,2.145
MNIST,GrassmannHRD,10,50,0,3876,0.210006,985.535859,12,2.145
MNIST,GrassmannHRD,10,50,0,3877,0.223571,985.759430,12,2.146
MNIST,GrassmannHRD,10,50,0,3878,0.259083,986.018513,12,2.146
MNIST,GrassmannHRD,10,50,0,3879,0.173489,986.192002,12,2.147
MNIST,GrassmannHRD,10,50,0,3880,0.224936,986.416938,12,2.147
MNIST,GrassmannHRD,10,50,0,3881,0.351374,986.768312,12,2.148
MNIST,GrassmannHRD,10,50,0,3882,0.193128,986.961440,12,2.148
MNIST,GrassmannHRD,10,50,0,3883,0.243865,987.205306,12,2.149
MNIST,GrassmannHRD,10,50,0,3884,0.202645,987.407951,12,2.149
MNIST,GrassmannHRD,10,50,0,3885,0.291426,987.699377,12,2.150
MNIST,GrassmannHRD,10,50,0,3886,0.136462,987.835839,12,2.150
MNIST,GrassmannHRD,10,50,0,3887,0.297784,988.133623,12,2.151
MNIST,GrassmannHRD,10,50,0,3888,0.298422,988.432045,12,2.151
MNIST,GrassmannHRD,10,50,0,3889,0.240426,988.672471,12,2.152
MNIST,GrassmannHRD,10,50,0,3890,0.268412,988.940883,12,2.152
MNIST,GrassmannHRD,10,50,0,3891,0.201061,989.141944,12,2.153
MNIST,GrassmannHRD,10,50,0,3892,0.298174,989.440118,12,2.154
MNIST,GrassmannHRD,10,50,0,3893,0.252639,989.692757,12,2.154
MNIST,GrassmannHRD,10,50,0,3894,0.338569,990.031325,12,2.155
MNIST,GrassmannHRD,10,50,0,3895,0.248195,990.279520,12,2.155
MNIST,GrassmannHRD,10,50,0,3896,0.204923,990.484444,12,2.156
MNIST,GrassmannHRD,10,50,0,3897,0.097257,990.581700,12,2.156
MNIST,GrassmannHRD,10,50,0,3898,0.224534,990.806235,12,2.157
MNIST,GrassmannHRD,10,50,0,3899,0.169162,990.975396,12,2.157
MNIST,GrassmannHRD,10,50,0,3900,0.183693,991.159089,12,2.158
MNIST,GrassmannHRD,10,50,0,3901,0.236278,991.395367,12,2.158
MNIST,GrassmannHRD,10,50,0,3902,0.248639,991.644006,12,2.159
MNIST,GrassmannHRD,10,50,0,3903,0.246607,991.890612,12,2.160
MNIST,GrassmannHRD,10,50,0,3904,0.452823,992.343435,12,2.160
MNIST,GrassmannHRD,10,50,0,3905,0.183109,992.526544,12,2.161
MNIST,GrassmannHRD,10,50,0,3906,0.330796,992.857339,12,2.161
MNIST,GrassmannHRD,10,50,0,3907,0.230448,993.087787,12,2.162
MNIST,GrassmannHRD,10,50,0,3908,0.278200,993.365987,12,2.162
MNIST,GrassmannHRD,10,50,0,3909,0.213634,993.579621,12,2.163
MNIST,GrassmannHRD,10,50,0,3910,0.379623,993.959243,12,2.163
MNIST,GrassmannHRD,10,50,0,3911,0.227230,994.186473,12,2.164
MNIST,GrassmannHRD,10,50,0,3912,0.114978,994.301452,12,2.164
MNIST,GrassmannHRD,10,50,0,3913,0.363406,994.664857,12,2.165
MNIST,GrassmannHRD,10,50,0,3914,0.372647,995.037504,12,2.166
MNIST,GrassmannHRD,10,50,0,3915,0.286285,995.323789,12,2.167
MNIST,GrassmannHRD,10,50,0,3916,0.068490,995.392279,12,2.167
MNIST,GrassmannHRD,10,50,0,3917,0.265379,995.657658,12,2.168
MNIST,GrassmannHRD,10,50,0,3918,0.414533,996.072191,12,2.169
MNIST,GrassmannHRD,10,50,0,3919,0.223219,996.295410,12,2.169
MNIST,GrassmannHRD,10,50,0,3920,0.339472,996.634882,12,2.170
MNIST,GrassmannHRD,10,50,0,3921,0.144737,996.779619,12,2.171
MNIST,GrassmannHRD,10,50,0,3922,0.344541,997.124160,12,2.171
MNIST,GrassmannHRD,10,50,0,3923,0.200606,997.324766,12,2.172
MNIST,GrassmannHRD,10,50,0,3924,0.184170,997.508936,12,2.172
MNIST,GrassmannHRD,10,50,0,3925,0.314087,997.823024,12,2.173
MNIST,GrassmannHRD,10,50,0,3926,0.130861,997.953884,12,2.173
MNIST,GrassmannHRD,10,50,0,3927,0.299244,998.253128,12,2.174
MNIST,GrassmannHRD,10,50,0,3928,0.345980,998.599108,12,2.174
MNIST,GrassmannHRD,10,50,0,3929,0.133807,998.732914,12,2.175
MNIST,GrassmannHRD,10,50,0,3930,0.285726,999.018641,12,2.175
MNIST,GrassmannHRD,10,50,0,3931,0.352618,999.371258,12,2.176
MNIST,GrassmannHRD,10,50,0,3932,0.097748,999.469006,12,2.176
MNIST,GrassmannHRD,10,50,0,3933,0.122264,999.591270,12,2.177
MNIST,GrassmannHRD,10,50,0,3934,0.158917,999.750187,12,2.177
MNIST,GrassmannHRD,10,50,0,3935,0.223653,999.973840,12,2.178
MNIST,GrassmannHRD,10,50,0,3936,0.243598,1000.217437,12,2.179
MNIST,GrassmannHRD,10,50,0,3937,0.312843,1000.530280,12,2.179
MNIST,GrassmannHRD,10,50,0,3938,0.435746,1000.966027,12,2.180
MNIST,GrassmannHRD,10,50,0,3939,0.296650,1001.262677,12,2.180
MNIST,GrassmannHRD,10,50,0,3940,0.266517,1001.529194,12,2.181
MNIST,GrassmannHRD,10,50,0,3941,0.367479,1001.896673,12,2.181
MNIST,GrassmannHRD,10,50,0,3942,0.330950,1002.227624,12,2.182
MNIST,GrassmannHRD,10,50,0,3943,0.391053,1002.618676,12,2.182
MNIST,GrassmannHRD,10,50,0,3944,0.263184,1002.881860,12,2.183
MNIST,GrassmannHRD,10,50,0,3945,0.463959,1003.345819,12,2.183
MNIST,GrassmannHRD,10,50,0,3946,0.207563,1003.553383,12,2.184
MNIST,GrassmannHRD,10,50,0,3947,0.249832,1003.803215,12,2.185
MNIST,GrassmannHRD,10,50,0,3948,0.350216,1004.153430,12,2.185
MNIST,GrassmannHRD,10,50,0,3949,0.124425,1004.277855,12,2.186
MNIST,GrassmannHRD,10,50,0,3950,0.261855,1004.539710,12,2.186
MNIST,GrassmannHRD,10,50,0,3951,0.185920,1004.725630,12,2.187
MNIST,GrassmannHRD,10,50,0,3952,0.198455,1004.924086,12,2.187
MNIST,GrassmannHRD,10,50,0,3953,0.368391,1005.292476,12,2.188
MNIST,GrassmannHRD,10,50,0,3954,0.206708,1005.499184,12,2.188
MNIST,GrassmannHRD,10,50,0,3955,0.260492,1005.759676,12,2.189
MNIST,GrassmannHRD,10,50,0,3956,0.255931,1006.015607,12,2.189
MNIST,GrassmannHRD,10,50,0,3957,0.231539,1006.247146,12,2.190
MNIST,GrassmannHRD,10,50,0,3958,0.422444,1006.669590,12,2.191
MNIST,GrassmannHRD,10,50,0,3959,0.192565,1006.862155,12,2.191
MNIST,GrassmannHRD,10,50,0,3960,0.074172,1006.936327,12,2.192
MNIST,GrassmannHRD,10,50,0,3961,0.236239,1007.172566,12,2.192
MNIST,GrassmannHRD,10,50,0,3962,0.290278,1007.462844,12,2.193
MNIST,GrassmannHRD,10,50,0,3963,0.338055,1007.800899,12,2.193
MNIST,GrassmannHRD,10,50,0,3964,0.192794,1007.993693,12,2.194
MNIST,GrassmannHRD,10,50,0,3965,0.159986,1008.153679,12,2.194
MNIST,GrassmannHRD,10,50,0,3966,0.239577,1008.393256,12,2.195
MNIST,GrassmannHRD,10,50,0,3967,0.196100,1008.589356,12,2.195
MNIST,GrassmannHRD,10,50,0,3968,0.350291,1008.939647,12,2.196
MNIST,GrassmannHRD,10,50,0,3969,0.199267,1009.138914,12,2.196
MNIST,GrassmannHRD,10,50,0,3970,0.299287,1009.438201,12,2.197
MNIST,GrassmannHRD,10,50,0,3971,0.351150,1009.789351,12,2.198
MNIST,GrassmannHRD,10,50,0,3972,0.340232,1010.129583,12,2.198
MNIST,GrassmannHRD,10,50,0,3973,0.292661,1010.422244,12,2.199
MNIST,GrassmannHRD,10,50,0,3974,0.171298,1010.593542,12,2.199
MNIST,GrassmannHRD,10,50,0,3975,0.216454,1010.809996,12,2.200
MNIST,GrassmannHRD,10,50,0,3976,0.425468,1011.235464,12,2.200
MNIST,GrassmannHRD,10,50,0,3977,0.150725,1011.386188,12,2.201
MNIST,GrassmannHRD,10,50,0,3978,0.147336,1011.533524,12,2.201
MNIST,GrassmannHRD,10,50,0,3979,0.421420,1011.954944,12,2.202
MNIST,GrassmannHRD,10,50,0,3980,0.432352,1012.387296,12,2.203
MNIST,GrassmannHRD,10,50,0,3981,0.304736,1012.692031,12,2.203
MNIST,GrassmannHRD,10,50,0,3982,0.255446,1012.947477,12,2.204
MNIST,GrassmannHRD,10,50,0,3983,0.238866,1013.186344,12,2.204
MNIST,GrassmannHRD,10,50,0,3984,0.406235,1013.592578,12,2.205
MNIST,GrassmannHRD,10,50,0,3985,0.445240,1014.037819,12,2.205
MNIST,GrassmannHRD,10,50,0,3986,0.269423,1014.307241,12,2.206
MNIST,GrassmannHRD,10,50,0,3987,0.098552,1014.405793,12,2.206
MNIST,GrassmannHRD,10,50,0,3988,0.219903,1014.625696,12,2.207
MNIST,GrassmannHRD,10,50,0,3989,0.187308,1014.813004,12,2.207
MNIST,GrassmannHRD,10,50,0,3990,0.309307,1015.122311,12,2.208
MNIST,GrassmannHRD,10,50,0,3991,0.070365,1015.192675,12,2.208
MNIST,GrassmannHRD,10,50,0,3992,0.410092,1015.602768,12,2.209
MNIST,GrassmannHRD,10,50,0,3993,0.195521,1015.798289,12,2.209
MNIST,GrassmannHRD,10,50,0,3994,0.299424,1016.097712,12,2.210
MNIST,GrassmannHRD,10,50,0,3995,0.234506,1016.332219,12,2.210
MNIST,GrassmannHRD,10,50,0,3996,0.164649,1016.496867,12,2.211
MNIST,GrassmannHRD,10,50,0,3997,0.338962,1016.835829,12,2.211
MNIST,GrassmannHRD,10,50,0,3998,0.196550,1017.032379,12,2.212
MNIST,GrassmannHRD,10,50,0,3999,0.177229,1017.209607,12,2.213
MNIST,GrassmannHRD,10,50,0,4000,0.149963,1017.359570,12,2.214
MNIST,GrassmannHRD,10,50,0,4001,0.269890,1017.629460,12,2.214
MNIST,GrassmannHRD,10,50,0,4002,0.342443,1017.971903,12,2.215
MNIST,GrassmannHRD,10,50,0,4003,0.292724,1018.264627,12,2.215
MNIST,GrassmannHRD,10,50,0,4004,0.209270,1018.473897,12,2.216
MNIST,GrassmannHRD,10,50,0,4005,0.391427,1018.865324,12,2.217
MNIST,GrassmannHRD,10,50,0,4006,0.194754,1019.060079,12,2.217
MNIST,GrassmannHRD,10,50,0,4007,0.335317,1019.395396,12,2.218
MNIST,GrassmannHRD,10,50,0,4008,0.229411,1019.624807,12,2.218
MNIST,GrassmannHRD,10,50,0,4009,0.192240,1019.817047,12,2.219
MNIST,GrassmannHRD,10,50,0,4010,0.355693,1020.172740,12,2.219
MNIST,GrassmannHRD,10,50,0,4011,0.297264,1020.470005,12,2.220
MNIST,GrassmannHRD,10,50,0,4012,0.212083,1020.682088,12,2.220
MNIST,GrassmannHRD,10,50,0,4013,0.485210,1021.167298,12,2.221
MNIST,GrassmannHRD,10,50,0,4014,0.235565,1021.402863,12,2.222
MNIST,GrassmannHRD,10,50,0,4015,0.289999,1021.692862,12,2.222
MNIST,GrassmannHRD,10,50,0,4016,0.201488,1021.894351,12,2.223
MNIST,GrassmannHRD,10,50,0,4017,0.258556,1022.152906,12,2.224
MNIST,GrassmannHRD,10,50,0,4018,0.252353,1022.405260,12,2.224
MNIST,GrassmannHRD,10,50,0,4019,0.300994,1022.706254,12,2.225
MNIST,GrassmannHRD,10,50,0,4020,0.138913,1022.845167,12,2.225
MNIST,GrassmannHRD,10,50,0,4021,0.383422,1023.228588,12,2.226
MNIST,GrassmannHRD,10,50,0,4022,0.195354,1023.423942,12,2.227
MNIST,GrassmannHRD,10,50,0,4023,0.178380,1023.602323,12,2.227
MNIST,GrassmannHRD,10,50,0,4024,0.283485,1023.885808,12,2.228
MNIST,GrassmannHRD,10,50,0,4025,0.189436,1024.075244,12,2.228
MNIST,GrassmannHRD,10,50,0,4026,0.255991,1024.331235,12,2.229
MNIST,GrassmannHRD,10,50,0,4027,0.354950,1024.686185,12,2.229
MNIST,GrassmannHRD,10,50,0,4028,0.226233,1024.912418,12,2.230
MNIST,GrassmannHRD,10,50,0,4029,0.382593,1025.295011,12,2.230
MNIST,GrassmannHRD,10,50,0,4030,0.268978,1025.563989,12,2.231
MNIST,GrassmannHRD,10,50,0,4031,0.489036,1026.053025,12,2.231
MNIST,GrassmannHRD,10,50,0,4032,0.223600,1026.276625,12,2.232
MNIST,GrassmannHRD,10,50,0,4033,0.205651,1026.482276,12,2.233
MNIST,GrassmannHRD,10,50,0,4034,0.088910,1026.571186,12,2.233
MNIST,GrassmannHRD,10,50,0,4035,0.313087,1026.884273,12,2.234
MNIST,GrassmannHRD,10,50,0,4036,0.268067,1027.152340,12,2.234
MNIST,GrassmannHRD,10,50,0,4037,0.208392,1027.360732,12,2.235
MNIST,GrassmannHRD,10,50,0,4038,0.288873,1027.649605,12,2.235
MNIST,GrassmannHRD,10,50,0,4039,0.318409,1027.968014,12,2.236
MNIST,GrassmannHRD,10,50,0,4040,0.217848,1028.185862,12,2.236
MNIST,GrassmannHRD,10,50,0,4041,0.305821,1028.491682,12,2.237
MNIST,GrassmannHRD,10,50,0,4042,0.220182,1028.711865,12,2.238
MNIST,GrassmannHRD,10,50,0,4043,0.163006,1028.874870,12,2.238
MNIST,GrassmannHRD,10,50,0,4044,0.261106,1029.135976,12,2.239
MNIST,GrassmannHRD,10,50,0,4045,0.236181,1029.372158,12,2.239
MNIST,GrassmannHRD,10,50,0,4046,0.281827,1029.653985,12,2.240
MNIST,GrassmannHRD,10,50,0,4047,0.349224,1030.003209,12,2.240
MNIST,GrassmannHRD,10,50,0,4048,0.365578,1030.368787,12,2.241
MNIST,GrassmannHRD,10,50,0,4049,0.155778,1030.524565,12,2.241
MNIST,GrassmannHRD,10,50,0,4050,0.190112,1030.714676,12,2.242
MNIST,GrassmannHRD,10,50,0,4051,0.092236,1030.806912,12,2.243
MNIST,GrassmannHRD,10,50,0,4052,0.235432,1031.042344,12,2.243
MNIST,GrassmannHRD,10,50,0,4053,0.182266,1031.224610,12,2.244
MNIST,GrassmannHRD,10,50,0,4054,0.355651,1031.580261,12,2.244
MNIST,GrassmannHRD,10,50,0,4055,0.220389,1031.800650,12,2.245
MNIST,GrassmannHRD,10,50,0,4056,0.294365,1032.095016,12,2.245
MNIST,GrassmannHRD,10,50,0,4057,0.345058,1032.440074,12,2.246
MNIST,GrassmannHRD,10,50,0,4058,0.374051,1032.814125,12,2.247
MNIST,GrassmannHRD,10,50,0,4059,0.332829,1033.146954,12,2.247
MNIST,GrassmannHRD,10,50,0,4060,0.158957,1033.305911,12,2.248
MNIST,GrassmannHRD,10,50,0,4061,0.166735,1033.472646,12,2.248
MNIST,GrassmannHRD,10,50,0,4062,0.283251,1033.755897,12,2.249
MNIST,GrassmannHRD,10,50,0,4063,0.166656,1033.922553,12,2.249
MNIST,GrassmannHRD,10,50,0,4064,0.222901,1034.145454,12,2.250
MNIST,GrassmannHRD,10,50,0,4065,0.198921,1034.344375,12,2.250
MNIST,GrassmannHRD,10,50,0,4066,0.192596,1034.536971,12,2.251
MNIST,GrassmannHRD,10,50,0,4067,0.331189,1034.868160,12,2.251
MNIST,GrassmannHRD,10,50,0,4068,0.314213,1035.182373,12,2.252
MNIST,GrassmannHRD,10,50,0,4069,0.177804,1035.360177,12,2.253
MNIST,GrassmannHRD,10,50,0,4070,0.182530,1035.542708,12,2.253
MNIST,GrassmannHRD,10,50,0,4071,0.292510,1035.835218,12,2.254
MNIST,GrassmannHRD,10,50,0,4072,0.076045,1035.911263,12,2.254
MNIST,GrassmannHRD,10,50,0,4073,0.258460,1036.169723,12,2.255
MNIST,GrassmannHRD,10,50,0,4074,0.318089,1036.487812,12,2.255
MNIST,GrassmannHRD,10,50,0,4075,0.283312,1036.771124,12,2.256
MNIST,GrassmannHRD,10,50,0,4076,0.174245,1036.945369,12,2.256
MNIST,GrassmannHRD,10,50,0,4077,0.302377,1037.247746,12,2.257
MNIST,GrassmannHRD,10,50,0,4078,0.241470,1037.489216,12,2.258
MNIST,GrassmannHRD,10,50,0,4079,0.109541,1037.598757,12,2.258
MNIST,GrassmannHRD,10,50,0,4080,0.396150,1037.994907,12,2.259
MNIST,GrassmannHRD,10,50,0,4081,0.482476,1038.477383,12,2.259
MNIST,GrassmannHRD,10,50,0,4082,0.215486,1038.692869,12,2.260
MNIST,GrassmannHRD,10,50,0,4083,0.223903,1038.916771,12,2.260
MNIST,GrassmannHRD,10,50,0,4084,0.308005,1039.224776,12,2.261
MNIST,GrassmannHRD,10,50,0,4085,0.194030,1039.418806,12,2.261
MNIST,GrassmannHRD,10,50,0,4086,0.287214,1039.706021,12,2.262
MNIST,GrassmannHRD,10,50,0,4087,0.179288,1039.885308,12,2.262
MNIST,GrassmannHRD,10,50,0,4088,0.224851,1040.110159,12,2.263
MNIST,GrassmannHRD,10,50,0,4089,0.254549,1040.364708,12,2.264
MNIST,GrassmannHRD,10,50,0,4090,0.274634,1040.639342,12,2.264
MNIST,GrassmannHRD,10,50,0,4091,0.210608,1040.849950,12,2.265
MNIST,GrassmannHRD,10,50,0,4092,0.265551,1041.115501,12,2.265
MNIST,GrassmannHRD,10,50,0,4093,0.233223,1041.348724,12,2.266
MNIST,GrassmannHRD,10,50,0,4094,0.259692,1041.608416,12,2.266
MNIST,GrassmannHRD,10,50,0,4095,0.178968,1041.787384,12,2.267
MNIST,GrassmannHRD,10,50,0,4096,0.244136,1042.031520,12,2.267
MNIST,GrassmannHRD,10,50,0,4097,0.220299,1042.251819,12,2.268
MNIST,GrassmannHRD,10,50,0,4098,0.260165,1042.511984,12,2.268
MNIST,GrassmannHRD,10,50,0,4099,0.181986,1042.693971,12,2.269
MNIST,GrassmannHRD,10,50,0,4100,0.244691,1042.938662,12,2.270
MNIST,GrassmannHRD,10,50,0,4101,0.217063,1043.155725,12,2.270
MNIST,GrassmannHRD,10,50,0,4102,0.240664,1043.396388,12,2.271
MNIST,GrassmannHRD,10,50,0,4103,0.305256,1043.701644,12,2.271
MNIST,GrassmannHRD,10,50,0,4104,0.128618,1043.830262,12,2.272
MNIST,GrassmannHRD,10,50,0,4105,0.223808,1044.054070,12,2.272
MNIST,GrassmannHRD,10,50,0,4106,0.217584,1044.271654,12,2.273
MNIST,GrassmannHRD,10,50,0,4107,0.181752,1044.453406,12,2.273
MNIST,GrassmannHRD,10,50,0,4108,0.352551,1044.805957,12,2.274
MNIST,GrassmannHRD,10,50,0,4109,0.277333,1045.083290,12,2.274
MNIST,GrassmannHRD,10,50,0,4110,0.198960,1045.282249,12,2.275
MNIST,GrassmannHRD,10,50,0,4111,0.200294,1045.482543,12,2.275
MNIST,GrassmannHRD,10,50,0,4112,0.223675,1045.706218,12,2.276
MNIST,GrassmannHRD,10,50,0,4113,0.204561,1045.910780,12,2.277
MNIST,GrassmannHRD,10,50,0,4114,0.138736,1046.049516,12,2.277
MNIST,GrassmannHRD,10,50,0,4115,0.242343,1046.291859,12,2.278
MNIST,GrassmannHRD,10,50,0,4116,0.233531,1046.525390,12,2.278
MNIST,GrassmannHRD,10,50,0,4117,0.197528,1046.722919,12,2.279
MNIST,GrassmannHRD,10,50,0,4118,0.398928,1047.121847,12,2.279
MNIST,GrassmannHRD,10,50,0,4119,0.290326,1047.412173,12,2.280
MNIST,GrassmannHRD,10,50,0,4120,0.251369,1047.663541,12,2.280
MNIST,GrassmannHRD,10,50,0,4121,0.406229,1048.069771,12,2.281
MNIST,GrassmannHRD,10,50,0,4122,0.346197,1048.415967,12,2.281
MNIST,GrassmannHRD,10,50,0,4123,0.214838,1048.630805,12,2.282
MNIST,GrassmannHRD,10,50,0,4124,0.099189,1048.729995,12,2.282
MNIST,GrassmannHRD,10,50,0,4125,0.384085,1049.114080,12,2.283
MNIST,GrassmannHRD,10,50,0,4126,0.271675,1049.385755,12,2.283
MNIST,GrassmannHRD,10,50,0,4127,0.388861,1049.774616,12,2.284
MNIST,GrassmannHRD,10,50,0,4128,0.311212,1050.085829,12,2.285
MNIST,GrassmannHRD,10,50,0,4129,0.320402,1050.406231,12,2.285
MNIST,GrassmannHRD,10,50,0,4130,0.288280,1050.694511,12,2.286
MNIST,GrassmannHRD,10,50,0,4131,0.131003,1050.825514,12,2.286
MNIST,GrassmannHRD,10,50,0,4132,0.128677,1050.954190,12,2.287
MNIST,GrassmannHRD,10,50,0,4133,0.153560,1051.107750,12,2.287
MNIST,GrassmannHRD,10,50,0,4134,0.304869,1051.412620,12,2.288
MNIST,GrassmannHRD,10,50,0,4135,0.455529,1051.868148,12,2.288
MNIST,GrassmannHRD,10,50,0,4136,0.238103,1052.106251,12,2.289
MNIST,GrassmannHRD,10,50,0,4137,0.190541,1052.296792,12,2.289
MNIST,GrassmannHRD,10,50,0,4138,0.348465,1052.645258,12,2.290
MNIST,GrassmannHRD,10,50,0,4139,0.200378,1052.845636,12,2.290
MNIST,GrassmannHRD,10,50,0,4140,0.143015,1052.988651,12,2.291
MNIST,GrassmannHRD,10,50,0,4141,0.317517,1053.306169,12,2.291
MNIST,GrassmannHRD,10,50,0,4142,0.281056,1053.587225,12,2.292
MNIST,GrassmannHRD,10,50,0,4143,0.122658,1053.709883,12,2.293
MNIST,GrassmannHRD,10,50,0,4144,0.298852,1054.008736,12,2.293
MNIST,GrassmannHRD,10,50,0,4145,0.230545,1054.239281,12,2.294
MNIST,GrassmannHRD,10,50,0,4146,0.282253,1054.521534,12,2.294
MNIST,GrassmannHRD,10,50,0,4147,0.395145,1054.916680,12,2.295
MNIST,GrassmannHRD,10,50,0,4148,0.250658,1055.167337,12,2.295
MNIST,GrassmannHRD,10,50,0,4149,0.304837,1055.472174,12,2.296
MNIST,GrassmannHRD,10,50,0,4150,0.243654,1055.715828,12,2.297
MNIST,GrassmannHRD,10,50,0,4151,0.207350,1055.923178,12,2.297
MNIST,GrassmannHRD,10,50,0,4152,0.133679,1056.056857,12,2.298
MNIST,GrassmannHRD,10,50,0,4153,0.288113,1056.344970,12,2.298
MNIST,GrassmannHRD,10,50,0,4154,0.114262,1056.459232,12,2.299
MNIST,GrassmannHRD,10,50,0,4155,0.306355,1056.765586,12,2.299
MNIST,GrassmannHRD,10,50,0,4156,0.323101,1057.088688,12,2.300
MNIST,GrassmannHRD,10,50,0,4157,0.274588,1057.363276,12,2.300
MNIST,GrassmannHRD,10,50,0,4158,0.192279,1057.555555,12,2.301
MNIST,GrassmannHRD,10,50,0,4159,0.143364,1057.698919,12,2.301
MNIST,GrassmannHRD,10,50,0,4160,0.264439,1057.963358,12,2.302
MNIST,GrassmannHRD,10,50,0,4161,0.305059,1058.268417,12,2.302
MNIST,GrassmannHRD,10,50,0,4162,0.190571,1058.458988,12,2.303
MNIST,GrassmannHRD,10,50,0,4163,0.105633,1058.564621,12,2.304
MNIST,GrassmannHRD,10,50,0,4164,0.245914,1058.810535,12,2.304
MNIST,GrassmannHRD,10,50,0,4165,0.443050,1059.253585,12,2.305
MNIST,GrassmannHRD,10,50,0,4166,0.183123,1059.436708,12,2.305
MNIST,GrassmannHRD,10,50,0,4167,0.221361,1059.658069,12,2.306
MNIST,GrassmannHRD,10,50,0,4168,0.227758,1059.885827,12,2.306
MNIST,GrassmannHRD,10,50,0,4169,0.398609,1060.284436,12,2.307
MNIST,GrassmannHRD,10,50,0,4170,0.245183,1060.529619,12,2.307
MNIST,GrassmannHRD,10,50,0,4171,0.176379,1060.705998,12,2.308
MNIST,GrassmannHRD,10,50,0,4172,0.507782,1061.213779,12,2.308
MNIST,GrassmannHRD,10,50,0,4173,0.240674,1061.454453,12,2.309
MNIST,GrassmannHRD,10,50,0,4174,0.171839,1061.626292,12,2.309
MNIST,GrassmannHRD,10,50,0,4175,0.175536,1061.801828,12,2.310
MNIST,GrassmannHRD,10,50,0,4176,0.249817,1062.051645,12,2.310
MNIST,GrassmannHRD,10,50,0,4177,0.216145,1062.267790,12,2.311
MNIST,GrassmannHRD,10,50,0,4178,0.301715,1062.569505,12,2.311
MNIST,GrassmannHRD,10,50,0,4179,0.273534,1062.843039,12,2.312
MNIST,GrassmannHRD,10,50,0,4180,0.160207,1063.003246,12,2.313
MNIST,GrassmannHRD,10,50,0,4181,0.148695,1063.151941,12,2.313
MNIST,GrassmannHRD,10,50,0,4182,0.173191,1063.325132,12,2.314
MNIST,GrassmannHRD,10,50,0,4183,0.181930,1063.507062,12,2.314
MNIST,GrassmannHRD,10,50,0,4184,0.528366,1064.035428,12,2.315
MNIST,GrassmannHRD,10,50,0,4185,0.141160,1064.176588,12,2.315
MNIST,GrassmannHRD,10,50,0,4186,0.319286,1064.495874,12,2.316
MNIST,GrassmannHRD,10,50,0,4187,0.332787,1064.828661,12,2.316
MNIST,GrassmannHRD,10,50,0,4188,0.333683,1065.162344,12,2.317
MNIST,GrassmannHRD,10,50,0,4189,0.248594,1065.410937,12,2.317
MNIST,GrassmannHRD,10,50,0,4190,0.314392,1065.725329,12,2.318
MNIST,GrassmannHRD,10,50,0,4191,0.204861,1065.930191,12,2.318
MNIST,GrassmannHRD,10,50,0,4192,0.249940,1066.180131,12,2.319
MNIST,GrassmannHRD,10,50,0,4193,0.230323,1066.410455,12,2.319
MNIST,GrassmannHRD,10,50,0,4194,0.160522,1066.570977,12,2.320
MNIST,GrassmannHRD,10,50,0,4195,0.343808,1066.914785,12,2.320
MNIST,GrassmannHRD,10,50,0,4196,0.184427,1067.099212,12,2.321
MNIST,GrassmannHRD,10,50,0,4197,0.135005,1067.234217,12,2.321
MNIST,GrassmannHRD,10,50,0,4198,0.194626,1067.428842,12,2.322
MNIST,GrassmannHRD,10,50,0,4199,0.038864,1067.467707,12,2.322
MNIST,GrassmannHRD,10,50,0,4200,0.100554,1067.568261,12,2.323
MNIST,GrassmannHRD,10,50,0,4201,0.452752,1068.021013,12,2.324
MNIST,GrassmannHRD,10,50,0,4202,0.242912,1068.263925,12,2.324
MNIST,GrassmannHRD,10,50,0,4203,0.399760,1068.663686,12,2.325
MNIST,GrassmannHRD,10,50,0,4204,0.258609,1068.922295,12,2.325
MNIST,GrassmannHRD,10,50,0,4205,0.160833,1069.083128,12,2.326
MNIST,GrassmannHRD,10,50,0,4206,0.281995,1069.365123,12,2.326
MNIST,GrassmannHRD,10,50,0,4207,0.320159,1069.685282,12,2.327
MNIST,GrassmannHRD,10,50,0,4208,0.287156,1069.972438,12,2.327
MNIST,GrassmannHRD,10,50,0,4209,0.132524,1070.104962,12,2.328
MNIST,GrassmannHRD,10,50,0,4210,0.299620,1070.404582,12,2.328
MNIST,GrassmannHRD,10,50,0,4211,0.244325,1070.648907,12,2.329
MNIST,GrassmannHRD,10,50,0,4212,0.185626,1070.834533,12,2.329
MNIST,GrassmannHRD,10,50,0,4213,0.223864,1071.058398,12,2.330
MNIST,GrassmannHRD,10,50,0,4214,0.141271,1071.199668,12,2.330
MNIST,GrassmannHRD,10,50,0,4215,0.193691,1071.393360,12,2.331
MNIST,GrassmannHRD,10,50,0,4216,0.297810,1071.691169,12,2.332
MNIST,GrassmannHRD,10,50,0,4217,0.260063,1071.951233,12,2.332
MNIST,GrassmannHRD,10,50,0,4218,0.196496,1072.147728,12,2.333
MNIST,GrassmannHRD,10,50,0,4219,0.401398,1072.549126,12,2.333
MNIST,GrassmannHRD,10,50,0,4220,0.323283,1072.872409,12,2.334
MNIST,GrassmannHRD,10,50,0,4221,0.260561,1073.132970,12,2.334
MNIST,GrassmannHRD,10,50,0,4222,0.206222,1073.339192,12,2.335
MNIST,GrassmannHRD,10,50,0,4223,0.270320,1073.609512,12,2.335
MNIST,GrassmannHRD,10,50,0,4224,0.183767,1073.793279,12,2.336
MNIST,GrassmannHRD,10,50,0,4225,0.163292,1073.956571,12,2.336
MNIST,GrassmannHRD,10,50,0,4226,0.320591,1074.277161,12,2.337
MNIST,GrassmannHRD,10,50,0,4227,0.338367,1074.615529,12,2.337
MNIST,GrassmannHRD,10,50,0,4228,0.274030,1074.889559,12,2.338
MNIST,GrassmannHRD,10,50,0,4229,0.292721,1075.182279,12,2.338
MNIST,GrassmannHRD,10,50,0,4230,0.285238,1075.467517,12,2.339
MNIST,GrassmannHRD,10,50,0,4231,0.306084,1075.773601,12,2.339
MNIST,GrassmannHRD,10,50,0,4232,0.195320,1075.968921,12,2.340
MNIST,GrassmannHRD,10,50,0,4233,0.114525,1076.083446,12,2.341
MNIST,GrassmannHRD,10,50,0,4234,0.208157,1076.291603,12,2.341
MNIST,GrassmannHRD,10,50,0,4235,0.271378,1076.562981,12,2.342
MNIST,GrassmannHRD,10,50,0,4236,0.292409,1076.855390,12,2.343
MNIST,GrassmannHRD,10,50,0,4237,0.338032,1077.193422,12,2.343
MNIST,GrassmannHRD,10,50,0,4238,0.220663,1077.414085,12,2.344
MNIST,GrassmannHRD,10,50,0,4239,0.283065,1077.697150,12,2.345
MNIST,GrassmannHRD,10,50,0,4240,0.233333,1077.930483,12,2.345
MNIST,GrassmannHRD,10,50,0,4241,0.261674,1078.192158,12,2.346
MNIST,GrassmannHRD,10,50,0,4242,0.339015,1078.531172,12,2.346
MNIST,GrassmannHRD,10,50,0,4243,0.354552,1078.885724,12,2.347
MNIST,GrassmannHRD,10,50,0,4244,0.212610,1079.098335,12,2.347
MNIST,GrassmannHRD,10,50,0,4245,0.177085,1079.275420,12,2.348
MNIST,GrassmannHRD,10,50,0,4246,0.280626,1079.556046,12,2.348
MNIST,GrassmannHRD,10,50,0,4247,0.242053,1079.798099,12,2.349
MNIST,GrassmannHRD,10,50,0,4248,0.322459,1080.120557,12,2.349
MNIST,GrassmannHRD,10,50,0,4249,0.184843,1080.305400,12,2.350
MNIST,GrassmannHRD,10,50,0,4250,0.313592,1080.618992,12,2.351
MNIST,GrassmannHRD,10,50,0,4251,0.205197,1080.824188,12,2.351
MNIST,GrassmannHRD,10,50,0,4252,0.176263,1081.000451,12,2.352
MNIST,GrassmannHRD,10,50,0,4253,0.193210,1081.193661,12,2.352
MNIST,GrassmannHRD,10,50,0,4254,0.346220,1081.539881,12,2.353
MNIST,GrassmannHRD,10,50,0,4255,0.236493,1081.776374,12,2.353
MNIST,GrassmannHRD,10,50,0,4256,0.299049,1082.075423,12,2.354
MNIST,GrassmannHRD,10,50,0,4257,0.279574,1082.354997,12,2.354
MNIST,GrassmannHRD,10,50,0,4258,0.359061,1082.714057,12,2.355
MNIST,GrassmannHRD,10,50,0,4259,0.145873,1082.859930,12,2.356
MNIST,GrassmannHRD,10,50,0,4260,0.070385,1082.930315,12,2.357
MNIST,GrassmannHRD,10,50,0,4261,0.212715,1083.143030,12,2.357
MNIST,GrassmannHRD,10,50,0,4262,0.262341,1083.405371,12,2.358
MNIST,GrassmannHRD,10,50,0,4263,0.159390,1083.564761,12,2.358
MNIST,GrassmannHRD,10,50,0,4264,0.489349,1084.054110,12,2.359
MNIST,GrassmannHRD,10,50,0,4265,0.239311,1084.293421,12,2.359
MNIST,GrassmannHRD,10,50,0,4266,0.251114,1084.544535,12,2.360
MNIST,GrassmannHRD,10,50,0,4267,0.199632,1084.744167,12,2.360
MNIST,GrassmannHRD,10,50,0,4268,0.255120,1084.999287,12,2.361
MNIST,GrassmannHRD,10,50,0,4269,0.195632,1085.194919,12,2.362
MNIST,GrassmannHRD,10,50,0,4270,0.416261,1085.611180,12,2.362
MNIST,GrassmannHRD,10,50,0,4271,0.489195,1086.100375,12,2.363
MNIST,GrassmannHRD,10,50,0,4272,0.149604,1086.249979,12,2.363
MNIST,GrassmannHRD,10,50,0,4273,0.195621,1086.445600,12,2.364
MNIST,GrassmannHRD,10,50,0,4274,0.277371,1086.722971,12,2.364
MNIST,GrassmannHRD,10,50,0,4275,0.257030,1086.980001,12,2.365
MNIST,GrassmannHRD,10,50,0,4276,0.217931,1087.197932,12,2.365
MNIST,GrassmannHRD,10,50,0,4277,0.322599,1087.520531,12,2.366
MNIST,GrassmannHRD,10,50,0,4278,0.283835,1087.804366,12,2.366
MNIST,GrassmannHRD,10,50,0,4279,0.395022,1088.199388,12,2.367
MNIST,GrassmannHRD,10,50,0,4280,0.258117,1088.457505,12,2.367
MNIST,GrassmannHRD,10,50,0,4281,0.200488,1088.657993,12,2.368
MNIST,GrassmannHRD,10,50,0,4282,0.116052,1088.774045,12,2.368
MNIST,GrassmannHRD,10,50,0,4283,0.350589,1089.124635,12,2.369
MNIST,GrassmannHRD,10,50,0,4284,0.100617,1089.225252,12,2.369
MNIST,GrassmannHRD,10,50,0,4285,0.255145,1089.480397,12,2.370
MNIST,GrassmannHRD,10,50,0,4286,0.284388,1089.764785,12,2.370
MNIST,GrassmannHRD,10,50,0,4287,0.382801,1090.147586,12,2.371
MNIST,GrassmannHRD,10,50,0,4288,0.150106,1090.297691,12,2.371
MNIST,GrassmannHRD,10,50,0,4289,0.206562,1090.504253,12,2.372
MNIST,GrassmannHRD,10,50,0,4290,0.139600,1090.643853,12,2.372
MNIST,GrassmannHRD,10,50,0,4291,0.259886,1090.903739,12,2.373
MNIST,GrassmannHRD,10,50,0,4292,0.293038,1091.196777,12,2.374
MNIST,GrassmannHRD,10,50,0,4293,0.256296,1091.453072,12,2.374
MNIST,GrassmannHRD,10,50,0,4294,0.072707,1091.525780,12,2.375
MNIST,GrassmannHRD,10,50,0,4295,0.391296,1091.917075,12,2.375
MNIST,GrassmannHRD,10,50,0,4296,0.197135,1092.114211,12,2.376
MNIST,GrassmannHRD,10,50,0,4297,0.255104,1092.369315,12,2.376
MNIST,GrassmannHRD,10,50,0,4298,0.161596,1092.530911,12,2.377
MNIST,GrassmannHRD,10,50,0,4299,0.194109,1092.725019,12,2.377
MNIST,GrassmannHRD,10,50,0,4300,0.126802,1092.851821,12,2.378
MNIST,GrassmannHRD,10,50,0,4301,0.204490,1093.056311,12,2.378
MNIST,GrassmannHRD,10,50,0,4302,0.262513,1093.318824,12,2.379
MNIST,GrassmannHRD,10,50,0,4303,0.450923,1093.769747,12,2.379
MNIST,GrassmannHRD,10,50,0,4304,0.196882,1093.966629,12,2.380
MNIST,GrassmannHRD,10,50,0,4305,0.318393,1094.285022,12,2.381
MNIST,GrassmannHRD,10,50,0,4306,0.094794,1094.379816,12,2.381
MNIST,GrassmannHRD,10,50,0,4307,0.181368,1094.561185,12,2.382
MNIST,GrassmannHRD,10,50,0,4308,0.418496,1094.979681,12,2.382
MNIST,GrassmannHRD,10,50,0,4309,0.228195,1095.207876,12,2.383
MNIST,GrassmannHRD,10,50,0,4310,0.146473,1095.354349,12,2.383
MNIST,GrassmannHRD,10,50,0,4311,0.166576,1095.520925,12,2.384
MNIST,GrassmannHRD,10,50,0,4312,0.202892,1095.723817,12,2.384
MNIST,GrassmannHRD,10,50,0,4313,0.114712,1095.838528,12,2.385
MNIST,GrassmannHRD,10,50,0,4314,0.401861,1096.240389,12,2.385
MNIST,GrassmannHRD,10,50,0,4315,0.175754,1096.416144,12,2.386
MNIST,GrassmannHRD,10,50,0,4316,0.276089,1096.692233,12,2.386
MNIST,GrassmannHRD,10,50,0,4317,0.131532,1096.823764,12,2.387
MNIST,GrassmannHRD,10,50,0,4318,0.349089,1097.172853,12,2.387
MNIST,GrassmannHRD,10,50,0,4319,0.386128,1097.558981,12,2.388
MNIST,GrassmannHRD,10,50,0,4320,0.180591,1097.739572,12,2.389
MNIST,GrassmannHRD,10,50,0,4321,0.246418,1097.985990,12,2.389
MNIST,GrassmannHRD,10,50,0,4322,0.254657,1098.240647,12,2.390
MNIST,GrassmannHRD,10,50,0,4323,0.290297,1098.530944,12,2.390
MNIST,GrassmannHRD,10,50,0,4324,0.218832,1098.749776,12,2.391
MNIST,GrassmannHRD,10,50,0,4325,0.300607,1099.050383,12,2.391
MNIST,GrassmannHRD,10,50,0,4326,0.388043,1099.438426,12,2.392
MNIST,GrassmannHRD,10,50,0,4327,0.271209,1099.709635,12,2.392
MNIST,GrassmannHRD,10,50,0,4328,0.241166,1099.950801,12,2.393
MNIST,GrassmannHRD,10,50,0,4329,0.181822,1100.132623,12,2.393
MNIST,GrassmannHRD,10,50,0,4330,0.154818,1100.287441,12,2.394
MNIST,GrassmannHRD,10,50,0,4331,0.314394,1100.601835,12,2.394
MNIST,GrassmannHRD,10,50,0,4332,0.272230,1100.874065,12,2.395
MNIST,GrassmannHRD,10,50,0,4333,0.195999,1101.070064,12,2.396
MNIST,GrassmannHRD,10,50,0,4334,0.232799,1101.302863,12,2.396
MNIST,GrassmannHRD,10,50,0,4335,0.272835,1101.575698,12,2.397
MNIST,GrassmannHRD,10,50,0,4336,0.178285,1101.753983,12,2.397
MNIST,GrassmannHRD,10,50,0,4337,0.324085,1102.078067,12,2.398
MNIST,GrassmannHRD,10,50,0,4338,0.169427,1102.247494,12,2.398
MNIST,GrassmannHRD,10,50,0,4339,0.214398,1102.461893,12,2.399
MNIST,GrassmannHRD,10,50,0,4340,0.386677,1102.848570,12,2.399
MNIST,GrassmannHRD,10,50,0,4341,0.296874,1103.145444,12,2.400
MNIST,GrassmannHRD,10,50,0,4342,0.340886,1103.486330,12,2.400
MNIST,GrassmannHRD,10,50,0,4343,0.359883,1103.846214,12,2.401
MNIST,GrassmannHRD,10,50,0,4344,0.523748,1104.369962,12,2.401
MNIST,GrassmannHRD,10,50,0,4345,0.300487,1104.670448,12,2.402
MNIST,GrassmannHRD,10,50,0,4346,0.282846,1104.953295,12,2.402
MNIST,GrassmannHRD,10,50,0,4347,0.200819,1105.154113,12,2.403
MNIST,GrassmannHRD,10,50,0,4348,0.216462,1105.370575,12,2.403
MNIST,GrassmannHRD,10,50,0,4349,0.131201,1105.501776,12,2.404
MNIST,GrassmannHRD,10,50,0,4350,0.236071,1105.737847,12,2.405
MNIST,GrassmannHRD,10,50,0,4351,0.118258,1105.856105,12,2.406
MNIST,GrassmannHRD,10,50,0,4352,0.189752,1106.045856,12,2.406
MNIST,GrassmannHRD,10,50,0,4353,0.336161,1106.382017,12,2.407
MNIST,GrassmannHRD,10,50,0,4354,0.292645,1106.674663,12,2.407
MNIST,GrassmannHRD,10,50,0,4355,0.170830,1106.845493,12,2.408
MNIST,GrassmannHRD,10,50,0,4356,0.235009,1107.080502,12,2.409
MNIST,GrassmannHRD,10,50,0,4357,0.312283,1107.392785,12,2.409
MNIST,GrassmannHRD,10,50,0,4358,0.118781,1107.511566,12,2.410
MNIST,GrassmannHRD,10,50,0,4359,0.184913,1107.696479,12,2.410
MNIST,GrassmannHRD,10,50,0,4360,0.280791,1107.977271,12,2.411
MNIST,GrassmannHRD,10,50,0,4361,0.476152,1108.453423,12,2.411
MNIST,GrassmannHRD,10,50,0,4362,0.263174,1108.716597,12,2.412
MNIST,GrassmannHRD,10,50,0,4363,0.228631,1108.945227,12,2.412
MNIST,GrassmannHRD,10,50,0,4364,0.234643,1109.179871,12,2.413
MNIST,GrassmannHRD,10,50,0,4365,0.392266,1109.572136,12,2.413
MNIST,GrassmannHRD,10,50,0,4366,0.388166,1109.960302,12,2.414
MNIST,GrassmannHRD,10,50,0,4367,0.391989,1110.352291,12,2.414
MNIST,GrassmannHRD,10,50,0,4368,0.192490,1110.544781,12,2.415
MNIST,GrassmannHRD,10,50,0,4369,0.211780,1110.756561,12,2.415
MNIST,GrassmannHRD,10,50,0,4370,0.250276,1111.006837,12,2.416
MNIST,GrassmannHRD,10,50,0,4371,0.301049,1111.307886,12,2.416
MNIST,GrassmannHRD,10,50,0,4372,0.178183,1111.486069,12,2.417
MNIST,GrassmannHRD,10,50,0,4373,0.158270,1111.644339,12,2.417
MNIST,GrassmannHRD,10,50,0,4374,0.337502,1111.981841,12,2.418
MNIST,GrassmannHRD,10,50,0,4375,0.152036,1112.133877,12,2.418
MNIST,GrassmannHRD,10,50,0,4376,0.195917,1112.329795,12,2.419
MNIST,GrassmannHRD,10,50,0,4377,0.304730,1112.634525,12,2.420
MNIST,GrassmannHRD,10,50,0,4378,0.065157,1112.699682,12,2.420
MNIST,GrassmannHRD,10,50,0,4379,0.188965,1112.888647,12,2.421
MNIST,GrassmannHRD,10,50,0,4380,0.183955,1113.072602,12,2.421
MNIST,GrassmannHRD,10,50,0,4381,0.178670,1113.251272,12,2.422
MNIST,GrassmannHRD,10,50,0,4382,0.210966,1113.462238,12,2.422
MNIST,GrassmannHRD,10,50,0,4383,0.227091,1113.689329,12,2.423
MNIST,GrassmannHRD,10,50,0,4384,0.188059,1113.877388,12,2.423
MNIST,GrassmannHRD,10,50,0,4385,0.322548,1114.199936,12,2.424
MNIST,GrassmannHRD,10,50,0,4386,0.331595,1114.531531,12,2.425
MNIST,GrassmannHRD,10,50,0,4387,0.295420,1114.826951,12,2.425
MNIST,GrassmannHRD,10,50,0,4388,0.281969,1115.108920,12,2.426
MNIST,GrassmannHRD,10,50,0,4389,0.299795,1115.408715,12,2.426
MNIST,GrassmannHRD,10,50,0,4390,0.233443,1115.642158,12,2.427
MNIST,GrassmannHRD,10,50,0,4391,0.221636,1115.863794,12,2.427
MNIST,GrassmannHRD,10,50,0,4392,0.202934,1116.066728,12,2.428
MNIST,GrassmannHRD,10,50,0,4393,0.314384,1116.381112,12,2.428
MNIST,GrassmannHRD,10,50,0,4394,0.165791,1116.546903,12,2.429
MNIST,GrassmannHRD,10,50,0,4395,0.173709,1116.720612,12,2.429
MNIST,GrassmannHRD,10,50,0,4396,0.211939,1116.932551,12,2.430
MNIST,GrassmannHRD,10,50,0,4397,0.362086,1117.294637,12,2.430
MNIST,GrassmannHRD,10,50,0,4398,0.433009,1117.727647,12,2.431
MNIST,GrassmannHRD,10,50,0,4399,0.259629,1117.987276,12,2.431
MNIST,GrassmannHRD,10,50,0,4400,0.207228,1118.194504,12,2.432
MNIST,GrassmannHRD,10,50,0,4401,0.340934,1118.535438,12,2.433
MNIST,GrassmannHRD,10,50,0,4402,0.175727,1118.711165,12,2.433
MNIST,GrassmannHRD,10,50,0,4403,0.165174,1118.876338,12,2.434
MNIST,GrassmannHRD,10,50,0,4404,0.264178,1119.140516,12,2.434
MNIST,GrassmannHRD,10,50,0,4405,0.228491,1119.369007,12,2.435
MNIST,GrassmannHRD,10,50,0,4406,0.306541,1119.675548,12,2.435
MNIST,GrassmannHRD,10,50,0,4407,0.170709,1119.846257,12,2.436
MNIST,GrassmannHRD,10,50,0,4408,0.105780,1119.952037,12,2.436
MNIST,GrassmannHRD,10,50,0,4409,0.190065,1120.142102,12,2.437
MNIST,GrassmannHRD,10,50,0,4410,0.235013,1120.377115,12,2.437
MNIST,GrassmannHRD,10,50,0,4411,0.089512,1120.466628,12,2.438
MNIST,GrassmannHRD,10,50,0,4412,0.237444,1120.704072,12,2.438
MNIST,GrassmannHRD,10,50,0,4413,0.208183,1120.912255,12,2.439
MNIST,GrassmannHRD,10,50,0,4414,0.184980,1121.097234,12,2.439
MNIST,GrassmannHRD,10,50,0,4415,0.300444,1121.397678,12,2.440
MNIST,GrassmannHRD,10,50,0,4416,0.092149,1121.489828,12,2.441
MNIST,GrassmannHRD,10,50,0,4417,0.272683,1121.762511,12,2.441
MNIST,GrassmannHRD,10,50,0,4418,0.207785,1121.970296,12,2.442
MNIST,GrassmannHRD,10,50,0,4419,0.222757,1122.193054,12,2.442
MNIST,GrassmannHRD,10,50,0,4420,0.307209,1122.500263,12,2.443
MNIST,GrassmannHRD,10,50,0,4421,0.285278,1122.785540,12,2.443
MNIST,GrassmannHRD,10,50,0,4422,0.133046,1122.918587,12,2.444
MNIST,GrassmannHRD,10,50,0,4423,0.239205,1123.157792,12,2.444
MNIST,GrassmannHRD,10,50,0,4424,0.238364,1123.396156,12,2.445
MNIST,GrassmannHRD,10,50,0,4425,0.216213,1123.612369,12,2.445
MNIST,GrassmannHRD,10,50,0,4426,0.199737,1123.812105,12,2.446
MNIST,GrassmannHRD,10,50,0,4427,0.176181,1123.988287,12,2.446
MNIST,GrassmannHRD,10,50,0,4428,0.385749,1124.374036,12,2.447
MNIST,GrassmannHRD,10,50,0,4429,0.307486,1124.681522,12,2.447
MNIST,GrassmannHRD,10,50,0,4430,0.175798,1124.857320,12,2.448
MNIST,GrassmannHRD,10,50,0,4431,0.288567,1125.145887,12,2.449
MNIST,GrassmannHRD,10,50,0,4432,0.227376,1125.373263,12,2.449
MNIST,GrassmannHRD,10,50,0,4433,0.239862,1125.613125,12,2.450
MNIST,GrassmannHRD,10,50,0,4434,0.189089,1125.802215,12,2.450
MNIST,GrassmannHRD,10,50,0,4435,0.216132,1126.018347,12,2.451
MNIST,GrassmannHRD,10,50,0,4436,0.241194,1126.259541,12,2.451
MNIST,GrassmannHRD,10,50,0,4437,0.215364,1126.474904,12,2.452
MNIST,GrassmannHRD,10,50,0,4438,0.144060,1126.618965,12,2.452
MNIST,GrassmannHRD,10,50,0,4439,0.262869,1126.881833,12,2.453
MNIST,GrassmannHRD,10,50,0,4440,0.244990,1127.126824,12,2.453
MNIST,GrassmannHRD,10,50,0,4441,0.220531,1127.347355,12,2.454
MNIST,GrassmannHRD,10,50,0,4442,0.322012,1127.669367,12,2.454
MNIST,GrassmannHRD,10,50,0,4443,0.275596,1127.944964,12,2.455
MNIST,GrassmannHRD,10,50,0,4444,0.261739,1128.206703,12,2.456
MNIST,GrassmannHRD,10,50,0,4445,0.251239,1128.457942,12,2.456
MNIST,GrassmannHRD,10,50,0,4446,0.215883,1128.673825,12,2.457
MNIST,GrassmannHRD,10,50,0,4447,0.294699,1128.968524,12,2.457
MNIST,GrassmannHRD,10,50,0,4448,0.307742,1129.276266,12,2.458
MNIST,GrassmannHRD,10,50,0,4449,0.274357,1129.550622,12,2.458
MNIST,GrassmannHRD,10,50,0,4450,0.301736,1129.852358,12,2.459
MNIST,GrassmannHRD,10,50,0,4451,0.482622,1130.334980,12,2.459
MNIST,GrassmannHRD,10,50,0,4452,0.171751,1130.506732,12,2.460
MNIST,GrassmannHRD,10,50,0,4453,0.273099,1130.779831,12,2.461
MNIST,GrassmannHRD,10,50,0,4454,0.361456,1131.141287,12,2.461
MNIST,GrassmannHRD,10,50,0,4455,0.196538,1131.337825,12,2.462
MNIST,GrassmannHRD,10,50,0,4456,0.261250,1131.599075,12,2.462
MNIST,GrassmannHRD,10,50,0,4457,0.078210,1131.677285,12,2.463
MNIST,GrassmannHRD,10,50,0,4458,0.248248,1131.925533,12,2.463
MNIST,GrassmannHRD,10,50,0,4459,0.198075,1132.123608,12,2.464
MNIST,GrassmannHRD,10,50,0,4460,0.107838,1132.231446,12,2.464
MNIST,GrassmannHRD,10,50,0,4461,0.149743,1132.381189,12,2.465
MNIST,GrassmannHRD,10,50,0,4462,0.282196,1132.663385,12,2.465
MNIST,GrassmannHRD,10,50,0,4463,0.153997,1132.817382,12,2.466
MNIST,GrassmannHRD,10,50,0,4464,0.433099,1133.250482,12,2.467
MNIST,GrassmannHRD,10,50,0,4465,0.181262,1133.431743,12,2.467
MNIST,GrassmannHRD,10,50,0,4466,0.164338,1133.596082,12,2.468
MNIST,GrassmannHRD,10,50,0,4467,0.292943,1133.889024,12,2.468
MNIST,GrassmannHRD,10,50,0,4468,0.159419,1134.048443,12,2.469
MNIST,GrassmannHRD,10,50,0,4469,0.168535,1134.216978,12,2.469
MNIST,GrassmannHRD,10,50,0,4470,0.140329,1134.357306,12,2.470
MNIST,GrassmannHRD,10,50,0,4471,0.230644,1134.587950,12,2.470
MNIST,GrassmannHRD,10,50,0,4472,0.401094,1134.989044,12,2.471
MNIST,GrassmannHRD,10,50,0,4473,0.486077,1135.475121,12,2.471
MNIST,GrassmannHRD,10,50,0,4474,0.330147,1135.805268,12,2.472
MNIST,GrassmannHRD,10,50,0,4475,0.143937,1135.949205,12,2.472
MNIST,GrassmannHRD,10,50,0,4476,0.122266,1136.071471,12,2.473
MNIST,GrassmannHRD,10,50,0,4477,0.300141,1136.371612,12,2.473
MNIST,GrassmannHRD,10,50,0,4478,0.252440,1136.624053,12,2.474
MNIST,GrassmannHRD,10,50,0,4479,0.427610,1137.051662,12,2.474
MNIST,GrassmannHRD,10,50,0,4480,0.353527,1137.405189,12,2.475
MNIST,GrassmannHRD,10,50,0,4481,0.262596,1137.667785,12,2.476
MNIST,GrassmannHRD,10,50,0,4482,0.218185,1137.885971,12,2.476
MNIST,GrassmannHRD,10,50,0,4483,0.136442,1138.022412,12,2.477
MNIST,GrassmannHRD,10,50,0,4484,0.418777,1138.441189,12,2.477
MNIST,GrassmannHRD,10,50,0,4485,0.293696,1138.734884,12,2.478
MNIST,GrassmannHRD,10,50,0,4486,0.274937,1139.009821,12,2.478
MNIST,GrassmannHRD,10,50,0,4487,0.212136,1139.221957,12,2.479
MNIST,GrassmannHRD,10,50,0,4488,0.254502,1139.476459,12,2.479
MNIST,GrassmannHRD,10,50,0,4489,0.183741,1139.660200,12,2.480
MNIST,GrassmannHRD,10,50,0,4490,0.069751,1139.729951,12,2.480
MNIST,GrassmannHRD,10,50,0,4491,0.208337,1139.938289,12,2.481
MNIST,GrassmannHRD,10,50,0,4492,0.424629,1140.362918,12,2.481
MNIST,GrassmannHRD,10,50,0,4493,0.221844,1140.584762,12,2.482
MNIST,GrassmannHRD,10,50,0,4494,0.327909,1140.912671,12,2.482
MNIST,GrassmannHRD,10,50,0,4495,0.165303,1141.077974,12,2.483
MNIST,GrassmannHRD,10,50,0,4496,0.240051,1141.318025,12,2.483
MNIST,GrassmannHRD,10,50,0,4497,0.121930,1141.439955,12,2.484
MNIST,GrassmannHRD,10,50,0,4498,0.193201,1141.633156,12,2.485
MNIST,GrassmannHRD,10,50,0,4499,0.346190,1141.979346,12,2.485
MNIST,GrassmannHRD,10,50,0,4500,0.349421,1142.328767,12,2.486
MNIST,GrassmannHRD,10,50,0,4501,0.181825,1142.510592,12,2.486
MNIST,GrassmannHRD,10,50,0,4502,0.210699,1142.721291,12,2.487
MNIST,GrassmannHRD,10,50,0,4503,0.195924,1142.917215,12,2.487
MNIST,GrassmannHRD,10,50,0,4504,0.301669,1143.218884,12,2.488
MNIST,GrassmannHRD,10,50,0,4505,0.284100,1143.502984,12,2.489
MNIST,GrassmannHRD,10,50,0,4506,0.414653,1143.917637,12,2.489
MNIST,GrassmannHRD,10,50,0,4507,0.252703,1144.170341,12,2.490
MNIST,GrassmannHRD,10,50,0,4508,0.222633,1144.392974,12,2.490
MNIST,GrassmannHRD,10,50,0,4509,0.200498,1144.593472,12,2.491
MNIST,GrassmannHRD,10,50,0,4510,0.299272,1144.892743,12,2.491
MNIST,GrassmannHRD,10,50,0,4511,0.190976,1145.083720,12,2.492
MNIST,GrassmannHRD,10,50,0,4512,0.332863,1145.416583,12,2.492
MNIST,GrassmannHRD,10,50,0,4513,0.124938,1145.541521,12,2.493
MNIST,GrassmannHRD,10,50,0,4514,0.350226,1145.891748,12,2.493
MNIST,GrassmannHRD,10,50,0,4515,0.122317,1146.014065,12,2.494
MNIST,GrassmannHRD,10,50,0,4516,0.357299,1146.371363,12,2.494
MNIST,GrassmannHRD,10,50,0,4517,0.218165,1146.589528,12,2.495
MNIST,GrassmannHRD,10,50,0,4518,0.304801,1146.894329,12,2.496
MNIST,GrassmannHRD,10,50,0,4519,0.322400,1147.216729,12,2.496
MNIST,GrassmannHRD,10,50,0,4520,0.283939,1147.500668,12,2.497
MNIST,GrassmannHRD,10,50,0,4521,0.307415,1147.808083,12,2.497
MNIST,GrassmannHRD,10,50,0,4522,0.220268,1148.028351,12,2.498
MNIST,GrassmannHRD,10,50,0,4523,0.318810,1148.347161,12,2.498
MNIST,GrassmannHRD,10,50,0,4524,0.407511,1148.754672,12,2.499
MNIST,GrassmannHRD,10,50,0,4525,0.281881,1149.036553,12,2.499
MNIST,GrassmannHRD,10,50,0,4526,0.037673,1149.074226,12,2.500
MNIST,GrassmannHRD,10,50,0,4527,0.496841,1149.571067,12,2.500
MNIST,GrassmannHRD,10,50,0,4528,0.190290,1149.761357,12,2.501
MNIST,GrassmannHRD,10,50,0,4529,0.246919,1150.008275,12,2.501
MNIST,GrassmannHRD,10,50,0,4530,0.148735,1150.157011,12,2.502
MNIST,GrassmannHRD,10,50,0,4531,0.142082,1150.299092,12,2.502
MNIST,GrassmannHRD,10,50,0,4532,0.264754,1150.563846,12,2.503
MNIST,GrassmannHRD,10,50,0,4533,0.139729,1150.703574,12,2.503
MNIST,GrassmannHRD,10,50,0,4534,0.137528,1150.841103,12,2.504
MNIST,GrassmannHRD,10,50,0,4535,0.137001,1150.978104,12,2.505
MNIST,GrassmannHRD,10,50,0,4536,0.293089,1151.271192,12,2.505
MNIST,GrassmannHRD,10,50,0,4537,0.277047,1151.548239,12,2.506
MNIST,GrassmannHRD,10,50,0,4538,0.345058,1151.893297,12,2.506
MNIST,GrassmannHRD,10,50,0,4539,0.218058,1152.111355,12,2.507
MNIST,GrassmannHRD,10,50,0,4540,0.157796,1152.269151,12,2.507
MNIST,GrassmannHRD,10,50,0,4541,0.199354,1152.468506,12,2.508
MNIST,GrassmannHRD,10,50,0,4542,0.370808,1152.839314,12,2.508
MNIST,GrassmannHRD,10,50,0,4543,0.188346,1153.027660,12,2.509
MNIST,GrassmannHRD,10,50,0,4544,0.358690,1153.386350,12,2.509
MNIST,GrassmannHRD,10,50,0,4545,0.375857,1153.762207,12,2.510
MNIST,GrassmannHRD,10,50,0,4546,0.240670,1154.002878,12,2.510
MNIST,GrassmannHRD,10,50,0,4547,0.322943,1154.325821,12,2.511
MNIST,GrassmannHRD,10,50,0,4548,0.112876,1154.438697,12,2.511
MNIST,GrassmannHRD,10,50,0,4549,0.267504,1154.706201,12,2.512
MNIST,GrassmannHRD,10,50,0,4550,0.275230,1154.981431,12,2.513
MNIST,GrassmannHRD,10,50,0,4551,0.203852,1155.185283,12,2.513
MNIST,GrassmannHRD,10,50,0,4552,0.351205,1155.536489,12,2.514
MNIST,GrassmannHRD,10,50,0,4553,0.133657,1155.670146,12,2.514
MNIST,GrassmannHRD,10,50,0,4554,0.102054,1155.772200,12,2.515
MNIST,GrassmannHRD,10,50,0,4555,0.258809,1156.031009,12,2.515
MNIST,GrassmannHRD,10,50,0,4556,0.326990,1156.358000,12,2.516
MNIST,GrassmannHRD,10,50,0,4557,0.362256,1156.720256,12,2.516
MNIST,GrassmannHRD,10,50,0,4558,0.281015,1157.001271,12,2.517
MNIST,GrassmannHRD,10,50,0,4559,0.213373,1157.214644,12,2.517
MNIST,GrassmannHRD,10,50,0,4560,0.124707,1157.339351,12,2.518
MNIST,GrassmannHRD,10,50,0,4561,0.399647,1157.738998,12,2.519
MNIST,GrassmannHRD,10,50,0,4562,0.213147,1157.952145,12,2.519
MNIST,GrassmannHRD,10,50,0,4563,0.417511,1158.369656,12,2.520
MNIST,GrassmannHRD,10,50,0,4564,0.165243,1158.534900,12,2.520
MNIST,GrassmannHRD,10,50,0,4565,0.208536,1158.743436,12,2.521
MNIST,GrassmannHRD,10,50,0,4566,0.173854,1158.917290,12,2.521
MNIST,GrassmannHRD,10,50,0,4567,0.296360,1159.213650,12,2.522
MNIST,GrassmannHRD,10,50,0,4568,0.231008,1159.444658,12,2.522
MNIST,GrassmannHRD,10,50,0,4569,0.158401,1159.603059,12,2.523
MNIST,GrassmannHRD,10,50,0,4570,0.241685,1159.844744,12,2.523
MNIST,GrassmannHRD,10,50,0,4571,0.334841,1160.179585,12,2.524
MNIST,GrassmannHRD,10,50,0,4572,0.351506,1160.531091,12,2.524
MNIST,GrassmannHRD,10,50,0,4573,0.167426,1160.698517,12,2.525
MNIST,GrassmannHRD,10,50,0,4574,0.241030,1160.939547,12,2.525
MNIST,GrassmannHRD,10,50,0,4575,0.311584,1161.251131,12,2.526
MNIST,GrassmannHRD,10,50,0,4576,0.237206,1161.488338,12,2.527
MNIST,GrassmannHRD,10,50,0,4577,0.210992,1161.699330,12,2.527
MNIST,GrassmannHRD,10,50,0,4578,0.171455,1161.870785,12,2.528
MNIST,GrassmannHRD,10,50,0,4579,0.093731,1161.964516,12,2.528
MNIST,GrassmannHRD,10,50,0,4580,0.216402,1162.180918,12,2.529
MNIST,GrassmannHRD,10,50,0,4581,0.253478,1162.434396,12,2.529
MNIST,GrassmannHRD,10,50,0,4582,0.235315,1162.669711,12,2.530
MNIST,GrassmannHRD,10,50,0,4583,0.217161,1162.886872,12,2.530
MNIST,GrassmannHRD,10,50,0,4584,0.218967,1163.105839,12,2.531
MNIST,GrassmannHRD,10,50,0,4585,0.115709,1163.221548,12,2.532
MNIST,GrassmannHRD,10,50,0,4586,0.270157,1163.491705,12,2.532
MNIST,GrassmannHRD,10,50,0,4587,0.309471,1163.801176,12,2.533
MNIST,GrassmannHRD,10,50,0,4588,0.184611,1163.985787,12,2.533
MNIST,GrassmannHRD,10,50,0,4589,0.282115,1164.267902,12,2.534
MNIST,GrassmannHRD,10,50,0,4590,0.170636,1164.438538,12,2.534
MNIST,GrassmannHRD,10,50,0,4591,0.211831,1164.650369,12,2.535
MNIST,GrassmannHRD,10,50,0,4592,0.461565,1165.111934,12,2.535
MNIST,GrassmannHRD,10,50,0,4593,0.151790,1165.263723,12,2.536
MNIST,GrassmannHRD,10,50,0,4594,0.222765,1165.486488,12,2.536
MNIST,GrassmannHRD,10,50,0,4595,0.304157,1165.790645,12,2.537
MNIST,GrassmannHRD,10,50,0,4596,0.358095,1166.148740,12,2.537
MNIST,GrassmannHRD,10,50,0,4597,0.213138,1166.361878,12,2.538
MNIST,GrassmannHRD,10,50,0,4598,0.294631,1166.656509,12,2.538
MNIST,GrassmannHRD,10,50,0,4599,0.237220,1166.893729,12,2.539
MNIST,GrassmannHRD,10,50,0,4600,0.449257,1167.342985,12,2.540
MNIST,GrassmannHRD,10,50,0,4601,0.342060,1167.685045,12,2.540
MNIST,GrassmannHRD,10,50,0,4602,0.219465,1167.904510,12,2.541
MNIST,GrassmannHRD,10,50,0,4603,0.498142,1168.402652,12,2.541
MNIST,GrassmannHRD,10,50,0,4604,0.236883,1168.639535,12,2.542
MNIST,GrassmannHRD,10,50,0,4605,0.404297,1169.043831,12,2.542
MNIST,GrassmannHRD,10,50,0,4606,0.195731,1169.239562,12,2.543
MNIST,GrassmannHRD,10,50,0,4607,0.248882,1169.488444,12,2.543
MNIST,GrassmannHRD,10,50,0,4608,0.092983,1169.581428,12,2.544
MNIST,GrassmannHRD,10,50,0,4609,0.104470,1169.685898,12,2.545
MNIST,GrassmannHRD,10,50,0,4610,0.259187,1169.945086,12,2.545
MNIST,GrassmannHRD,10,50,0,4611,0.097160,1170.042245,12,2.546
MNIST,GrassmannHRD,10,50,0,4612,0.090675,1170.132920,12,2.546
MNIST,GrassmannHRD,10,50,0,4613,0.172623,1170.305543,12,2.547
MNIST,GrassmannHRD,10,50,0,4614,0.282772,1170.588315,12,2.547
MNIST,GrassmannHRD,10,50,0,4615,0.282542,1170.870857,12,2.548
MNIST,GrassmannHRD,10,50,0,4616,0.270902,1171.141758,12,2.548
MNIST,GrassmannHRD,10,50,0,4617,0.386237,1171.527995,12,2.549
MNIST,GrassmannHRD,10,50,0,4618,0.160483,1171.688479,12,2.549
MNIST,GrassmannHRD,10,50,0,4619,0.261468,1171.949946,12,2.550
MNIST,GrassmannHRD,10,50,0,4620,0.358235,1172.308181,12,2.550
MNIST,GrassmannHRD,10,50,0,4621,0.120514,1172.428695,12,2.551
MNIST,GrassmannHRD,10,50,0,4622,0.223682,1172.652377,12,2.552
MNIST,GrassmannHRD,10,50,0,4623,0.263132,1172.915509,12,2.552
MNIST,GrassmannHRD,10,50,0,4624,0.215700,1173.131209,12,2.553
MNIST,GrassmannHRD,10,50,0,4625,0.239036,1173.370245,12,2.553
MNIST,GrassmannHRD,10,50,0,4626,0.132112,1173.502357,12,2.554
MNIST,GrassmannHRD,10,50,0,4627,0.185120,1173.687477,12,2.554
MNIST,GrassmannHRD,10,50,0,4628,0.205389,1173.892865,12,2.555
MNIST,GrassmannHRD,10,50,0,4629,0.217563,1174.110429,12,2.555
MNIST,GrassmannHRD,10,50,0,4630,0.353576,1174.464004,12,2.556
MNIST,GrassmannHRD,10,50,0,4631,0.477493,1174.941497,12,2.556
MNIST,GrassmannHRD,10,50,0,4632,0.183598,1175.125095,12,2.557
MNIST,GrassmannHRD,10,50,0,4633,0.311244,1175.436339,12,2.557
MNIST,GrassmannHRD,10,50,0,4634,0.205449,1175.641788,12,2.558
MNIST,GrassmannHRD,10,50,0,4635,0.270173,1175.911961,12,2.558
MNIST,GrassmannHRD,10,50,0,4636,0.205606,1176.117567,12,2.559
MNIST,GrassmannHRD,10,50,0,4637,0.077651,1176.195218,12,2.560
MNIST,GrassmannHRD,10,50,0,4638,0.277698,1176.472916,12,2.560
MNIST,GrassmannHRD,10,50,0,4639,0.057571,1176.530488,12,2.561
MNIST,GrassmannHRD,10,50,0,4640,0.204916,1176.735404,12,2.561
MNIST,GrassmannHRD,10,50,0,4641,0.261858,1176.997262,12,2.562
MNIST,GrassmannHRD,10,50,0,4642,0.326604,1177.323866,12,2.562
MNIST,GrassmannHRD,10,50,0,4643,0.341897,1177.665763,12,2.563
MNIST,GrassmannHRD,10,50,0,4644,0.174691,1177.840454,12,2.563
MNIST,GrassmannHRD,10,50,0,4645,0.202704,1178.043158,12,2.564
MNIST,GrassmannHRD,10,50,0,4646,0.301578,1178.344736,12,2.564
MNIST,GrassmannHRD,10,50,0,4647,0.317764,1178.662501,12,2.565
MNIST,GrassmannHRD,10,50,0,4648,0.204407,1178.866907,12,2.565
MNIST,GrassmannHRD,10,50,0,4649,0.331262,1179.198170,12,2.566
MNIST,GrassmannHRD,10,50,0,4650,0.315215,1179.513384,12,2.567
MNIST,GrassmannHRD,10,50,0,4651,0.268598,1179.781982,12,2.567
MNIST,GrassmannHRD,10,50,0,4652,0.321785,1180.103767,12,2.568
MNIST,GrassmannHRD,10,50,0,4653,0.537004,1180.640771,12,2.568
MNIST,GrassmannHRD,10,50,0,4654,0.195542,1180.836313,12,2.569
MNIST,GrassmannHRD,10,50,0,4655,0.137208,1180.973521,12,2.569
MNIST,GrassmannHRD,10,50,0,4656,0.214369,1181.187890,12,2.570
MNIST,GrassmannHRD,10,50,0,4657,0.263763,1181.451653,12,2.571
MNIST,GrassmannHRD,10,50,0,4658,0.219451,1181.671105,12,2.571
MNIST,GrassmannHRD,10,50,0,4659,0.428290,1182.099395,12,2.572
MNIST,GrassmannHRD,10,50,0,4660,0.309985,1182.409380,12,2.572
MNIST,GrassmannHRD,10,50,0,4661,0.393320,1182.802700,12,2.573
MNIST,GrassmannHRD,10,50,0,4662,0.178904,1182.981604,12,2.573
MNIST,GrassmannHRD,10,50,0,4663,0.419821,1183.401425,12,2.574
MNIST,GrassmannHRD,10,50,0,4664,0.329566,1183.730992,12,2.574
MNIST,GrassmannHRD,10,50,0,4665,0.272434,1184.003426,12,2.575
MNIST,GrassmannHRD,10,50,0,4666,0.232504,1184.235930,12,2.575
MNIST,GrassmannHRD,10,50,0,4667,0.397169,1184.633099,12,2.576
MNIST,GrassmannHRD,10,50,0,4668,0.249288,1184.882387,12,2.576
MNIST,GrassmannHRD,10,50,0,4669,0.236324,1185.118711,12,2.577
MNIST,GrassmannHRD,10,50,0,4670,0.221973,1185.340684,12,2.578
MNIST,GrassmannHRD,10,50,0,4671,0.420361,1185.761045,12,2.578
MNIST,GrassmannHRD,10,50,0,4672,0.319672,1186.080717,12,2.579
MNIST,GrassmannHRD,10,50,0,4673,0.260152,1186.340869,12,2.579
MNIST,GrassmannHRD,10,50,0,4674,0.371654,1186.712524,12,2.580
MNIST,GrassmannHRD,10,50,0,4675,0.222259,1186.934783,12,2.580
MNIST,GrassmannHRD,10,50,0,4676,0.242445,1187.177228,12,2.581
MNIST,GrassmannHRD,10,50,0,4677,0.215998,1187.393226,12,2.581
MNIST,GrassmannHRD,10,50,0,4678,0.304386,1187.697612,12,2.582
MNIST,GrassmannHRD,10,50,0,4679,0.304677,1188.002289,12,2.582
MNIST,GrassmannHRD,10,50,0,4680,0.198891,1188.201180,12,2.583
MNIST,GrassmannHRD,10,50,0,4681,0.322204,1188.523384,12,2.583
MNIST,GrassmannHRD,10,50,0,4682,0.197725,1188.721109,12,2.584
MNIST,GrassmannHRD,10,50,0,4683,0.271125,1188.992235,12,2.584
MNIST,GrassmannHRD,10,50,0,4684,0.298892,1189.291127,12,2.585
MNIST,GrassmannHRD,10,50,0,4685,0.289778,1189.580904,12,2.585
MNIST,GrassmannHRD,10,50,0,4686,0.426018,1190.006923,12,2.586
MNIST,GrassmannHRD,10,50,0,4687,0.242247,1190.249169,12,2.587
MNIST,GrassmannHRD,10,50,0,4688,0.327489,1190.576658,12,2.587
MNIST,GrassmannHRD,10,50,0,4689,0.454093,1191.030751,12,2.588
MNIST,GrassmannHRD,10,50,0,4690,0.184900,1191.215651,12,2.588
MNIST,GrassmannHRD,10,50,0,4691,0.283062,1191.498713,12,2.589
MNIST,GrassmannHRD,10,50,0,4692,0.304347,1191.803060,12,2.589
MNIST,GrassmannHRD,10,50,0,4693,0.270439,1192.073499,12,2.590
MNIST,GrassmannHRD,10,50,0,4694,0.079537,1192.153036,12,2.590
MNIST,GrassmannHRD,10,50,0,4695,0.241925,1192.394961,12,2.591
MNIST,GrassmannHRD,10,50,0,4696,0.208081,1192.603043,12,2.591
MNIST,GrassmannHRD,10,50,0,4697,0.167047,1192.770089,12,2.592
MNIST,GrassmannHRD,10,50,0,4698,0.149144,1192.919233,12,2.593
MNIST,GrassmannHRD,10,50,0,4699,0.427107,1193.346340,12,2.593
MNIST,GrassmannHRD,10,50,0,4700,0.218774,1193.565114,12,2.594
MNIST,GrassmannHRD,10,50,0,4701,0.057612,1193.622726,12,2.594
MNIST,GrassmannHRD,10,50,0,4702,0.183496,1193.806222,12,2.595
MNIST,GrassmannHRD,10,50,0,4703,0.277942,1194.084164,12,2.595
MNIST,GrassmannHRD,10,50,0,4704,0.260403,1194.344566,12,2.596
MNIST,GrassmannHRD,10,50,0,4705,0.352452,1194.697018,12,2.597
MNIST,GrassmannHRD,10,50,0,4706,0.258933,1194.955951,12,2.597
MNIST,GrassmannHRD,10,50,0,4707,0.111515,1195.067466,12,2.598
MNIST,GrassmannHRD,10,50,0,4708,0.297536,1195.365002,12,2.598
MNIST,GrassmannHRD,10,50,0,4709,0.399286,1195.764288,12,2.599
MNIST,GrassmannHRD,10,50,0,4710,0.237633,1196.001921,12,2.599
MNIST,GrassmannHRD,10,50,0,4711,0.227067,1196.228988,12,2.600
MNIST,GrassmannHRD,10,50,0,4712,0.296452,1196.525440,12,2.600
MNIST,GrassmannHRD,10,50,0,4713,0.275105,1196.800545,12,2.601
MNIST,GrassmannHRD,10,50,0,4714,0.227043,1197.027588,12,2.601
MNIST,GrassmannHRD,10,50,0,4715,0.288153,1197.315742,12,2.602
MNIST,GrassmannHRD,10,50,0,4716,0.278172,1197.593913,12,2.602
MNIST,GrassmannHRD,10,50,0,4717,0.204990,1197.798903,12,2.603
MNIST,GrassmannHRD,10,50,0,4718,0.257652,1198.056556,12,2.604
MNIST,GrassmannHRD,10,50,0,4719,0.268228,1198.324784,12,2.604
MNIST,GrassmannHRD,10,50,0,4720,0.150786,1198.475570,12,2.605
MNIST,GrassmannHRD,10,50,0,4721,0.148111,1198.623681,12,2.605
MNIST,GrassmannHRD,10,50,0,4722,0.274041,1198.897721,12,2.606
MNIST,GrassmannHRD,10,50,0,4723,0.232527,1199.130248,12,2.606
MNIST,GrassmannHRD,10,50,0,4724,0.087580,1199.217828,12,2.607
MNIST,GrassmannHRD,10,50,0,4725,0.345911,1199.563739,12,2.607
MNIST,GrassmannHRD,10,50,0,4726,0.079525,1199.643264,12,2.608
MNIST,GrassmannHRD,10,50,0,4727,0.170307,1199.813571,12,2.608
MNIST,GrassmannHRD,10,50,0,4728,0.180848,1199.994420,12,2.609
MNIST,GrassmannHRD,10,50,0,4729,0.351855,1200.346274,12,2.610
MNIST,GrassmannHRD,10,50,0,4730,0.427926,1200.774200,12,2.610
MNIST,GrassmannHRD,10,50,0,4731,0.199368,1200.973568,12,2.611
MNIST,GrassmannHRD,10,50,0,4732,0.207000,1201.180569,12,2.611
MNIST,GrassmannHRD,10,50,0,4733,0.253081,1201.433649,12,2.612
MNIST,GrassmannHRD,10,50,0,4734,0.192323,1201.625972,12,2.612
MNIST,GrassmannHRD,10,50,0,4735,0.211852,1201.837824,12,2.613
MNIST,GrassmannHRD,10,50,0,4736,0.248726,1202.086551,12,2.613
MNIST,GrassmannHRD,10,50,0,4737,0.185541,1202.272092,12,2.614
MNIST,GrassmannHRD,10,50,0,4738,0.065103,1202.337195,12,2.614
MNIST,GrassmannHRD,10,50,0,4739,0.140639,1202.477833,12,2.615
MNIST,GrassmannHRD,10,50,0,4740,0.387774,1202.865607,12,2.615
MNIST,GrassmannHRD,10,50,0,4741,0.325646,1203.191254,12,2.616
MNIST,GrassmannHRD,10,50,0,4742,0.343314,1203.534568,12,2.616
MNIST,GrassmannHRD,10,50,0,4743,0.137176,1203.671743,12,2.617
MNIST,GrassmannHRD,10,50,0,4744,0.263926,1203.935670,12,2.617
MNIST,GrassmannHRD,10,50,0,4745,0.196676,1204.132346,12,2.618
MNIST,GrassmannHRD,10,50,0,4746,0.393138,1204.525484,12,2.619
MNIST,GrassmannHRD,10,50,0,4747,0.187366,1204.712850,12,2.619
MNIST,GrassmannHRD,10,50,0,4748,0.183487,1204.896338,12,2.620
MNIST,GrassmannHRD,10,50,0,4749,0.424769,1205.321106,12,2.620
MNIST,GrassmannHRD,10,50,0,4750,0.146120,1205.467227,12,2.621
MNIST,GrassmannHRD,10,50,0,4751,0.227766,1205.694993,12,2.621
MNIST,GrassmannHRD,10,50,0,4752,0.226147,1205.921140,12,2.622
MNIST,GrassmannHRD,10,50,0,4753,0.167216,1206.088356,12,2.623
MNIST,GrassmannHRD,10,50,0,4754,0.251902,1206.340258,12,2.623
MNIST,GrassmannHRD,10,50,0,4755,0.557189,1206.897447,12,2.624
MNIST,GrassmannHRD,10,50,0,4756,0.193179,1207.090626,12,2.624
MNIST,GrassmannHRD,10,50,0,4757,0.288573,1207.379198,12,2.625
MNIST,GrassmannHRD,10,50,0,4758,0.227793,1207.606991,12,2.625
MNIST,GrassmannHRD,10,50,0,4759,0.182386,1207.789377,12,2.626
MNIST,GrassmannHRD,10,50,0,4760,0.394151,1208.183528,12,2.626
MNIST,GrassmannHRD,10,50,0,4761,0.252804,1208.436333,12,2.627
MNIST,GrassmannHRD,10,50,0,4762,0.122342,1208.558675,12,2.627
MNIST,GrassmannHRD,10,50,0,4763,0.214559,1208.773234,12,2.628
MNIST,GrassmannHRD,10,50,0,4764,0.253377,1209.026611,12,2.629
MNIST,GrassmannHRD,10,50,0,4765,0.168856,1209.195467,12,2.629
MNIST,GrassmannHRD,10,50,0,4766,0.201317,1209.396784,12,2.630
MNIST,GrassmannHRD,10,50,0,4767,0.369876,1209.766660,12,2.630
MNIST,GrassmannHRD,10,50,0,4768,0.360290,1210.126951,12,2.631
MNIST,GrassmannHRD,10,50,0,4769,0.144286,1210.271237,12,2.631
MNIST,GrassmannHRD,10,50,0,4770,0.214751,1210.485987,12,2.632
MNIST,GrassmannHRD,10,50,0,4771,0.263281,1210.749268,12,2.632
MNIST,GrassmannHRD,10,50,0,4772,0.232721,1210.981989,12,2.633
MNIST,GrassmannHRD,10,50,0,4773,0.382142,1211.364131,12,2.633
MNIST,GrassmannHRD,10,50,0,4774,0.288952,1211.653083,12,2.634
MNIST,GrassmannHRD,10,50,0,4775,0.235936,1211.889019,12,2.634
MNIST,GrassmannHRD,10,50,0,4776,0.449402,1212.338422,12,2.635
MNIST,GrassmannHRD,10,50,0,4777,0.179593,1212.518014,12,2.635
MNIST,GrassmannHRD,10,50,0,4778,0.260699,1212.778713,12,2.636
MNIST,GrassmannHRD,10,50,0,4779,0.225601,1213.004315,12,2.637
MNIST,GrassmannHRD,10,50,0,4780,0.278987,1213.283302,12,2.637
MNIST,GrassmannHRD,10,50,0,4781,0.369842,1213.653143,12,2.638
MNIST,GrassmannHRD,10,50,0,4782,0.224173,1213.877317,12,2.638
MNIST,GrassmannHRD,10,50,0,4783,0.267788,1214.145105,12,2.639
MNIST,GrassmannHRD,10,50,0,4784,0.422804,1214.567909,12,2.639
MNIST,GrassmannHRD,10,50,0,4785,0.248572,1214.816482,12,2.640
MNIST,GrassmannHRD,10,50,0,4786,0.184162,1215.000643,12,2.640
MNIST,GrassmannHRD,10,50,0,4787,0.343432,1215.344075,12,2.641
MNIST,GrassmannHRD,10,50,0,4788,0.280398,1215.624474,12,2.641
MNIST,GrassmannHRD,10,50,0,4789,0.310396,1215.934870,12,2.642
MNIST,GrassmannHRD,10,50,0,4790,0.396409,1216.331279,12,2.643
MNIST,GrassmannHRD,10,50,0,4791,0.247694,1216.578974,12,2.643
MNIST,GrassmannHRD,10,50,0,4792,0.246564,1216.825538,12,2.644
MNIST,GrassmannHRD,10,50,0,4793,0.241648,1217.067186,12,2.644
MNIST,GrassmannHRD,10,50,0,4794,0.176558,1217.243744,12,2.645
MNIST,GrassmannHRD,10,50,0,4795,0.379144,1217.622888,12,2.645
MNIST,GrassmannHRD,10,50,0,4796,0.164920,1217.787808,12,2.646
MNIST,GrassmannHRD,10,50,0,4797,0.206926,1217.994734,12,2.646
MNIST,GrassmannHRD,10,50,0,4798,0.257117,1218.251851,12,2.647
MNIST,GrassmannHRD,10,50,0,4799,0.403391,1218.655243,12,2.647
MNIST,GrassmannHRD,10,50,0,4800,0.287523,1218.942766,12,2.648
MNIST,GrassmannHRD,10,50,0,4801,0.274414,1219.217180,12,2.649
MNIST,GrassmannHRD,10,50,0,4802,0.338267,1219.555446,12,2.649
MNIST,GrassmannHRD,10,50,0,4803,0.161313,1219.716759,12,2.650
MNIST,GrassmannHRD,10,50,0,4804,0.236539,1219.953298,12,2.650
MNIST,GrassmannHRD,10,50,0,4805,0.139922,1220.093220,12,2.651
MNIST,GrassmannHRD,10,50,0,4806,0.343429,1220.436649,12,2.651
MNIST,GrassmannHRD,10,50,0,4807,0.106162,1220.542811,12,2.652
MNIST,GrassmannHRD,10,50,0,4808,0.426011,1220.968822,12,2.652
MNIST,GrassmannHRD,10,50,0,4809,0.062516,1221.031338,12,2.653
MNIST,GrassmannHRD,10,50,0,4810,0.142393,1221.173730,12,2.653
MNIST,GrassmannHRD,10,50,0,4811,0.405642,1221.579372,12,2.654
MNIST,GrassmannHRD,10,50,0,4812,0.244812,1221.824185,12,2.654
MNIST,GrassmannHRD,10,50,0,4813,0.217909,1222.042094,12,2.655
MNIST,GrassmannHRD,10,50,0,4814,0.320999,1222.363093,12,2.656
MNIST,GrassmannHRD,10,50,0,4815,0.413830,1222.776923,12,2.656
MNIST,GrassmannHRD,10,50,0,4816,0.206258,1222.983182,12,2.657
MNIST,GrassmannHRD,10,50,0,4817,0.058108,1223.041290,12,2.657
MNIST,GrassmannHRD,10,50,0,4818,0.176653,1223.217943,12,2.658
MNIST,GrassmannHRD,10,50,0,4819,0.330391,1223.548334,12,2.658
MNIST,GrassmannHRD,10,50,0,4820,0.052377,1223.600712,12,2.659
MNIST,GrassmannHRD,10,50,0,4821,0.346993,1223.947705,12,2.659
MNIST,GrassmannHRD,10,50,0,4822,0.252841,1224.200546,12,2.660
MNIST,GrassmannHRD,10,50,0,4823,0.148959,1224.349506,12,2.660
MNIST,GrassmannHRD,10,50,0,4824,0.200480,1224.549986,12,2.661
MNIST,GrassmannHRD,10,50,0,4825,0.281727,1224.831712,12,2.661
MNIST,GrassmannHRD,10,50,0,4826,0.208423,1225.040135,12,2.662
MNIST,GrassmannHRD,10,50,0,4827,0.211400,1225.251535,12,2.662
MNIST,GrassmannHRD,10,50,0,4828,0.199259,1225.450794,12,2.663
MNIST,GrassmannHRD,10,50,0,4829,0.171402,1225.622196,12,2.663
MNIST,GrassmannHRD,10,50,0,4830,0.153927,1225.776124,12,2.664
MNIST,GrassmannHRD,10,50,0,4831,0.382568,1226.158692,12,2.664
MNIST,GrassmannHRD,10,50,0,4832,0.254800,1226.413492,12,2.665
MNIST,GrassmannHRD,10,50,0,4833,0.377870,1226.791362,12,2.665
MNIST,GrassmannHRD,10,50,0,4834,0.363963,1227.155325,12,2.666
MNIST,GrassmannHRD,10,50,0,4835,0.080107,1227.235432,12,2.667
MNIST,GrassmannHRD,10,50,0,4836,0.241861,1227.477293,12,2.667
MNIST,GrassmannHRD,10,50,0,4837,0.220037,1227.697331,12,2.668
MNIST,GrassmannHRD,10,50,0,4838,0.174921,1227.872251,12,2.668
MNIST,GrassmannHRD,10,50,0,4839,0.213515,1228.085767,12,2.669
MNIST,GrassmannHRD,10,50,0,4840,0.218210,1228.303977,12,2.669
MNIST,GrassmannHRD,10,50,0,4841,0.300377,1228.604354,12,2.670
MNIST,GrassmannHRD,10,50,0,4842,0.346738,1228.951092,12,2.670
MNIST,GrassmannHRD,10,50,0,4843,0.167265,1229.118356,12,2.671
MNIST,GrassmannHRD,10,50,0,4844,0.367508,1229.485864,12,2.671
MNIST,GrassmannHRD,10,50,0,4845,0.219602,1229.705466,12,2.672
MNIST,GrassmannHRD,10,50,0,4846,0.278080,1229.983547,12,2.672
MNIST,GrassmannHRD,10,50,0,4847,0.265304,1230.248850,12,2.673
MNIST,GrassmannHRD,10,50,0,4848,0.348548,1230.597399,12,2.673
MNIST,GrassmannHRD,10,50,0,4849,0.289084,1230.886483,12,2.674
MNIST,GrassmannHRD,10,50,0,4850,0.280563,1231.167046,12,2.675
MNIST,GrassmannHRD,10,50,0,4851,0.157162,1231.324208,12,2.675
MNIST,GrassmannHRD,10,50,0,4852,0.273604,1231.597812,12,2.676
MNIST,GrassmannHRD,10,50,0,4853,0.219443,1231.817255,12,2.676
MNIST,GrassmannHRD,10,50,0,4854,0.232310,1232.049565,12,2.677
MNIST,GrassmannHRD,10,50,0,4855,0.181408,1232.230973,12,2.677
MNIST,GrassmannHRD,10,50,0,4856,0.107782,1232.338755,12,2.678
MNIST,GrassmannHRD,10,50,0,4857,0.222651,1232.561407,12,2.678
MNIST,GrassmannHRD,10,50,0,4858,0.279045,1232.840451,12,2.679
MNIST,GrassmannHRD,10,50,0,4859,0.215709,1233.056161,12,2.679
MNIST,GrassmannHRD,10,50,0,4860,0.295226,1233.351386,12,2.680
MNIST,GrassmannHRD,10,50,0,4861,0.172208,1233.523594,12,2.680
MNIST,GrassmannHRD,10,50,0,4862,0.239338,1233.762932,12,2.681
MNIST,GrassmannHRD,10,50,0,4863,0.240282,1234.003214,12,2.682
MNIST,GrassmannHRD,10,50,0,4864,0.185430,1234.188644,12,2.682
MNIST,GrassmannHRD,10,50,0,4865,0.383547,1234.572191,12,2.683
MNIST,GrassmannHRD,10,50,0,4866,0.150025,1234.722216,12,2.683
MNIST,GrassmannHRD,10,50,0,4867,0.297972,1235.020188,12,2.684
MNIST,GrassmannHRD,10,50,0,4868,0.206784,1235.226973,12,2.684
MNIST,GrassmannHRD,10,50,0,4869,0.221254,1235.448227,12,2.685
MNIST,GrassmannHRD,10,50,0,4870,0.275317,1235.723544,12,2.685
MNIST,GrassmannHRD,10,50,0,4871,0.236085,1235.959630,12,2.686
MNIST,GrassmannHRD,10,50,0,4872,0.161296,1236.120925,12,2.686
MNIST,GrassmannHRD,10,50,0,4873,0.131089,1236.252014,12,2.687
MNIST,GrassmannHRD,10,50,0,4874,0.211777,1236.463791,12,2.687
MNIST,GrassmannHRD,10,50,0,4875,0.531493,1236.995284,12,2.688
MNIST,GrassmannHRD,10,50,0,4876,0.205015,1237.200299,12,2.688
MNIST,GrassmannHRD,10,50,0,4877,0.138992,1237.339291,12,2.689
MNIST,GrassmannHRD,10,50,0,4878,0.337322,1237.676613,12,2.690
MNIST,GrassmannHRD,10,50,0,4879,0.210034,1237.886647,12,2.690
MNIST,GrassmannHRD,10,50,0,4880,0.230584,1238.117231,12,2.691
MNIST,GrassmannHRD,10,50,0,4881,0.307296,1238.424527,12,2.691
MNIST,GrassmannHRD,10,50,0,4882,0.257964,1238.682491,12,2.692
MNIST,GrassmannHRD,10,50,0,4883,0.269955,1238.952446,12,2.692
MNIST,GrassmannHRD,10,50,0,4884,0.123457,1239.075903,12,2.693
MNIST,GrassmannHRD,10,50,0,4885,0.217405,1239.293308,12,2.693
MNIST,GrassmannHRD,10,50,0,4886,0.392818,1239.686126,12,2.694
MNIST,GrassmannHRD,10,50,0,4887,0.338404,1240.024530,12,2.694
MNIST,GrassmannHRD,10,50,0,4888,0.230094,1240.254623,12,2.695
MNIST,GrassmannHRD,10,50,0,4889,0.407464,1240.662087,12,2.695
MNIST,GrassmannHRD,10,50,0,4890,0.267834,1240.929921,12,2.696
MNIST,GrassmannHRD,10,50,0,4891,0.376826,1241.306748,12,2.697
MNIST,GrassmannHRD,10,50,0,4892,0.310932,1241.617680,12,2.697
MNIST,GrassmannHRD,10,50,0,4893,0.223128,1241.840808,12,2.698
MNIST,GrassmannHRD,10,50,0,4894,0.357808,1242.198616,12,2.698
MNIST,GrassmannHRD,10,50,0,4895,0.263075,1242.461691,12,2.699
MNIST,GrassmannHRD,10,50,0,4896,0.112554,1242.574245,12,2.699
MNIST,GrassmannHRD,10,50,0,4897,0.301291,1242.875536,12,2.700
MNIST,GrassmannHRD,10,50,0,4898,0.437168,1243.312704,12,2.700
MNIST,GrassmannHRD,10,50,0,4899,0.493529,1243.806233,12,2.701
MNIST,GrassmannHRD,10,50,0,4900,0.236033,1244.042266,12,2.702
MNIST,GrassmannHRD,10,50,0,4901,0.606362,1244.648628,12,2.702
MNIST,GrassmannHRD,10,50,0,4902,0.141416,1244.790044,12,2.703
MNIST,GrassmannHRD,10,50,0,4903,0.252496,1245.042540,12,2.703
MNIST,GrassmannHRD,10,50,0,4904,0.188190,1245.230730,12,2.704
MNIST,GrassmannHRD,10,50,0,4905,0.268300,1245.499030,12,2.704
MNIST,GrassmannHRD,10,50,0,4906,0.398643,1245.897673,12,2.705
MNIST,GrassmannHRD,10,50,0,4907,0.234383,1246.132055,12,2.705
MNIST,GrassmannHRD,10,50,0,4908,0.342633,1246.474688,12,2.706
MNIST,GrassmannHRD,10,50,0,4909,0.310435,1246.785124,12,2.706
MNIST,GrassmannHRD,10,50,0,4910,0.148071,1246.933194,12,2.707
MNIST,GrassmannHRD,10,50,0,4911,0.106386,1247.039581,12,2.708
MNIST,GrassmannHRD,10,50,0,4912,0.235586,1247.275167,12,2.708
MNIST,GrassmannHRD,10,50,0,4913,0.237743,1247.512909,12,2.709
MNIST,GrassmannHRD,10,50,0,4914,0.158883,1247.671793,12,2.709
MNIST,GrassmannHRD,10,50,0,4915,0.277410,1247.949202,12,2.710
MNIST,GrassmannHRD,10,50,0,4916,0.218085,1248.167287,12,2.710
MNIST,GrassmannHRD,10,50,0,4917,0.283024,1248.450311,12,2.711
MNIST,GrassmannHRD,10,50,0,4918,0.291868,1248.742180,12,2.711
MNIST,GrassmannHRD,10,50,0,4919,0.260007,1249.002187,12,2.712
MNIST,GrassmannHRD,10,50,0,4920,0.257165,1249.259351,12,2.712
MNIST,GrassmannHRD,10,50,0,4921,0.371884,1249.631236,12,2.713
MNIST,GrassmannHRD,10,50,0,4922,0.220227,1249.851463,12,2.713
MNIST,GrassmannHRD,10,50,0,4923,0.244853,1250.096317,12,2.714
MNIST,GrassmannHRD,10,50,0,4924,0.389757,1250.486074,12,2.714
MNIST,GrassmannHRD,10,50,0,4925,0.207030,1250.693103,12,2.715
MNIST,GrassmannHRD,10,50,0,4926,0.322268,1251.015371,12,2.715
MNIST,GrassmannHRD,10,50,0,4927,0.251426,1251.266797,12,2.716
MNIST,GrassmannHRD,10,50,0,4928,0.383777,1251.650574,12,2.717
MNIST,GrassmannHRD,10,50,0,4929,0.108952,1251.759526,12,2.717
MNIST,GrassmannHRD,10,50,0,4930,0.323359,1252.082885,12,2.718
MNIST,GrassmannHRD,10,50,0,4931,0.262894,1252.345780,12,2.718
MNIST,GrassmannHRD,10,50,0,4932,0.235538,1252.581318,12,2.719
MNIST,GrassmannHRD,10,50,0,4933,0.237690,1252.819008,12,2.719
MNIST,GrassmannHRD,10,50,0,4934,0.239486,1253.058493,12,2.720
MNIST,GrassmannHRD,10,50,0,4935,0.330289,1253.388782,12,2.720
MNIST,GrassmannHRD,10,50,0,4936,0.215119,1253.603901,12,2.721
MNIST,GrassmannHRD,10,50,0,4937,0.100475,1253.704376,12,2.721
MNIST,GrassmannHRD,10,50,0,4938,0.326385,1254.030761,12,2.722
MNIST,GrassmannHRD,10,50,0,4939,0.347448,1254.378209,12,2.722
MNIST,GrassmannHRD,10,50,0,4940,0.244631,1254.622840,12,2.723
MNIST,GrassmannHRD,10,50,0,4941,0.330900,1254.953740,12,2.723
MNIST,GrassmannHRD,10,50,0,4942,0.308062,1255.261802,12,2.724
MNIST,GrassmannHRD,10,50,0,4943,0.282643,1255.544445,12,2.725
MNIST,GrassmannHRD,10,50,0,4944,0.196957,1255.741402,12,2.725
MNIST,GrassmannHRD,10,50,0,4945,0.370925,1256.112327,12,2.726
MNIST,GrassmannHRD,10,50,0,4946,0.221408,1256.333735,12,2.726
MNIST,GrassmannHRD,10,50,0,4947,0.236209,1256.569943,12,2.727
MNIST,GrassmannHRD,10,50,0,4948,0.311255,1256.881199,12,2.727
MNIST,GrassmannHRD,10,50,0,4949,0.490834,1257.372033,12,2.728
MNIST,GrassmannHRD,10,50,0,4950,0.250623,1257.622656,12,2.728
MNIST,GrassmannHRD,10,50,0,4951,0.177227,1257.799883,12,2.729
MNIST,GrassmannHRD,10,50,0,4952,0.081106,1257.880989,12,2.730
MNIST,GrassmannHRD,10,50,0,4953,0.304630,1258.185620,12,2.730
MNIST,GrassmannHRD,10,50,0,4954,0.282060,1258.467680,12,2.731
MNIST,GrassmannHRD,10,50,0,4955,0.149046,1258.616726,12,2.731
MNIST,GrassmannHRD,10,50,0,4956,0.217405,1258.834131,12,2.732
MNIST,GrassmannHRD,10,50,0,4957,0.184385,1259.018516,12,2.732
MNIST,GrassmannHRD,10,50,0,4958,0.263387,1259.281903,12,2.733
MNIST,GrassmannHRD,10,50,0,4959,0.225096,1259.506999,12,2.733
MNIST,GrassmannHRD,10,50,0,4960,0.242424,1259.749423,12,2.734
MNIST,GrassmannHRD,10,50,0,4961,0.127039,1259.876462,12,2.734
MNIST,GrassmannHRD,10,50,0,4962,0.180452,1260.056914,12,2.735
MNIST,GrassmannHRD,10,50,0,4963,0.100903,1260.157817,12,2.736
MNIST,GrassmannHRD,10,50,0,4964,0.330347,1260.488164,12,2.736
MNIST,GrassmannHRD,10,50,0,4965,0.277410,1260.765574,12,2.737
MNIST,GrassmannHRD,10,50,0,4966,0.222250,1260.987824,12,2.737
MNIST,GrassmannHRD,10,50,0,4967,0.568476,1261.556300,12,2.738
MNIST,GrassmannHRD,10,50,0,4968,0.215014,1261.771314,12,2.738
MNIST,GrassmannHRD,10,50,0,4969,0.115916,1261.887230,12,2.739
MNIST,GrassmannHRD,10,50,0,4970,0.218869,1262.106098,12,2.739
MNIST,GrassmannHRD,10,50,0,4971,0.239465,1262.345563,12,2.740
MNIST,GrassmannHRD,10,50,0,4972,0.243984,1262.589547,12,2.740
MNIST,GrassmannHRD,10,50,0,4973,0.316655,1262.906202,12,2.741
MNIST,GrassmannHRD,10,50,0,4974,0.273888,1263.180090,12,2.741
MNIST,GrassmannHRD,10,50,0,4975,0.286656,1263.466745,12,2.742
MNIST,GrassmannHRD,10,50,0,4976,0.364872,1263.831618,12,2.743
MNIST,GrassmannHRD,10,50,0,4977,0.374956,1264.206574,12,2.743
MNIST,GrassmannHRD,10,50,0,4978,0.163336,1264.369910,12,2.744
MNIST,GrassmannHRD,10,50,0,4979,0.278360,1264.648270,12,2.744
MNIST,GrassmannHRD,10,50,0,4980,0.118581,1264.766851,12,2.745
MNIST,GrassmannHRD,10,50,0,4981,0.223720,1264.990571,12,2.745
MNIST,GrassmannHRD,10,50,0,4982,0.300239,1265.290810,12,2.746
MNIST,GrassmannHRD,10,50,0,4983,0.169252,1265.460062,12,2.746
MNIST,GrassmannHRD,10,50,0,4984,0.210106,1265.670168,12,2.747
MNIST,GrassmannHRD,10,50,0,4985,0.237135,1265.907303,12,2.747
MNIST,GrassmannHRD,10,50,0,4986,0.172814,1266.080117,12,2.748
MNIST,GrassmannHRD,10,50,0,4987,0.143879,1266.223996,12,2.749
MNIST,GrassmannHRD,10,50,0,4988,0.327398,1266.551394,12,2.749
MNIST,GrassmannHRD,10,50,0,4989,0.047188,1266.598582,12,2.750
MNIST,GrassmannHRD,10,50,0,4990,0.128264,1266.726846,12,2.750
MNIST,GrassmannHRD,10,50,0,4991,0.349512,1267.076358,12,2.751
MNIST,GrassmannHRD,10,50,0,4992,0.182992,1267.259350,12,2.751
MNIST,GrassmannHRD,10,50,0,4993,0.243396,1267.502746,12,2.752
MNIST,GrassmannHRD,10,50,0,4994,0.343214,1267.845961,12,2.752
MNIST,GrassmannHRD,10,50,0,4995,0.289210,1268.135171,12,2.753
MNIST,GrassmannHRD,10,50,0,4996,0.293939,1268.429110,12,2.753
MNIST,GrassmannHRD,10,50,0,4997,0.316168,1268.745278,12,2.754
MNIST,GrassmannHRD,10,50,0,4998,0.290407,1269.035685,12,2.754
MNIST,GrassmannHRD,10,50,0,4999,0.275795,1269.311479,12,2.755
