dataset,algorithm,k,d,trial,step,instantaneous_loss,cumulative_loss,n_leaves,elapsed_s
MNIST,FantopeOGD,10,50,0,0,1.000000,1.000000,1,0.000
MNIST,FantopeOGD,10,50,0,1,1.000000,2.000000,1,0.000
MNIST,FantopeOGD,10,50,0,2,1.000000,3.000000,1,0.000
MNIST,FantopeOGD,10,50,0,3,1.000000,4.000000,1,0.000
MNIST,FantopeOGD,10,50,0,4,1.000000,5.000000,1,0.000
MNIST,FantopeOGD,10,50,0,5,1.000000,6.000000,1,0.000
MNIST,FantopeOGD,10,50,0,6,1.000000,7.000000,1,0.000
MNIST,FantopeOGD,10,50,0,7,1.000000,8.000000,1,0.000
MNIST,FantopeOGD,10,50,0,8,1.000000,9.000000,1,0.000
MNIST,FantopeOGD,10,50,0,9,1.000000,10.000000,1,0.000
MNIST,FantopeOGD,10,50,0,10,1.000000,11.000000,1,0.000
MNIST,FantopeOGD,10,50,0,11,1.000000,12.000000,1,0.000
MNIST,FantopeOGD,10,50,0,12,1.000000,13.000000,1,0.000
MNIST,FantopeOGD,10,50,0,13,1.000000,14.000000,1,0.000
MNIST,FantopeOGD,10,50,0,14,1.000000,15.000000,1,0.000
MNIST,FantopeOGD,10,50,0,15,1.000000,16.000000,1,0.000
MNIST,FantopeOGD,10,50,0,16,1.000000,17.000000,1,0.000
MNIST,FantopeOGD,10,50,0,17,1.000000,18.000000,1,0.000
MNIST,FantopeOGD,10,50,0,18,1.000000,19.000000,1,0.000
MNIST,FantopeOGD,10,50,0,19,1.000000,20.000000,1,0.000
MNIST,FantopeOGD,10,50,0,20,1.000000,21.000000,1,0.000
MNIST,FantopeOGD,10,50,0,21,1.000000,22.000000,1,0.000
MNIST,FantopeOGD,10,50,0,22,1.000000,23.000000,1,0.000
MNIST,FantopeOGD,10,50,0,23,1.000000,24.000000,1,0.000
MNIST,FantopeOGD,10,50,0,24,1.000000,25.000000,1,0.000
MNIST,FantopeOGD,10,50,0,25,1.000000,26.000000,1,0.000
MNIST,FantopeOGD,10,50,0,26,1.000000,27.000000,1,0.000
MNIST,FantopeOGD,10,50,0,27,1.000000,28.000000,1,0.000
MNIST,FantopeOGD,10,50,0,28,1.000000,29.000000,1,0.000
MNIST,FantopeOGD,10,50,0,29,1.000000,30.000000,1,0.006
MNIST,FantopeOGD,10,50,0,30,0.588154,30.588154,1,0.008
MNIST,FantopeOGD,10,50,0,31,0.469934,31.058088,1,0.008
MNIST,FantopeOGD,10,50,0,32,0.494637,31.552725,1,0.008
MNIST,FantopeOGD,10,50,0,33,0.481976,32.034701,1,0.009
MNIST,FantopeOGD,10,50,0,34,0.489584,32.524285,1,0.009
MNIST,FantopeOGD,10,50,0,35,0.449959,32.974243,1,0.009
MNIST,FantopeOGD,10,50,0,36,0.460014,33.434258,1,0.010
MNIST,FantopeOGD,10,50,0,37,0.533399,33.967657,1,0.010
MNIST,FantopeOGD,10,50,0,38,0.422492,34.390149,1,0.010
MNIST,FantopeOGD,10,50,0,39,0.482858,34.873007,1,0.010
MNIST,FantopeOGD,10,50,0,40,0.452770,35.325777,1,0.011
MNIST,FantopeOGD,10,50,0,41,0.472762,35.798539,1,0.011
MNIST,FantopeOGD,10,50,0,42,0.507203,36.305742,1,0.011
MNIST,FantopeOGD,10,50,0,43,0.488514,36.794255,1,0.012
MNIST,FantopeOGD,10,50,0,44,0.433627,37.227883,1,0.012
MNIST,FantopeOGD,10,50,0,45,0.531610,37.759493,1,0.012
MNIST,FantopeOGD,10,50,0,46,0.458633,38.218125,1,0.012
MNIST,FantopeOGD,10,50,0,47,0.415712,38.633838,1,0.013
MNIST,FantopeOGD,10,50,0,48,0.430924,39.064762,1,0.013
MNIST,FantopeOGD,10,50,0,49,0.461985,39.526746,1,0.013
MNIST,FantopeOGD,10,50,0,50,0.444153,39.970899,1,0.014
MNIST,FantopeOGD,10,50,0,51,0.438174,40.409073,1,0.014
MNIST,FantopeOGD,10,50,0,52,0.602203,41.011276,1,0.014
MNIST,FantopeOGD,10,50,0,53,0.431614,41.442890,1,0.015
MNIST,FantopeOGD,10,50,0,54,0.416739,41.859629,1,0.015
MNIST,FantopeOGD,10,50,0,55,0.388637,42.248266,1,0.015
MNIST,FantopeOGD,10,50,0,56,0.398996,42.647262,1,0.016
MNIST,FantopeOGD,10,50,0,57,0.521131,43.168393,1,0.016
MNIST,FantopeOGD,10,50,0,58,0.459614,43.628007,1,0.016
MNIST,FantopeOGD,10,50,0,59,0.400367,44.028374,1,0.017
MNIST,FantopeOGD,10,50,0,60,0.363109,44.391483,1,0.017
MNIST,FantopeOGD,10,50,0,61,0.310682,44.702166,1,0.017
MNIST,FantopeOGD,10,50,0,62,0.377408,45.079574,1,0.018
MNIST,FantopeOGD,10,50,0,63,0.423205,45.502779,1,0.018
MNIST,FantopeOGD,10,50,0,64,0.397955,45.900734,1,0.018
MNIST,FantopeOGD,10,50,0,65,0.354325,46.255059,1,0.019
MNIST,FantopeOGD,10,50,0,66,0.425277,46.680335,1,0.019
MNIST,FantopeOGD,10,50,0,67,0.322781,47.003117,1,0.019
MNIST,FantopeOGD,10,50,0,68,0.476883,47.480000,1,0.020
MNIST,FantopeOGD,10,50,0,69,0.330725,47.810725,1,0.020
MNIST,FantopeOGD,10,50,0,70,0.418888,48.229613,1,0.020
MNIST,FantopeOGD,10,50,0,71,0.314399,48.544012,1,0.020
MNIST,FantopeOGD,10,50,0,72,0.366218,48.910230,1,0.021
MNIST,FantopeOGD,10,50,0,73,0.275235,49.185465,1,0.021
MNIST,FantopeOGD,10,50,0,74,0.548331,49.733796,1,0.021
MNIST,FantopeOGD,10,50,0,75,0.408328,50.142124,1,0.022
MNIST,FantopeOGD,10,50,0,76,0.394070,50.536194,1,0.022
MNIST,FantopeOGD,10,50,0,77,0.322337,50.858531,1,0.022
MNIST,FantopeOGD,10,50,0,78,0.421303,51.279834,1,0.023
MNIST,FantopeOGD,10,50,0,79,0.413231,51.693065,1,0.023
MNIST,FantopeOGD,10,50,0,80,0.315269,52.008333,1,0.023
MNIST,FantopeOGD,10,50,0,81,0.589569,52.597903,1,0.024
MNIST,FantopeOGD,10,50,0,82,0.349627,52.947530,1,0.024
MNIST,FantopeOGD,10,50,0,83,0.361392,53.308922,1,0.025
MNIST,FantopeOGD,10,50,0,84,0.407897,53.716819,1,0.025
MNIST,FantopeOGD,10,50,0,85,0.374299,54.091118,1,0.025
MNIST,FantopeOGD,10,50,0,86,0.292686,54.383804,1,0.026
MNIST,FantopeOGD,10,50,0,87,0.327648,54.711452,1,0.026
MNIST,FantopeOGD,10,50,0,88,0.370436,55.081888,1,0.026
MNIST,FantopeOGD,10,50,0,89,0.335917,55.417805,1,0.027
MNIST,FantopeOGD,10,50,0,90,0.366771,55.784576,1,0.027
MNIST,FantopeOGD,10,50,0,91,0.318583,56.103159,1,0.027
MNIST,FantopeOGD,10,50,0,92,0.310623,56.413782,1,0.028
MNIST,FantopeOGD,10,50,0,93,0.372679,56.786461,1,0.028
MNIST,FantopeOGD,10,50,0,94,0.390503,57.176964,1,0.028
MNIST,FantopeOGD,10,50,0,95,0.453709,57.630672,1,0.029
MNIST,FantopeOGD,10,50,0,96,0.362104,57.992776,1,0.029
MNIST,FantopeOGD,10,50,0,97,0.468092,58.460868,1,0.029
MNIST,FantopeOGD,10,50,0,98,0.331701,58.792569,1,0.030
MNIST,FantopeOGD,10,50,0,99,0.364293,59.156862,1,0.030
MNIST,FantopeOGD,10,50,0,100,0.260280,59.417142,1,0.030
MNIST,FantopeOGD,10,50,0,101,0.312184,59.729326,1,0.031
MNIST,FantopeOGD,10,50,0,102,0.240706,59.970032,1,0.031
MNIST,FantopeOGD,10,50,0,103,0.297266,60.267298,1,0.031
MNIST,FantopeOGD,10,50,0,104,0.298970,60.566269,1,0.032
MNIST,FantopeOGD,10,50,0,105,0.405974,60.972242,1,0.032
MNIST,FantopeOGD,10,50,0,106,0.319510,61.291753,1,0.032
MNIST,FantopeOGD,10,50,0,107,0.420206,61.711958,1,0.033
MNIST,FantopeOGD,10,50,0,108,0.284534,61.996493,1,0.033
MNIST,FantopeOGD,10,50,0,109,0.437779,62.434272,1,0.033
MNIST,FantopeOGD,10,50,0,110,0.309472,62.743745,1,0.034
MNIST,FantopeOGD,10,50,0,111,0.246443,62.990187,1,0.034
MNIST,FantopeOGD,10,50,0,112,0.373911,63.364098,1,0.034
MNIST,FantopeOGD,10,50,0,113,0.360141,63.724240,1,0.034
MNIST,FantopeOGD,10,50,0,114,0.439911,64.164151,1,0.035
MNIST,FantopeOGD,10,50,0,115,0.383899,64.548050,1,0.035
MNIST,FantopeOGD,10,50,0,116,0.353249,64.901299,1,0.035
MNIST,FantopeOGD,10,50,0,117,0.258702,65.160001,1,0.036
MNIST,FantopeOGD,10,50,0,118,0.483972,65.643973,1,0.036
MNIST,FantopeOGD,10,50,0,119,0.463318,66.107291,1,0.036
MNIST,FantopeOGD,10,50,0,120,0.363031,66.470323,1,0.037
MNIST,FantopeOGD,10,50,0,121,0.358639,66.828961,1,0.037
MNIST,FantopeOGD,10,50,0,122,0.376673,67.205634,1,0.037
MNIST,FantopeOGD,10,50,0,123,0.228625,67.434259,1,0.038
MNIST,FantopeOGD,10,50,0,124,0.394030,67.828289,1,0.038
MNIST,FantopeOGD,10,50,0,125,0.277361,68.105650,1,0.038
MNIST,FantopeOGD,10,50,0,126,0.298372,68.404022,1,0.039
MNIST,FantopeOGD,10,50,0,127,0.290016,68.694038,1,0.039
MNIST,FantopeOGD,10,50,0,128,0.261124,68.955162,1,0.039
MNIST,FantopeOGD,10,50,0,129,0.264419,69.219581,1,0.040
MNIST,FantopeOGD,10,50,0,130,0.489292,69.708873,1,0.040
MNIST,FantopeOGD,10,50,0,131,0.319947,70.028820,1,0.040
MNIST,FantopeOGD,10,50,0,132,0.415311,70.444130,1,0.041
MNIST,FantopeOGD,10,50,0,133,0.347211,70.791341,1,0.041
MNIST,FantopeOGD,10,50,0,134,0.281363,71.072704,1,0.041
MNIST,FantopeOGD,10,50,0,135,0.427668,71.500372,1,0.042
MNIST,FantopeOGD,10,50,0,136,0.310975,71.811347,1,0.042
MNIST,FantopeOGD,10,50,0,137,0.283173,72.094520,1,0.042
MNIST,FantopeOGD,10,50,0,138,0.241349,72.335869,1,0.042
MNIST,FantopeOGD,10,50,0,139,0.427609,72.763479,1,0.043
MNIST,FantopeOGD,10,50,0,140,0.296048,73.059526,1,0.043
MNIST,FantopeOGD,10,50,0,141,0.333907,73.393433,1,0.043
MNIST,FantopeOGD,10,50,0,142,0.333833,73.727266,1,0.044
MNIST,FantopeOGD,10,50,0,143,0.506563,74.233829,1,0.044
MNIST,FantopeOGD,10,50,0,144,0.377897,74.611726,1,0.044
MNIST,FantopeOGD,10,50,0,145,0.300796,74.912522,1,0.045
MNIST,FantopeOGD,10,50,0,146,0.406644,75.319166,1,0.045
MNIST,FantopeOGD,10,50,0,147,0.268650,75.587817,1,0.045
MNIST,FantopeOGD,10,50,0,148,0.255716,75.843533,1,0.046
MNIST,FantopeOGD,10,50,0,149,0.384934,76.228467,1,0.046
MNIST,FantopeOGD,10,50,0,150,0.259101,76.487567,1,0.046
MNIST,FantopeOGD,10,50,0,151,0.262564,76.750132,1,0.047
MNIST,FantopeOGD,10,50,0,152,0.356870,77.107001,1,0.047
MNIST,FantopeOGD,10,50,0,153,0.451405,77.558407,1,0.047
MNIST,FantopeOGD,10,50,0,154,0.304993,77.863400,1,0.048
MNIST,FantopeOGD,10,50,0,155,0.290302,78.153701,1,0.048
MNIST,FantopeOGD,10,50,0,156,0.203454,78.357155,1,0.048
MNIST,FantopeOGD,10,50,0,157,0.248154,78.605309,1,0.048
MNIST,FantopeOGD,10,50,0,158,0.427773,79.033081,1,0.049
MNIST,FantopeOGD,10,50,0,159,0.351644,79.384726,1,0.049
MNIST,FantopeOGD,10,50,0,160,0.290498,79.675224,1,0.049
MNIST,FantopeOGD,10,50,0,161,0.260665,79.935889,1,0.050
MNIST,FantopeOGD,10,50,0,162,0.312605,80.248495,1,0.050
MNIST,FantopeOGD,10,50,0,163,0.212267,80.460761,1,0.050
MNIST,FantopeOGD,10,50,0,164,0.368852,80.829614,1,0.051
MNIST,FantopeOGD,10,50,0,165,0.237824,81.067437,1,0.051
MNIST,FantopeOGD,10,50,0,166,0.416772,81.484210,1,0.051
MNIST,FantopeOGD,10,50,0,167,0.224805,81.709014,1,0.051
MNIST,FantopeOGD,10,50,0,168,0.268744,81.977759,1,0.052
MNIST,FantopeOGD,10,50,0,169,0.289927,82.267685,1,0.052
MNIST,FantopeOGD,10,50,0,170,0.289519,82.557204,1,0.052
MNIST,FantopeOGD,10,50,0,171,0.288825,82.846030,1,0.053
MNIST,FantopeOGD,10,50,0,172,0.306864,83.152894,1,0.053
MNIST,FantopeOGD,10,50,0,173,0.368340,83.521234,1,0.053
MNIST,FantopeOGD,10,50,0,174,0.248219,83.769453,1,0.054
MNIST,FantopeOGD,10,50,0,175,0.240343,84.009797,1,0.054
MNIST,FantopeOGD,10,50,0,176,0.267948,84.277745,1,0.054
MNIST,FantopeOGD,10,50,0,177,0.264246,84.541990,1,0.055
MNIST,FantopeOGD,10,50,0,178,0.306601,84.848591,1,0.055
MNIST,FantopeOGD,10,50,0,179,0.412666,85.261257,1,0.055
MNIST,FantopeOGD,10,50,0,180,0.268885,85.530142,1,0.056
MNIST,FantopeOGD,10,50,0,181,0.204672,85.734814,1,0.056
MNIST,FantopeOGD,10,50,0,182,0.307388,86.042202,1,0.056
MNIST,FantopeOGD,10,50,0,183,0.331442,86.373644,1,0.057
MNIST,FantopeOGD,10,50,0,184,0.355788,86.729432,1,0.057
MNIST,FantopeOGD,10,50,0,185,0.213005,86.942437,1,0.057
MNIST,FantopeOGD,10,50,0,186,0.302083,87.244520,1,0.057
MNIST,FantopeOGD,10,50,0,187,0.432862,87.677381,1,0.058
MNIST,FantopeOGD,10,50,0,188,0.309797,87.987179,1,0.058
MNIST,FantopeOGD,10,50,0,189,0.348664,88.335843,1,0.058
MNIST,FantopeOGD,10,50,0,190,0.280685,88.616528,1,0.059
MNIST,FantopeOGD,10,50,0,191,0.269522,88.886050,1,0.059
MNIST,FantopeOGD,10,50,0,192,0.253425,89.139475,1,0.059
MNIST,FantopeOGD,10,50,0,193,0.149687,89.289162,1,0.060
MNIST,FantopeOGD,10,50,0,194,0.314647,89.603809,1,0.060
MNIST,FantopeOGD,10,50,0,195,0.435637,90.039446,1,0.060
MNIST,FantopeOGD,10,50,0,196,0.350604,90.390050,1,0.061
MNIST,FantopeOGD,10,50,0,197,0.506072,90.896122,1,0.061
MNIST,FantopeOGD,10,50,0,198,0.354398,91.250520,1,0.061
MNIST,FantopeOGD,10,50,0,199,0.401287,91.651807,1,0.061
MNIST,FantopeOGD,10,50,0,200,0.432446,92.084253,1,0.062
MNIST,FantopeOGD,10,50,0,201,0.251636,92.335889,1,0.062
MNIST,FantopeOGD,10,50,0,202,0.353286,92.689176,1,0.063
MNIST,FantopeOGD,10,50,0,203,0.295997,92.985173,1,0.063
MNIST,FantopeOGD,10,50,0,204,0.437412,93.422585,1,0.063
MNIST,FantopeOGD,10,50,0,205,0.275640,93.698225,1,0.063
MNIST,FantopeOGD,10,50,0,206,0.416665,94.114889,1,0.064
MNIST,FantopeOGD,10,50,0,207,0.380015,94.494904,1,0.064
MNIST,FantopeOGD,10,50,0,208,0.236499,94.731403,1,0.064
MNIST,FantopeOGD,10,50,0,209,0.373494,95.104897,1,0.065
MNIST,FantopeOGD,10,50,0,210,0.289544,95.394440,1,0.065
MNIST,FantopeOGD,10,50,0,211,0.397794,95.792234,1,0.065
MNIST,FantopeOGD,10,50,0,212,0.231285,96.023519,1,0.066
MNIST,FantopeOGD,10,50,0,213,0.343324,96.366842,1,0.066
MNIST,FantopeOGD,10,50,0,214,0.201983,96.568826,1,0.066
MNIST,FantopeOGD,10,50,0,215,0.189009,96.757834,1,0.067
MNIST,FantopeOGD,10,50,0,216,0.199256,96.957090,1,0.067
MNIST,FantopeOGD,10,50,0,217,0.239247,97.196338,1,0.067
MNIST,FantopeOGD,10,50,0,218,0.365231,97.561569,1,0.068
MNIST,FantopeOGD,10,50,0,219,0.345786,97.907355,1,0.068
MNIST,FantopeOGD,10,50,0,220,0.332659,98.240014,1,0.068
MNIST,FantopeOGD,10,50,0,221,0.310848,98.550862,1,0.068
MNIST,FantopeOGD,10,50,0,222,0.318975,98.869837,1,0.069
MNIST,FantopeOGD,10,50,0,223,0.303208,99.173045,1,0.069
MNIST,FantopeOGD,10,50,0,224,0.250677,99.423722,1,0.069
MNIST,FantopeOGD,10,50,0,225,0.333231,99.756953,1,0.070
MNIST,FantopeOGD,10,50,0,226,0.367910,100.124864,1,0.070
MNIST,FantopeOGD,10,50,0,227,0.369107,100.493971,1,0.070
MNIST,FantopeOGD,10,50,0,228,0.347906,100.841877,1,0.071
MNIST,FantopeOGD,10,50,0,229,0.261372,101.103249,1,0.071
MNIST,FantopeOGD,10,50,0,230,0.384056,101.487305,1,0.071
MNIST,FantopeOGD,10,50,0,231,0.346824,101.834129,1,0.072
MNIST,FantopeOGD,10,50,0,232,0.281165,102.115294,1,0.072
MNIST,FantopeOGD,10,50,0,233,0.292071,102.407365,1,0.072
MNIST,FantopeOGD,10,50,0,234,0.240832,102.648197,1,0.072
MNIST,FantopeOGD,10,50,0,235,0.149992,102.798188,1,0.073
MNIST,FantopeOGD,10,50,0,236,0.311281,103.109469,1,0.073
MNIST,FantopeOGD,10,50,0,237,0.398349,103.507818,1,0.073
MNIST,FantopeOGD,10,50,0,238,0.269353,103.777172,1,0.074
MNIST,FantopeOGD,10,50,0,239,0.338144,104.115316,1,0.074
MNIST,FantopeOGD,10,50,0,240,0.299129,104.414444,1,0.074
MNIST,FantopeOGD,10,50,0,241,0.277221,104.691666,1,0.075
MNIST,FantopeOGD,10,50,0,242,0.303069,104.994735,1,0.075
MNIST,FantopeOGD,10,50,0,243,0.189748,105.184482,1,0.075
MNIST,FantopeOGD,10,50,0,244,0.222589,105.407071,1,0.076
MNIST,FantopeOGD,10,50,0,245,0.318377,105.725448,1,0.076
MNIST,FantopeOGD,10,50,0,246,0.424575,106.150023,1,0.076
MNIST,FantopeOGD,10,50,0,247,0.424096,106.574119,1,0.076
MNIST,FantopeOGD,10,50,0,248,0.312942,106.887060,1,0.077
MNIST,FantopeOGD,10,50,0,249,0.393762,107.280822,1,0.077
MNIST,FantopeOGD,10,50,0,250,0.330053,107.610876,1,0.077
MNIST,FantopeOGD,10,50,0,251,0.448913,108.059788,1,0.078
MNIST,FantopeOGD,10,50,0,252,0.234263,108.294052,1,0.078
MNIST,FantopeOGD,10,50,0,253,0.320925,108.614977,1,0.078
MNIST,FantopeOGD,10,50,0,254,0.334684,108.949661,1,0.079
MNIST,FantopeOGD,10,50,0,255,0.254064,109.203725,1,0.079
MNIST,FantopeOGD,10,50,0,256,0.379482,109.583207,1,0.079
MNIST,FantopeOGD,10,50,0,257,0.250667,109.833875,1,0.080
MNIST,FantopeOGD,10,50,0,258,0.369547,110.203422,1,0.080
MNIST,FantopeOGD,10,50,0,259,0.215786,110.419207,1,0.080
MNIST,FantopeOGD,10,50,0,260,0.401483,110.820690,1,0.081
MNIST,FantopeOGD,10,50,0,261,0.394316,111.215006,1,0.081
MNIST,FantopeOGD,10,50,0,262,0.315715,111.530721,1,0.081
MNIST,FantopeOGD,10,50,0,263,0.238622,111.769343,1,0.082
MNIST,FantopeOGD,10,50,0,264,0.279254,112.048597,1,0.082
MNIST,FantopeOGD,10,50,0,265,0.284332,112.332929,1,0.082
MNIST,FantopeOGD,10,50,0,266,0.208736,112.541665,1,0.083
MNIST,FantopeOGD,10,50,0,267,0.325887,112.867552,1,0.083
MNIST,FantopeOGD,10,50,0,268,0.525154,113.392706,1,0.083
MNIST,FantopeOGD,10,50,0,269,0.281361,113.674067,1,0.083
MNIST,FantopeOGD,10,50,0,270,0.222918,113.896985,1,0.084
MNIST,FantopeOGD,10,50,0,271,0.280091,114.177076,1,0.084
MNIST,FantopeOGD,10,50,0,272,0.381159,114.558234,1,0.084
MNIST,FantopeOGD,10,50,0,273,0.277035,114.835269,1,0.085
MNIST,FantopeOGD,10,50,0,274,0.261267,115.096535,1,0.085
MNIST,FantopeOGD,10,50,0,275,0.254263,115.350798,1,0.085
MNIST,FantopeOGD,10,50,0,276,0.327122,115.677920,1,0.086
MNIST,FantopeOGD,10,50,0,277,0.236804,115.914725,1,0.086
MNIST,FantopeOGD,10,50,0,278,0.256063,116.170787,1,0.086
MNIST,FantopeOGD,10,50,0,279,0.221022,116.391810,1,0.087
MNIST,FantopeOGD,10,50,0,280,0.216761,116.608571,1,0.087
MNIST,FantopeOGD,10,50,0,281,0.265252,116.873823,1,0.087
MNIST,FantopeOGD,10,50,0,282,0.349171,117.222993,1,0.087
MNIST,FantopeOGD,10,50,0,283,0.182404,117.405398,1,0.088
MNIST,FantopeOGD,10,50,0,284,0.256844,117.662242,1,0.088
MNIST,FantopeOGD,10,50,0,285,0.303942,117.966184,1,0.088
MNIST,FantopeOGD,10,50,0,286,0.275352,118.241536,1,0.089
MNIST,FantopeOGD,10,50,0,287,0.249693,118.491228,1,0.089
MNIST,FantopeOGD,10,50,0,288,0.367257,118.858486,1,0.089
MNIST,FantopeOGD,10,50,0,289,0.302014,119.160500,1,0.090
MNIST,FantopeOGD,10,50,0,290,0.381073,119.541573,1,0.090
MNIST,FantopeOGD,10,50,0,291,0.393655,119.935228,1,0.090
MNIST,FantopeOGD,10,50,0,292,0.438432,120.373660,1,0.091
MNIST,FantopeOGD,10,50,0,293,0.296930,120.670590,1,0.091
MNIST,FantopeOGD,10,50,0,294,0.367814,121.038404,1,0.091
MNIST,FantopeOGD,10,50,0,295,0.256884,121.295288,1,0.091
MNIST,FantopeOGD,10,50,0,296,0.227483,121.522771,1,0.092
MNIST,FantopeOGD,10,50,0,297,0.380687,121.903459,1,0.092
MNIST,FantopeOGD,10,50,0,298,0.281262,122.184720,1,0.092
MNIST,FantopeOGD,10,50,0,299,0.261971,122.446691,1,0.093
MNIST,FantopeOGD,10,50,0,300,0.293791,122.740482,1,0.093
MNIST,FantopeOGD,10,50,0,301,0.209804,122.950286,1,0.093
MNIST,FantopeOGD,10,50,0,302,0.351330,123.301616,1,0.094
MNIST,FantopeOGD,10,50,0,303,0.186354,123.487970,1,0.094
MNIST,FantopeOGD,10,50,0,304,0.317142,123.805112,1,0.094
MNIST,FantopeOGD,10,50,0,305,0.312948,124.118060,1,0.095
MNIST,FantopeOGD,10,50,0,306,0.320643,124.438703,1,0.095
MNIST,FantopeOGD,10,50,0,307,0.226569,124.665272,1,0.095
MNIST,FantopeOGD,10,50,0,308,0.225780,124.891053,1,0.096
MNIST,FantopeOGD,10,50,0,309,0.254966,125.146019,1,0.096
MNIST,FantopeOGD,10,50,0,310,0.266432,125.412450,1,0.096
MNIST,FantopeOGD,10,50,0,311,0.286118,125.698569,1,0.097
MNIST,FantopeOGD,10,50,0,312,0.187430,125.885999,1,0.097
MNIST,FantopeOGD,10,50,0,313,0.382974,126.268973,1,0.097
MNIST,FantopeOGD,10,50,0,314,0.421139,126.690111,1,0.097
MNIST,FantopeOGD,10,50,0,315,0.180226,126.870337,1,0.098
MNIST,FantopeOGD,10,50,0,316,0.286676,127.157013,1,0.098
MNIST,FantopeOGD,10,50,0,317,0.260515,127.417528,1,0.098
MNIST,FantopeOGD,10,50,0,318,0.322480,127.740009,1,0.099
MNIST,FantopeOGD,10,50,0,319,0.213274,127.953283,1,0.099
MNIST,FantopeOGD,10,50,0,320,0.416940,128.370223,1,0.099
MNIST,FantopeOGD,10,50,0,321,0.266048,128.636271,1,0.100
MNIST,FantopeOGD,10,50,0,322,0.383696,129.019967,1,0.100
MNIST,FantopeOGD,10,50,0,323,0.318957,129.338923,1,0.100
MNIST,FantopeOGD,10,50,0,324,0.340221,129.679144,1,0.101
MNIST,FantopeOGD,10,50,0,325,0.204214,129.883358,1,0.101
MNIST,FantopeOGD,10,50,0,326,0.201621,130.084979,1,0.101
MNIST,FantopeOGD,10,50,0,327,0.276908,130.361888,1,0.102
MNIST,FantopeOGD,10,50,0,328,0.285016,130.646904,1,0.102
MNIST,FantopeOGD,10,50,0,329,0.186882,130.833786,1,0.102
MNIST,FantopeOGD,10,50,0,330,0.361215,131.195001,1,0.103
MNIST,FantopeOGD,10,50,0,331,0.491015,131.686016,1,0.103
MNIST,FantopeOGD,10,50,0,332,0.250367,131.936383,1,0.103
MNIST,FantopeOGD,10,50,0,333,0.291858,132.228242,1,0.103
MNIST,FantopeOGD,10,50,0,334,0.298278,132.526519,1,0.104
MNIST,FantopeOGD,10,50,0,335,0.236172,132.762692,1,0.104
MNIST,FantopeOGD,10,50,0,336,0.276454,133.039146,1,0.104
MNIST,FantopeOGD,10,50,0,337,0.301446,133.340592,1,0.105
MNIST,FantopeOGD,10,50,0,338,0.314000,133.654593,1,0.105
MNIST,FantopeOGD,10,50,0,339,0.394126,134.048719,1,0.105
MNIST,FantopeOGD,10,50,0,340,0.293402,134.342121,1,0.106
MNIST,FantopeOGD,10,50,0,341,0.281657,134.623778,1,0.106
MNIST,FantopeOGD,10,50,0,342,0.289208,134.912987,1,0.106
MNIST,FantopeOGD,10,50,0,343,0.214207,135.127194,1,0.107
MNIST,FantopeOGD,10,50,0,344,0.256056,135.383250,1,0.107
MNIST,FantopeOGD,10,50,0,345,0.384671,135.767921,1,0.107
MNIST,FantopeOGD,10,50,0,346,0.253566,136.021487,1,0.108
MNIST,FantopeOGD,10,50,0,347,0.255996,136.277483,1,0.108
MNIST,FantopeOGD,10,50,0,348,0.331765,136.609248,1,0.108
MNIST,FantopeOGD,10,50,0,349,0.272946,136.882194,1,0.108
MNIST,FantopeOGD,10,50,0,350,0.254506,137.136700,1,0.109
MNIST,FantopeOGD,10,50,0,351,0.352364,137.489064,1,0.109
MNIST,FantopeOGD,10,50,0,352,0.358200,137.847264,1,0.109
MNIST,FantopeOGD,10,50,0,353,0.314637,138.161901,1,0.110
MNIST,FantopeOGD,10,50,0,354,0.228801,138.390702,1,0.110
MNIST,FantopeOGD,10,50,0,355,0.227650,138.618353,1,0.110
MNIST,FantopeOGD,10,50,0,356,0.292270,138.910622,1,0.111
MNIST,FantopeOGD,10,50,0,357,0.262630,139.173252,1,0.111
MNIST,FantopeOGD,10,50,0,358,0.310315,139.483567,1,0.111
MNIST,FantopeOGD,10,50,0,359,0.319955,139.803522,1,0.112
MNIST,FantopeOGD,10,50,0,360,0.403871,140.207393,1,0.112
MNIST,FantopeOGD,10,50,0,361,0.262081,140.469473,1,0.112
MNIST,FantopeOGD,10,50,0,362,0.238514,140.707987,1,0.113
MNIST,FantopeOGD,10,50,0,363,0.296937,141.004924,1,0.113
MNIST,FantopeOGD,10,50,0,364,0.291445,141.296370,1,0.113
MNIST,FantopeOGD,10,50,0,365,0.548333,141.844702,1,0.113
MNIST,FantopeOGD,10,50,0,366,0.351564,142.196266,1,0.114
MNIST,FantopeOGD,10,50,0,367,0.284766,142.481032,1,0.114
MNIST,FantopeOGD,10,50,0,368,0.157474,142.638506,1,0.114
MNIST,FantopeOGD,10,50,0,369,0.256055,142.894561,1,0.115
MNIST,FantopeOGD,10,50,0,370,0.372201,143.266762,1,0.115
MNIST,FantopeOGD,10,50,0,371,0.210473,143.477235,1,0.115
MNIST,FantopeOGD,10,50,0,372,0.321210,143.798446,1,0.116
MNIST,FantopeOGD,10,50,0,373,0.287551,144.085997,1,0.116
MNIST,FantopeOGD,10,50,0,374,0.283698,144.369695,1,0.116
MNIST,FantopeOGD,10,50,0,375,0.405717,144.775412,1,0.117
MNIST,FantopeOGD,10,50,0,376,0.351349,145.126761,1,0.117
MNIST,FantopeOGD,10,50,0,377,0.225799,145.352560,1,0.117
MNIST,FantopeOGD,10,50,0,378,0.183670,145.536230,1,0.118
MNIST,FantopeOGD,10,50,0,379,0.223253,145.759483,1,0.118
MNIST,FantopeOGD,10,50,0,380,0.202333,145.961816,1,0.118
MNIST,FantopeOGD,10,50,0,381,0.305682,146.267498,1,0.118
MNIST,FantopeOGD,10,50,0,382,0.151820,146.419318,1,0.119
MNIST,FantopeOGD,10,50,0,383,0.238773,146.658091,1,0.119
MNIST,FantopeOGD,10,50,0,384,0.297803,146.955894,1,0.119
MNIST,FantopeOGD,10,50,0,385,0.339428,147.295322,1,0.120
MNIST,FantopeOGD,10,50,0,386,0.308739,147.604060,1,0.120
MNIST,FantopeOGD,10,50,0,387,0.395260,147.999321,1,0.120
MNIST,FantopeOGD,10,50,0,388,0.249824,148.249145,1,0.121
MNIST,FantopeOGD,10,50,0,389,0.343923,148.593067,1,0.121
MNIST,FantopeOGD,10,50,0,390,0.366908,148.959975,1,0.121
MNIST,FantopeOGD,10,50,0,391,0.412102,149.372077,1,0.122
MNIST,FantopeOGD,10,50,0,392,0.293605,149.665682,1,0.122
MNIST,FantopeOGD,10,50,0,393,0.154108,149.819790,1,0.122
MNIST,FantopeOGD,10,50,0,394,0.401566,150.221357,1,0.122
MNIST,FantopeOGD,10,50,0,395,0.544254,150.765611,1,0.123
MNIST,FantopeOGD,10,50,0,396,0.348754,151.114365,1,0.123
MNIST,FantopeOGD,10,50,0,397,0.250987,151.365352,1,0.123
MNIST,FantopeOGD,10,50,0,398,0.356077,151.721429,1,0.124
MNIST,FantopeOGD,10,50,0,399,0.257603,151.979032,1,0.124
MNIST,FantopeOGD,10,50,0,400,0.125239,152.104271,1,0.124
MNIST,FantopeOGD,10,50,0,401,0.311636,152.415908,1,0.125
MNIST,FantopeOGD,10,50,0,402,0.371509,152.787417,1,0.125
MNIST,FantopeOGD,10,50,0,403,0.311732,153.099149,1,0.125
MNIST,FantopeOGD,10,50,0,404,0.311846,153.410996,1,0.126
MNIST,FantopeOGD,10,50,0,405,0.263620,153.674615,1,0.126
MNIST,FantopeOGD,10,50,0,406,0.257028,153.931643,1,0.126
MNIST,FantopeOGD,10,50,0,407,0.322966,154.254609,1,0.127
MNIST,FantopeOGD,10,50,0,408,0.227575,154.482184,1,0.127
MNIST,FantopeOGD,10,50,0,409,0.295201,154.777385,1,0.127
MNIST,FantopeOGD,10,50,0,410,0.253024,155.030409,1,0.128
MNIST,FantopeOGD,10,50,0,411,0.402471,155.432880,1,0.128
MNIST,FantopeOGD,10,50,0,412,0.257501,155.690381,1,0.128
MNIST,FantopeOGD,10,50,0,413,0.202900,155.893281,1,0.128
MNIST,FantopeOGD,10,50,0,414,0.265001,156.158283,1,0.129
MNIST,FantopeOGD,10,50,0,415,0.185529,156.343811,1,0.129
MNIST,FantopeOGD,10,50,0,416,0.289852,156.633663,1,0.129
MNIST,FantopeOGD,10,50,0,417,0.296457,156.930120,1,0.130
MNIST,FantopeOGD,10,50,0,418,0.297396,157.227517,1,0.130
MNIST,FantopeOGD,10,50,0,419,0.277124,157.504640,1,0.130
MNIST,FantopeOGD,10,50,0,420,0.277913,157.782553,1,0.131
MNIST,FantopeOGD,10,50,0,421,0.309256,158.091809,1,0.131
MNIST,FantopeOGD,10,50,0,422,0.209254,158.301062,1,0.131
MNIST,FantopeOGD,10,50,0,423,0.381423,158.682485,1,0.132
MNIST,FantopeOGD,10,50,0,424,0.361240,159.043726,1,0.132
MNIST,FantopeOGD,10,50,0,425,0.417955,159.461680,1,0.132
MNIST,FantopeOGD,10,50,0,426,0.348365,159.810045,1,0.132
MNIST,FantopeOGD,10,50,0,427,0.458134,160.268179,1,0.133
MNIST,FantopeOGD,10,50,0,428,0.276058,160.544238,1,0.133
MNIST,FantopeOGD,10,50,0,429,0.352267,160.896505,1,0.134
MNIST,FantopeOGD,10,50,0,430,0.228605,161.125110,1,0.134
MNIST,FantopeOGD,10,50,0,431,0.140064,161.265174,1,0.135
MNIST,FantopeOGD,10,50,0,432,0.428671,161.693846,1,0.135
MNIST,FantopeOGD,10,50,0,433,0.328149,162.021995,1,0.136
MNIST,FantopeOGD,10,50,0,434,0.320091,162.342086,1,0.136
MNIST,FantopeOGD,10,50,0,435,0.296315,162.638401,1,0.136
MNIST,FantopeOGD,10,50,0,436,0.231074,162.869475,1,0.137
MNIST,FantopeOGD,10,50,0,437,0.372062,163.241537,1,0.137
MNIST,FantopeOGD,10,50,0,438,0.310709,163.552246,1,0.137
MNIST,FantopeOGD,10,50,0,439,0.285551,163.837797,1,0.137
MNIST,FantopeOGD,10,50,0,440,0.306895,164.144692,1,0.138
MNIST,FantopeOGD,10,50,0,441,0.266479,164.411171,1,0.138
MNIST,FantopeOGD,10,50,0,442,0.275310,164.686481,1,0.138
MNIST,FantopeOGD,10,50,0,443,0.172246,164.858727,1,0.139
MNIST,FantopeOGD,10,50,0,444,0.349047,165.207774,1,0.139
MNIST,FantopeOGD,10,50,0,445,0.239715,165.447489,1,0.139
MNIST,FantopeOGD,10,50,0,446,0.256188,165.703677,1,0.140
MNIST,FantopeOGD,10,50,0,447,0.337779,166.041456,1,0.140
MNIST,FantopeOGD,10,50,0,448,0.163701,166.205157,1,0.140
MNIST,FantopeOGD,10,50,0,449,0.294765,166.499922,1,0.141
MNIST,FantopeOGD,10,50,0,450,0.190277,166.690199,1,0.141
MNIST,FantopeOGD,10,50,0,451,0.302797,166.992996,1,0.141
MNIST,FantopeOGD,10,50,0,452,0.384826,167.377821,1,0.142
MNIST,FantopeOGD,10,50,0,453,0.188920,167.566742,1,0.142
MNIST,FantopeOGD,10,50,0,454,0.298694,167.865436,1,0.142
MNIST,FantopeOGD,10,50,0,455,0.237522,168.102958,1,0.143
MNIST,FantopeOGD,10,50,0,456,0.182857,168.285815,1,0.143
MNIST,FantopeOGD,10,50,0,457,0.452028,168.737842,1,0.143
MNIST,FantopeOGD,10,50,0,458,0.230470,168.968312,1,0.143
MNIST,FantopeOGD,10,50,0,459,0.318793,169.287106,1,0.144
MNIST,FantopeOGD,10,50,0,460,0.248036,169.535142,1,0.144
MNIST,FantopeOGD,10,50,0,461,0.262958,169.798100,1,0.144
MNIST,FantopeOGD,10,50,0,462,0.252068,170.050168,1,0.145
MNIST,FantopeOGD,10,50,0,463,0.314638,170.364806,1,0.145
MNIST,FantopeOGD,10,50,0,464,0.264459,170.629265,1,0.146
MNIST,FantopeOGD,10,50,0,465,0.256034,170.885299,1,0.146
MNIST,FantopeOGD,10,50,0,466,0.291428,171.176728,1,0.147
MNIST,FantopeOGD,10,50,0,467,0.381842,171.558569,1,0.147
MNIST,FantopeOGD,10,50,0,468,0.085062,171.643631,1,0.147
MNIST,FantopeOGD,10,50,0,469,0.332306,171.975938,1,0.148
MNIST,FantopeOGD,10,50,0,470,0.230085,172.206022,1,0.148
MNIST,FantopeOGD,10,50,0,471,0.304860,172.510883,1,0.148
MNIST,FantopeOGD,10,50,0,472,0.311413,172.822296,1,0.149
MNIST,FantopeOGD,10,50,0,473,0.346017,173.168313,1,0.149
MNIST,FantopeOGD,10,50,0,474,0.219793,173.388106,1,0.149
MNIST,FantopeOGD,10,50,0,475,0.342361,173.730468,1,0.150
MNIST,FantopeOGD,10,50,0,476,0.161834,173.892302,1,0.150
MNIST,FantopeOGD,10,50,0,477,0.335770,174.228072,1,0.151
MNIST,FantopeOGD,10,50,0,478,0.236408,174.464480,1,0.151
MNIST,FantopeOGD,10,50,0,479,0.285991,174.750471,1,0.152
MNIST,FantopeOGD,10,50,0,480,0.295921,175.046392,1,0.152
MNIST,FantopeOGD,10,50,0,481,0.342093,175.388485,1,0.152
MNIST,FantopeOGD,10,50,0,482,0.256223,175.644708,1,0.153
MNIST,FantopeOGD,10,50,0,483,0.178310,175.823018,1,0.153
MNIST,FantopeOGD,10,50,0,484,0.277045,176.100062,1,0.153
MNIST,FantopeOGD,10,50,0,485,0.277042,176.377105,1,0.153
MNIST,FantopeOGD,10,50,0,486,0.249710,176.626815,1,0.154
MNIST,FantopeOGD,10,50,0,487,0.360052,176.986867,1,0.154
MNIST,FantopeOGD,10,50,0,488,0.307627,177.294494,1,0.154
MNIST,FantopeOGD,10,50,0,489,0.261340,177.555834,1,0.155
MNIST,FantopeOGD,10,50,0,490,0.308409,177.864243,1,0.155
MNIST,FantopeOGD,10,50,0,491,0.142678,178.006921,1,0.155
MNIST,FantopeOGD,10,50,0,492,0.253125,178.260046,1,0.156
MNIST,FantopeOGD,10,50,0,493,0.454873,178.714918,1,0.156
MNIST,FantopeOGD,10,50,0,494,0.258865,178.973783,1,0.156
MNIST,FantopeOGD,10,50,0,495,0.271167,179.244950,1,0.157
MNIST,FantopeOGD,10,50,0,496,0.350769,179.595719,1,0.157
MNIST,FantopeOGD,10,50,0,497,0.378997,179.974717,1,0.157
MNIST,FantopeOGD,10,50,0,498,0.328355,180.303071,1,0.157
MNIST,FantopeOGD,10,50,0,499,0.156017,180.459088,1,0.158
MNIST,FantopeOGD,10,50,0,500,0.212050,180.671138,1,0.158
MNIST,FantopeOGD,10,50,0,501,0.188748,180.859886,1,0.159
MNIST,FantopeOGD,10,50,0,502,0.206219,181.066105,1,0.159
MNIST,FantopeOGD,10,50,0,503,0.412344,181.478449,1,0.160
MNIST,FantopeOGD,10,50,0,504,0.334889,181.813338,1,0.160
MNIST,FantopeOGD,10,50,0,505,0.298316,182.111655,1,0.160
MNIST,FantopeOGD,10,50,0,506,0.343367,182.455021,1,0.161
MNIST,FantopeOGD,10,50,0,507,0.268847,182.723868,1,0.161
MNIST,FantopeOGD,10,50,0,508,0.294378,183.018247,1,0.161
MNIST,FantopeOGD,10,50,0,509,0.263579,183.281826,1,0.162
MNIST,FantopeOGD,10,50,0,510,0.265094,183.546920,1,0.162
MNIST,FantopeOGD,10,50,0,511,0.277213,183.824132,1,0.162
MNIST,FantopeOGD,10,50,0,512,0.186360,184.010492,1,0.163
MNIST,FantopeOGD,10,50,0,513,0.325855,184.336348,1,0.163
MNIST,FantopeOGD,10,50,0,514,0.376848,184.713196,1,0.163
MNIST,FantopeOGD,10,50,0,515,0.304661,185.017856,1,0.164
MNIST,FantopeOGD,10,50,0,516,0.217044,185.234900,1,0.164
MNIST,FantopeOGD,10,50,0,517,0.310445,185.545344,1,0.164
MNIST,FantopeOGD,10,50,0,518,0.243071,185.788415,1,0.165
MNIST,FantopeOGD,10,50,0,519,0.330698,186.119113,1,0.165
MNIST,FantopeOGD,10,50,0,520,0.308847,186.427959,1,0.165
MNIST,FantopeOGD,10,50,0,521,0.195566,186.623525,1,0.166
MNIST,FantopeOGD,10,50,0,522,0.302915,186.926440,1,0.166
MNIST,FantopeOGD,10,50,0,523,0.268398,187.194838,1,0.166
MNIST,FantopeOGD,10,50,0,524,0.175832,187.370670,1,0.166
MNIST,FantopeOGD,10,50,0,525,0.320606,187.691276,1,0.167
MNIST,FantopeOGD,10,50,0,526,0.343466,188.034743,1,0.167
MNIST,FantopeOGD,10,50,0,527,0.201315,188.236057,1,0.167
MNIST,FantopeOGD,10,50,0,528,0.116020,188.352077,1,0.168
MNIST,FantopeOGD,10,50,0,529,0.315929,188.668006,1,0.168
MNIST,FantopeOGD,10,50,0,530,0.124225,188.792231,1,0.168
MNIST,FantopeOGD,10,50,0,531,0.363386,189.155617,1,0.169
MNIST,FantopeOGD,10,50,0,532,0.184867,189.340484,1,0.169
MNIST,FantopeOGD,10,50,0,533,0.249388,189.589872,1,0.169
MNIST,FantopeOGD,10,50,0,534,0.340698,189.930570,1,0.170
MNIST,FantopeOGD,10,50,0,535,0.224800,190.155370,1,0.170
MNIST,FantopeOGD,10,50,0,536,0.347075,190.502444,1,0.170
MNIST,FantopeOGD,10,50,0,537,0.291374,190.793818,1,0.170
MNIST,FantopeOGD,10,50,0,538,0.306028,191.099846,1,0.171
MNIST,FantopeOGD,10,50,0,539,0.193499,191.293345,1,0.171
MNIST,FantopeOGD,10,50,0,540,0.171991,191.465337,1,0.171
MNIST,FantopeOGD,10,50,0,541,0.219648,191.684985,1,0.172
MNIST,FantopeOGD,10,50,0,542,0.241624,191.926608,1,0.172
MNIST,FantopeOGD,10,50,0,543,0.323012,192.249620,1,0.172
MNIST,FantopeOGD,10,50,0,544,0.105289,192.354909,1,0.173
MNIST,FantopeOGD,10,50,0,545,0.284546,192.639455,1,0.173
MNIST,FantopeOGD,10,50,0,546,0.278921,192.918376,1,0.173
MNIST,FantopeOGD,10,50,0,547,0.274757,193.193133,1,0.174
MNIST,FantopeOGD,10,50,0,548,0.338341,193.531474,1,0.174
MNIST,FantopeOGD,10,50,0,549,0.219514,193.750988,1,0.174
MNIST,FantopeOGD,10,50,0,550,0.312666,194.063653,1,0.175
MNIST,FantopeOGD,10,50,0,551,0.312089,194.375743,1,0.175
MNIST,FantopeOGD,10,50,0,552,0.278292,194.654035,1,0.175
MNIST,FantopeOGD,10,50,0,553,0.258001,194.912037,1,0.176
MNIST,FantopeOGD,10,50,0,554,0.101251,195.013287,1,0.176
MNIST,FantopeOGD,10,50,0,555,0.304635,195.317922,1,0.176
MNIST,FantopeOGD,10,50,0,556,0.180544,195.498466,1,0.177
MNIST,FantopeOGD,10,50,0,557,0.463933,195.962400,1,0.177
MNIST,FantopeOGD,10,50,0,558,0.218462,196.180862,1,0.177
MNIST,FantopeOGD,10,50,0,559,0.228881,196.409743,1,0.177
MNIST,FantopeOGD,10,50,0,560,0.289831,196.699574,1,0.178
MNIST,FantopeOGD,10,50,0,561,0.308565,197.008140,1,0.178
MNIST,FantopeOGD,10,50,0,562,0.234615,197.242755,1,0.178
MNIST,FantopeOGD,10,50,0,563,0.596613,197.839368,1,0.179
MNIST,FantopeOGD,10,50,0,564,0.186890,198.026258,1,0.179
MNIST,FantopeOGD,10,50,0,565,0.249224,198.275483,1,0.179
MNIST,FantopeOGD,10,50,0,566,0.388740,198.664223,1,0.180
MNIST,FantopeOGD,10,50,0,567,0.340477,199.004700,1,0.180
MNIST,FantopeOGD,10,50,0,568,0.233336,199.238036,1,0.180
MNIST,FantopeOGD,10,50,0,569,0.398526,199.636562,1,0.181
MNIST,FantopeOGD,10,50,0,570,0.133444,199.770006,1,0.181
MNIST,FantopeOGD,10,50,0,571,0.308678,200.078684,1,0.181
MNIST,FantopeOGD,10,50,0,572,0.415496,200.494180,1,0.182
MNIST,FantopeOGD,10,50,0,573,0.263553,200.757733,1,0.182
MNIST,FantopeOGD,10,50,0,574,0.401780,201.159513,1,0.182
MNIST,FantopeOGD,10,50,0,575,0.299059,201.458572,1,0.183
MNIST,FantopeOGD,10,50,0,576,0.452616,201.911188,1,0.183
MNIST,FantopeOGD,10,50,0,577,0.309277,202.220465,1,0.183
MNIST,FantopeOGD,10,50,0,578,0.289174,202.509638,1,0.183
MNIST,FantopeOGD,10,50,0,579,0.156538,202.666177,1,0.184
MNIST,FantopeOGD,10,50,0,580,0.211130,202.877307,1,0.184
MNIST,FantopeOGD,10,50,0,581,0.264530,203.141837,1,0.184
MNIST,FantopeOGD,10,50,0,582,0.267004,203.408841,1,0.185
MNIST,FantopeOGD,10,50,0,583,0.280995,203.689836,1,0.185
MNIST,FantopeOGD,10,50,0,584,0.307019,203.996854,1,0.185
MNIST,FantopeOGD,10,50,0,585,0.279411,204.276265,1,0.186
MNIST,FantopeOGD,10,50,0,586,0.376017,204.652282,1,0.186
MNIST,FantopeOGD,10,50,0,587,0.199233,204.851515,1,0.186
MNIST,FantopeOGD,10,50,0,588,0.227700,205.079215,1,0.187
MNIST,FantopeOGD,10,50,0,589,0.276557,205.355772,1,0.187
MNIST,FantopeOGD,10,50,0,590,0.168493,205.524265,1,0.187
MNIST,FantopeOGD,10,50,0,591,0.227210,205.751475,1,0.188
MNIST,FantopeOGD,10,50,0,592,0.372842,206.124318,1,0.188
MNIST,FantopeOGD,10,50,0,593,0.222870,206.347187,1,0.188
MNIST,FantopeOGD,10,50,0,594,0.322126,206.669313,1,0.189
MNIST,FantopeOGD,10,50,0,595,0.350654,207.019967,1,0.189
MNIST,FantopeOGD,10,50,0,596,0.181898,207.201866,1,0.189
MNIST,FantopeOGD,10,50,0,597,0.245187,207.447052,1,0.189
MNIST,FantopeOGD,10,50,0,598,0.258547,207.705599,1,0.190
MNIST,FantopeOGD,10,50,0,599,0.152987,207.858586,1,0.190
MNIST,FantopeOGD,10,50,0,600,0.205585,208.064171,1,0.191
MNIST,FantopeOGD,10,50,0,601,0.170596,208.234767,1,0.191
MNIST,FantopeOGD,10,50,0,602,0.179677,208.414444,1,0.191
MNIST,FantopeOGD,10,50,0,603,0.219863,208.634308,1,0.191
MNIST,FantopeOGD,10,50,0,604,0.231915,208.866223,1,0.192
MNIST,FantopeOGD,10,50,0,605,0.250180,209.116403,1,0.192
MNIST,FantopeOGD,10,50,0,606,0.169429,209.285832,1,0.192
MNIST,FantopeOGD,10,50,0,607,0.281316,209.567148,1,0.193
MNIST,FantopeOGD,10,50,0,608,0.230525,209.797673,1,0.193
MNIST,FantopeOGD,10,50,0,609,0.400108,210.197782,1,0.193
MNIST,FantopeOGD,10,50,0,610,0.172940,210.370722,1,0.194
MNIST,FantopeOGD,10,50,0,611,0.174957,210.545679,1,0.194
MNIST,FantopeOGD,10,50,0,612,0.249931,210.795610,1,0.194
MNIST,FantopeOGD,10,50,0,613,0.387548,211.183158,1,0.195
MNIST,FantopeOGD,10,50,0,614,0.173568,211.356726,1,0.195
MNIST,FantopeOGD,10,50,0,615,0.293778,211.650505,1,0.195
MNIST,FantopeOGD,10,50,0,616,0.324998,211.975503,1,0.196
MNIST,FantopeOGD,10,50,0,617,0.369605,212.345108,1,0.196
MNIST,FantopeOGD,10,50,0,618,0.253825,212.598933,1,0.196
MNIST,FantopeOGD,10,50,0,619,0.319212,212.918145,1,0.196
MNIST,FantopeOGD,10,50,0,620,0.318446,213.236591,1,0.197
MNIST,FantopeOGD,10,50,0,621,0.202381,213.438972,1,0.197
MNIST,FantopeOGD,10,50,0,622,0.528380,213.967351,1,0.197
MNIST,FantopeOGD,10,50,0,623,0.216291,214.183642,1,0.198
MNIST,FantopeOGD,10,50,0,624,0.366145,214.549787,1,0.198
MNIST,FantopeOGD,10,50,0,625,0.335590,214.885378,1,0.198
MNIST,FantopeOGD,10,50,0,626,0.527777,215.413155,1,0.199
MNIST,FantopeOGD,10,50,0,627,0.228475,215.641630,1,0.199
MNIST,FantopeOGD,10,50,0,628,0.299983,215.941613,1,0.199
MNIST,FantopeOGD,10,50,0,629,0.264263,216.205876,1,0.200
MNIST,FantopeOGD,10,50,0,630,0.294444,216.500319,1,0.200
MNIST,FantopeOGD,10,50,0,631,0.381395,216.881715,1,0.200
MNIST,FantopeOGD,10,50,0,632,0.135928,217.017643,1,0.201
MNIST,FantopeOGD,10,50,0,633,0.326107,217.343751,1,0.201
MNIST,FantopeOGD,10,50,0,634,0.135563,217.479314,1,0.201
MNIST,FantopeOGD,10,50,0,635,0.315820,217.795133,1,0.202
MNIST,FantopeOGD,10,50,0,636,0.308968,218.104101,1,0.202
MNIST,FantopeOGD,10,50,0,637,0.234076,218.338177,1,0.202
MNIST,FantopeOGD,10,50,0,638,0.339509,218.677686,1,0.202
MNIST,FantopeOGD,10,50,0,639,0.323566,219.001252,1,0.203
MNIST,FantopeOGD,10,50,0,640,0.321528,219.322781,1,0.203
MNIST,FantopeOGD,10,50,0,641,0.327246,219.650027,1,0.203
MNIST,FantopeOGD,10,50,0,642,0.266677,219.916704,1,0.204
MNIST,FantopeOGD,10,50,0,643,0.311825,220.228529,1,0.204
MNIST,FantopeOGD,10,50,0,644,0.261871,220.490400,1,0.204
MNIST,FantopeOGD,10,50,0,645,0.356287,220.846687,1,0.205
MNIST,FantopeOGD,10,50,0,646,0.584091,221.430778,1,0.205
MNIST,FantopeOGD,10,50,0,647,0.367570,221.798348,1,0.205
MNIST,FantopeOGD,10,50,0,648,0.188876,221.987224,1,0.206
MNIST,FantopeOGD,10,50,0,649,0.369668,222.356892,1,0.206
MNIST,FantopeOGD,10,50,0,650,0.244106,222.600998,1,0.206
MNIST,FantopeOGD,10,50,0,651,0.294730,222.895728,1,0.207
MNIST,FantopeOGD,10,50,0,652,0.312544,223.208273,1,0.207
MNIST,FantopeOGD,10,50,0,653,0.173654,223.381927,1,0.207
MNIST,FantopeOGD,10,50,0,654,0.268866,223.650793,1,0.208
MNIST,FantopeOGD,10,50,0,655,0.304903,223.955696,1,0.208
MNIST,FantopeOGD,10,50,0,656,0.266109,224.221804,1,0.208
MNIST,FantopeOGD,10,50,0,657,0.262965,224.484769,1,0.209
MNIST,FantopeOGD,10,50,0,658,0.308328,224.793097,1,0.209
MNIST,FantopeOGD,10,50,0,659,0.249253,225.042350,1,0.209
MNIST,FantopeOGD,10,50,0,660,0.204204,225.246554,1,0.210
MNIST,FantopeOGD,10,50,0,661,0.198682,225.445235,1,0.210
MNIST,FantopeOGD,10,50,0,662,0.207321,225.652557,1,0.210
MNIST,FantopeOGD,10,50,0,663,0.254188,225.906745,1,0.210
MNIST,FantopeOGD,10,50,0,664,0.175269,226.082013,1,0.211
MNIST,FantopeOGD,10,50,0,665,0.337428,226.419442,1,0.211
MNIST,FantopeOGD,10,50,0,666,0.203292,226.622734,1,0.212
MNIST,FantopeOGD,10,50,0,667,0.277492,226.900226,1,0.212
MNIST,FantopeOGD,10,50,0,668,0.223141,227.123367,1,0.213
MNIST,FantopeOGD,10,50,0,669,0.276740,227.400107,1,0.213
MNIST,FantopeOGD,10,50,0,670,0.222108,227.622215,1,0.214
MNIST,FantopeOGD,10,50,0,671,0.319685,227.941900,1,0.214
MNIST,FantopeOGD,10,50,0,672,0.197202,228.139102,1,0.214
MNIST,FantopeOGD,10,50,0,673,0.188477,228.327579,1,0.215
MNIST,FantopeOGD,10,50,0,674,0.183889,228.511468,1,0.215
MNIST,FantopeOGD,10,50,0,675,0.347379,228.858846,1,0.215
MNIST,FantopeOGD,10,50,0,676,0.454842,229.313688,1,0.215
MNIST,FantopeOGD,10,50,0,677,0.266479,229.580167,1,0.216
MNIST,FantopeOGD,10,50,0,678,0.293510,229.873678,1,0.216
MNIST,FantopeOGD,10,50,0,679,0.309066,230.182744,1,0.216
MNIST,FantopeOGD,10,50,0,680,0.179928,230.362672,1,0.217
MNIST,FantopeOGD,10,50,0,681,0.310919,230.673592,1,0.217
MNIST,FantopeOGD,10,50,0,682,0.378275,231.051867,1,0.217
MNIST,FantopeOGD,10,50,0,683,0.244626,231.296493,1,0.218
MNIST,FantopeOGD,10,50,0,684,0.420481,231.716974,1,0.218
MNIST,FantopeOGD,10,50,0,685,0.265442,231.982416,1,0.218
MNIST,FantopeOGD,10,50,0,686,0.337337,232.319754,1,0.219
MNIST,FantopeOGD,10,50,0,687,0.263484,232.583238,1,0.219
MNIST,FantopeOGD,10,50,0,688,0.190680,232.773918,1,0.219
MNIST,FantopeOGD,10,50,0,689,0.319708,233.093626,1,0.219
MNIST,FantopeOGD,10,50,0,690,0.399810,233.493436,1,0.220
MNIST,FantopeOGD,10,50,0,691,0.279997,233.773433,1,0.220
MNIST,FantopeOGD,10,50,0,692,0.265987,234.039420,1,0.220
MNIST,FantopeOGD,10,50,0,693,0.305066,234.344486,1,0.221
MNIST,FantopeOGD,10,50,0,694,0.243116,234.587602,1,0.221
MNIST,FantopeOGD,10,50,0,695,0.250097,234.837699,1,0.221
MNIST,FantopeOGD,10,50,0,696,0.297875,235.135574,1,0.222
MNIST,FantopeOGD,10,50,0,697,0.486590,235.622164,1,0.222
MNIST,FantopeOGD,10,50,0,698,0.342159,235.964323,1,0.222
MNIST,FantopeOGD,10,50,0,699,0.255540,236.219862,1,0.223
MNIST,FantopeOGD,10,50,0,700,0.231631,236.451493,1,0.223
MNIST,FantopeOGD,10,50,0,701,0.203961,236.655454,1,0.223
MNIST,FantopeOGD,10,50,0,702,0.170548,236.826003,1,0.224
MNIST,FantopeOGD,10,50,0,703,0.391860,237.217863,1,0.224
MNIST,FantopeOGD,10,50,0,704,0.248274,237.466137,1,0.224
MNIST,FantopeOGD,10,50,0,705,0.544955,238.011092,1,0.225
MNIST,FantopeOGD,10,50,0,706,0.253335,238.264426,1,0.225
MNIST,FantopeOGD,10,50,0,707,0.316056,238.580482,1,0.225
MNIST,FantopeOGD,10,50,0,708,0.328988,238.909470,1,0.226
MNIST,FantopeOGD,10,50,0,709,0.224227,239.133697,1,0.226
MNIST,FantopeOGD,10,50,0,710,0.283619,239.417317,1,0.226
MNIST,FantopeOGD,10,50,0,711,0.274233,239.691550,1,0.226
MNIST,FantopeOGD,10,50,0,712,0.283838,239.975388,1,0.227
MNIST,FantopeOGD,10,50,0,713,0.329317,240.304705,1,0.227
MNIST,FantopeOGD,10,50,0,714,0.274116,240.578820,1,0.227
MNIST,FantopeOGD,10,50,0,715,0.253284,240.832104,1,0.228
MNIST,FantopeOGD,10,50,0,716,0.182424,241.014528,1,0.228
MNIST,FantopeOGD,10,50,0,717,0.356661,241.371189,1,0.228
MNIST,FantopeOGD,10,50,0,718,0.273154,241.644344,1,0.229
MNIST,FantopeOGD,10,50,0,719,0.151559,241.795902,1,0.229
MNIST,FantopeOGD,10,50,0,720,0.326760,242.122662,1,0.229
MNIST,FantopeOGD,10,50,0,721,0.303929,242.426591,1,0.230
MNIST,FantopeOGD,10,50,0,722,0.147519,242.574110,1,0.230
MNIST,FantopeOGD,10,50,0,723,0.233272,242.807382,1,0.230
MNIST,FantopeOGD,10,50,0,724,0.221041,243.028423,1,0.231
MNIST,FantopeOGD,10,50,0,725,0.409010,243.437432,1,0.231
MNIST,FantopeOGD,10,50,0,726,0.239143,243.676575,1,0.231
MNIST,FantopeOGD,10,50,0,727,0.246623,243.923198,1,0.231
MNIST,FantopeOGD,10,50,0,728,0.415761,244.338959,1,0.232
MNIST,FantopeOGD,10,50,0,729,0.257956,244.596915,1,0.232
MNIST,FantopeOGD,10,50,0,730,0.296519,244.893434,1,0.232
MNIST,FantopeOGD,10,50,0,731,0.396576,245.290010,1,0.233
MNIST,FantopeOGD,10,50,0,732,0.343403,245.633413,1,0.233
MNIST,FantopeOGD,10,50,0,733,0.247447,245.880860,1,0.233
MNIST,FantopeOGD,10,50,0,734,0.288509,246.169369,1,0.234
MNIST,FantopeOGD,10,50,0,735,0.322728,246.492097,1,0.234
MNIST,FantopeOGD,10,50,0,736,0.343703,246.835799,1,0.234
MNIST,FantopeOGD,10,50,0,737,0.209338,247.045137,1,0.235
MNIST,FantopeOGD,10,50,0,738,0.140898,247.186035,1,0.235
MNIST,FantopeOGD,10,50,0,739,0.190387,247.376422,1,0.235
MNIST,FantopeOGD,10,50,0,740,0.320382,247.696804,1,0.235
MNIST,FantopeOGD,10,50,0,741,0.256760,247.953564,1,0.236
MNIST,FantopeOGD,10,50,0,742,0.255520,248.209084,1,0.236
MNIST,FantopeOGD,10,50,0,743,0.396568,248.605652,1,0.236
MNIST,FantopeOGD,10,50,0,744,0.213288,248.818940,1,0.237
MNIST,FantopeOGD,10,50,0,745,0.135498,248.954438,1,0.237
MNIST,FantopeOGD,10,50,0,746,0.200523,249.154961,1,0.237
MNIST,FantopeOGD,10,50,0,747,0.332632,249.487592,1,0.238
MNIST,FantopeOGD,10,50,0,748,0.335613,249.823205,1,0.238
MNIST,FantopeOGD,10,50,0,749,0.261293,250.084498,1,0.238
MNIST,FantopeOGD,10,50,0,750,0.177745,250.262243,1,0.239
MNIST,FantopeOGD,10,50,0,751,0.270736,250.532978,1,0.239
MNIST,FantopeOGD,10,50,0,752,0.331194,250.864172,1,0.239
MNIST,FantopeOGD,10,50,0,753,0.344469,251.208642,1,0.240
MNIST,FantopeOGD,10,50,0,754,0.385854,251.594495,1,0.240
MNIST,FantopeOGD,10,50,0,755,0.248409,251.842904,1,0.240
MNIST,FantopeOGD,10,50,0,756,0.233480,252.076384,1,0.241
MNIST,FantopeOGD,10,50,0,757,0.260181,252.336566,1,0.241
MNIST,FantopeOGD,10,50,0,758,0.632791,252.969357,1,0.241
MNIST,FantopeOGD,10,50,0,759,0.487105,253.456461,1,0.241
MNIST,FantopeOGD,10,50,0,760,0.212347,253.668808,1,0.242
MNIST,FantopeOGD,10,50,0,761,0.315191,253.983999,1,0.242
MNIST,FantopeOGD,10,50,0,762,0.319560,254.303559,1,0.242
MNIST,FantopeOGD,10,50,0,763,0.319869,254.623428,1,0.243
MNIST,FantopeOGD,10,50,0,764,0.262810,254.886238,1,0.243
MNIST,FantopeOGD,10,50,0,765,0.161562,255.047800,1,0.243
MNIST,FantopeOGD,10,50,0,766,0.208064,255.255864,1,0.244
MNIST,FantopeOGD,10,50,0,767,0.228025,255.483889,1,0.244
MNIST,FantopeOGD,10,50,0,768,0.251774,255.735663,1,0.244
MNIST,FantopeOGD,10,50,0,769,0.268695,256.004358,1,0.245
MNIST,FantopeOGD,10,50,0,770,0.280593,256.284951,1,0.245
MNIST,FantopeOGD,10,50,0,771,0.117301,256.402253,1,0.245
MNIST,FantopeOGD,10,50,0,772,0.273569,256.675822,1,0.246
MNIST,FantopeOGD,10,50,0,773,0.157464,256.833286,1,0.246
MNIST,FantopeOGD,10,50,0,774,0.539185,257.372471,1,0.246
MNIST,FantopeOGD,10,50,0,775,0.219633,257.592104,1,0.246
MNIST,FantopeOGD,10,50,0,776,0.273548,257.865652,1,0.247
MNIST,FantopeOGD,10,50,0,777,0.217771,258.083423,1,0.247
MNIST,FantopeOGD,10,50,0,778,0.336325,258.419748,1,0.247
MNIST,FantopeOGD,10,50,0,779,0.326629,258.746377,1,0.248
MNIST,FantopeOGD,10,50,0,780,0.286954,259.033332,1,0.248
MNIST,FantopeOGD,10,50,0,781,0.309066,259.342397,1,0.248
MNIST,FantopeOGD,10,50,0,782,0.185887,259.528285,1,0.249
MNIST,FantopeOGD,10,50,0,783,0.372449,259.900733,1,0.249
MNIST,FantopeOGD,10,50,0,784,0.286112,260.186845,1,0.249
MNIST,FantopeOGD,10,50,0,785,0.317897,260.504741,1,0.250
MNIST,FantopeOGD,10,50,0,786,0.338751,260.843492,1,0.250
MNIST,FantopeOGD,10,50,0,787,0.384205,261.227696,1,0.250
MNIST,FantopeOGD,10,50,0,788,0.252691,261.480388,1,0.250
MNIST,FantopeOGD,10,50,0,789,0.268298,261.748686,1,0.251
MNIST,FantopeOGD,10,50,0,790,0.262788,262.011474,1,0.251
MNIST,FantopeOGD,10,50,0,791,0.313964,262.325438,1,0.251
MNIST,FantopeOGD,10,50,0,792,0.237762,262.563200,1,0.252
MNIST,FantopeOGD,10,50,0,793,0.189368,262.752568,1,0.252
MNIST,FantopeOGD,10,50,0,794,0.272972,263.025540,1,0.252
MNIST,FantopeOGD,10,50,0,795,0.269099,263.294639,1,0.253
MNIST,FantopeOGD,10,50,0,796,0.318036,263.612675,1,0.253
MNIST,FantopeOGD,10,50,0,797,0.293452,263.906127,1,0.253
MNIST,FantopeOGD,10,50,0,798,0.441808,264.347935,1,0.254
MNIST,FantopeOGD,10,50,0,799,0.378765,264.726699,1,0.254
MNIST,FantopeOGD,10,50,0,800,0.314693,265.041392,1,0.254
MNIST,FantopeOGD,10,50,0,801,0.342860,265.384253,1,0.255
MNIST,FantopeOGD,10,50,0,802,0.183767,265.568020,1,0.255
MNIST,FantopeOGD,10,50,0,803,0.238700,265.806720,1,0.255
MNIST,FantopeOGD,10,50,0,804,0.327848,266.134568,1,0.256
MNIST,FantopeOGD,10,50,0,805,0.267357,266.401925,1,0.256
MNIST,FantopeOGD,10,50,0,806,0.273981,266.675906,1,0.256
MNIST,FantopeOGD,10,50,0,807,0.299498,266.975404,1,0.256
MNIST,FantopeOGD,10,50,0,808,0.303050,267.278454,1,0.257
MNIST,FantopeOGD,10,50,0,809,0.257090,267.535544,1,0.257
MNIST,FantopeOGD,10,50,0,810,0.380654,267.916198,1,0.257
MNIST,FantopeOGD,10,50,0,811,0.358120,268.274317,1,0.258
MNIST,FantopeOGD,10,50,0,812,0.195654,268.469971,1,0.258
MNIST,FantopeOGD,10,50,0,813,0.352576,268.822548,1,0.258
MNIST,FantopeOGD,10,50,0,814,0.252058,269.074605,1,0.259
MNIST,FantopeOGD,10,50,0,815,0.371209,269.445814,1,0.259
MNIST,FantopeOGD,10,50,0,816,0.204619,269.650434,1,0.259
MNIST,FantopeOGD,10,50,0,817,0.286542,269.936976,1,0.260
MNIST,FantopeOGD,10,50,0,818,0.284230,270.221206,1,0.260
MNIST,FantopeOGD,10,50,0,819,0.279225,270.500431,1,0.260
MNIST,FantopeOGD,10,50,0,820,0.282463,270.782894,1,0.260
MNIST,FantopeOGD,10,50,0,821,0.290172,271.073066,1,0.261
MNIST,FantopeOGD,10,50,0,822,0.310616,271.383682,1,0.261
MNIST,FantopeOGD,10,50,0,823,0.344347,271.728029,1,0.261
MNIST,FantopeOGD,10,50,0,824,0.316166,272.044195,1,0.262
MNIST,FantopeOGD,10,50,0,825,0.352556,272.396751,1,0.262
MNIST,FantopeOGD,10,50,0,826,0.220076,272.616827,1,0.262
MNIST,FantopeOGD,10,50,0,827,0.326162,272.942990,1,0.263
MNIST,FantopeOGD,10,50,0,828,0.172152,273.115141,1,0.263
MNIST,FantopeOGD,10,50,0,829,0.214866,273.330008,1,0.263
MNIST,FantopeOGD,10,50,0,830,0.280187,273.610195,1,0.263
MNIST,FantopeOGD,10,50,0,831,0.276476,273.886670,1,0.264
MNIST,FantopeOGD,10,50,0,832,0.202804,274.089474,1,0.264
MNIST,FantopeOGD,10,50,0,833,0.366774,274.456248,1,0.264
MNIST,FantopeOGD,10,50,0,834,0.238262,274.694509,1,0.265
MNIST,FantopeOGD,10,50,0,835,0.279714,274.974223,1,0.265
MNIST,FantopeOGD,10,50,0,836,0.561369,275.535592,1,0.265
MNIST,FantopeOGD,10,50,0,837,0.392711,275.928303,1,0.266
MNIST,FantopeOGD,10,50,0,838,0.299253,276.227556,1,0.266
MNIST,FantopeOGD,10,50,0,839,0.212992,276.440548,1,0.266
MNIST,FantopeOGD,10,50,0,840,0.294431,276.734979,1,0.267
MNIST,FantopeOGD,10,50,0,841,0.143216,276.878195,1,0.267
MNIST,FantopeOGD,10,50,0,842,0.263863,277.142058,1,0.267
MNIST,FantopeOGD,10,50,0,843,0.146751,277.288809,1,0.268
MNIST,FantopeOGD,10,50,0,844,0.336129,277.624939,1,0.268
MNIST,FantopeOGD,10,50,0,845,0.192760,277.817698,1,0.268
MNIST,FantopeOGD,10,50,0,846,0.180502,277.998200,1,0.268
MNIST,FantopeOGD,10,50,0,847,0.286442,278.284642,1,0.269
MNIST,FantopeOGD,10,50,0,848,0.236272,278.520913,1,0.269
MNIST,FantopeOGD,10,50,0,849,0.199387,278.720301,1,0.269
MNIST,FantopeOGD,10,50,0,850,0.373055,279.093355,1,0.270
MNIST,FantopeOGD,10,50,0,851,0.304923,279.398278,1,0.270
MNIST,FantopeOGD,10,50,0,852,0.284687,279.682965,1,0.270
MNIST,FantopeOGD,10,50,0,853,0.152582,279.835547,1,0.271
MNIST,FantopeOGD,10,50,0,854,0.228999,280.064546,1,0.271
MNIST,FantopeOGD,10,50,0,855,0.239713,280.304259,1,0.271
MNIST,FantopeOGD,10,50,0,856,0.293729,280.597989,1,0.272
MNIST,FantopeOGD,10,50,0,857,0.238651,280.836640,1,0.272
MNIST,FantopeOGD,10,50,0,858,0.246813,281.083452,1,0.272
MNIST,FantopeOGD,10,50,0,859,0.236673,281.320126,1,0.273
MNIST,FantopeOGD,10,50,0,860,0.180151,281.500277,1,0.273
MNIST,FantopeOGD,10,50,0,861,0.303444,281.803721,1,0.273
MNIST,FantopeOGD,10,50,0,862,0.177225,281.980946,1,0.273
MNIST,FantopeOGD,10,50,0,863,0.168518,282.149464,1,0.274
MNIST,FantopeOGD,10,50,0,864,0.167351,282.316815,1,0.275
MNIST,FantopeOGD,10,50,0,865,0.229357,282.546172,1,0.275
MNIST,FantopeOGD,10,50,0,866,0.213877,282.760049,1,0.276
MNIST,FantopeOGD,10,50,0,867,0.349896,283.109945,1,0.276
MNIST,FantopeOGD,10,50,0,868,0.215099,283.325043,1,0.277
MNIST,FantopeOGD,10,50,0,869,0.354481,283.679524,1,0.277
MNIST,FantopeOGD,10,50,0,870,0.155969,283.835493,1,0.278
MNIST,FantopeOGD,10,50,0,871,0.328563,284.164056,1,0.278
MNIST,FantopeOGD,10,50,0,872,0.197046,284.361102,1,0.279
MNIST,FantopeOGD,10,50,0,873,0.382333,284.743435,1,0.279
MNIST,FantopeOGD,10,50,0,874,0.201817,284.945252,1,0.279
MNIST,FantopeOGD,10,50,0,875,0.171691,285.116943,1,0.280
MNIST,FantopeOGD,10,50,0,876,0.268394,285.385336,1,0.280
MNIST,FantopeOGD,10,50,0,877,0.153056,285.538392,1,0.280
MNIST,FantopeOGD,10,50,0,878,0.269187,285.807579,1,0.280
MNIST,FantopeOGD,10,50,0,879,0.106019,285.913598,1,0.281
MNIST,FantopeOGD,10,50,0,880,0.429239,286.342837,1,0.281
MNIST,FantopeOGD,10,50,0,881,0.244072,286.586909,1,0.281
MNIST,FantopeOGD,10,50,0,882,0.222638,286.809547,1,0.282
MNIST,FantopeOGD,10,50,0,883,0.152954,286.962501,1,0.282
MNIST,FantopeOGD,10,50,0,884,0.183930,287.146431,1,0.282
MNIST,FantopeOGD,10,50,0,885,0.152114,287.298545,1,0.283
MNIST,FantopeOGD,10,50,0,886,0.303550,287.602096,1,0.283
MNIST,FantopeOGD,10,50,0,887,0.192573,287.794669,1,0.283
MNIST,FantopeOGD,10,50,0,888,0.162373,287.957041,1,0.284
MNIST,FantopeOGD,10,50,0,889,0.395203,288.352244,1,0.284
MNIST,FantopeOGD,10,50,0,890,0.268775,288.621019,1,0.284
MNIST,FantopeOGD,10,50,0,891,0.284149,288.905168,1,0.284
MNIST,FantopeOGD,10,50,0,892,0.335465,289.240633,1,0.285
MNIST,FantopeOGD,10,50,0,893,0.275254,289.515887,1,0.285
MNIST,FantopeOGD,10,50,0,894,0.181255,289.697143,1,0.285
MNIST,FantopeOGD,10,50,0,895,0.209034,289.906177,1,0.286
MNIST,FantopeOGD,10,50,0,896,0.284584,290.190761,1,0.286
MNIST,FantopeOGD,10,50,0,897,0.317796,290.508557,1,0.286
MNIST,FantopeOGD,10,50,0,898,0.154486,290.663043,1,0.287
MNIST,FantopeOGD,10,50,0,899,0.317612,290.980655,1,0.287
MNIST,FantopeOGD,10,50,0,900,0.259343,291.239998,1,0.287
MNIST,FantopeOGD,10,50,0,901,0.226469,291.466467,1,0.288
MNIST,FantopeOGD,10,50,0,902,0.364249,291.830717,1,0.288
MNIST,FantopeOGD,10,50,0,903,0.415942,292.246659,1,0.288
MNIST,FantopeOGD,10,50,0,904,0.276564,292.523223,1,0.289
MNIST,FantopeOGD,10,50,0,905,0.159470,292.682693,1,0.289
MNIST,FantopeOGD,10,50,0,906,0.117654,292.800347,1,0.289
MNIST,FantopeOGD,10,50,0,907,0.194282,292.994629,1,0.290
MNIST,FantopeOGD,10,50,0,908,0.274735,293.269364,1,0.290
MNIST,FantopeOGD,10,50,0,909,0.258750,293.528114,1,0.290
MNIST,FantopeOGD,10,50,0,910,0.287392,293.815506,1,0.291
MNIST,FantopeOGD,10,50,0,911,0.286965,294.102471,1,0.291
MNIST,FantopeOGD,10,50,0,912,0.262292,294.364763,1,0.291
MNIST,FantopeOGD,10,50,0,913,0.201537,294.566299,1,0.292
MNIST,FantopeOGD,10,50,0,914,0.193087,294.759386,1,0.292
MNIST,FantopeOGD,10,50,0,915,0.230168,294.989554,1,0.292
MNIST,FantopeOGD,10,50,0,916,0.321951,295.311505,1,0.292
MNIST,FantopeOGD,10,50,0,917,0.374574,295.686079,1,0.293
MNIST,FantopeOGD,10,50,0,918,0.233543,295.919622,1,0.293
MNIST,FantopeOGD,10,50,0,919,0.194418,296.114040,1,0.293
MNIST,FantopeOGD,10,50,0,920,0.252715,296.366756,1,0.294
MNIST,FantopeOGD,10,50,0,921,0.173477,296.540233,1,0.294
MNIST,FantopeOGD,10,50,0,922,0.168524,296.708757,1,0.294
MNIST,FantopeOGD,10,50,0,923,0.324101,297.032858,1,0.295
MNIST,FantopeOGD,10,50,0,924,0.326835,297.359693,1,0.295
MNIST,FantopeOGD,10,50,0,925,0.334953,297.694646,1,0.295
MNIST,FantopeOGD,10,50,0,926,0.138593,297.833239,1,0.296
MNIST,FantopeOGD,10,50,0,927,0.363142,298.196381,1,0.296
MNIST,FantopeOGD,10,50,0,928,0.240493,298.436874,1,0.296
MNIST,FantopeOGD,10,50,0,929,0.243129,298.680003,1,0.296
MNIST,FantopeOGD,10,50,0,930,0.129874,298.809876,1,0.297
MNIST,FantopeOGD,10,50,0,931,0.221722,299.031598,1,0.297
MNIST,FantopeOGD,10,50,0,932,0.286967,299.318565,1,0.297
MNIST,FantopeOGD,10,50,0,933,0.175319,299.493884,1,0.298
MNIST,FantopeOGD,10,50,0,934,0.331159,299.825043,1,0.298
MNIST,FantopeOGD,10,50,0,935,0.271325,300.096368,1,0.298
MNIST,FantopeOGD,10,50,0,936,0.125195,300.221563,1,0.299
MNIST,FantopeOGD,10,50,0,937,0.234352,300.455915,1,0.299
MNIST,FantopeOGD,10,50,0,938,0.174604,300.630519,1,0.299
MNIST,FantopeOGD,10,50,0,939,0.379408,301.009926,1,0.300
MNIST,FantopeOGD,10,50,0,940,0.221458,301.231384,1,0.300
MNIST,FantopeOGD,10,50,0,941,0.319028,301.550412,1,0.300
MNIST,FantopeOGD,10,50,0,942,0.350404,301.900816,1,0.300
MNIST,FantopeOGD,10,50,0,943,0.281140,302.181955,1,0.301
MNIST,FantopeOGD,10,50,0,944,0.254801,302.436756,1,0.301
MNIST,FantopeOGD,10,50,0,945,0.340242,302.776998,1,0.301
MNIST,FantopeOGD,10,50,0,946,0.176426,302.953424,1,0.302
MNIST,FantopeOGD,10,50,0,947,0.350386,303.303810,1,0.302
MNIST,FantopeOGD,10,50,0,948,0.267747,303.571557,1,0.302
MNIST,FantopeOGD,10,50,0,949,0.395805,303.967362,1,0.303
MNIST,FantopeOGD,10,50,0,950,0.243698,304.211061,1,0.303
MNIST,FantopeOGD,10,50,0,951,0.354606,304.565667,1,0.303
MNIST,FantopeOGD,10,50,0,952,0.544030,305.109697,1,0.304
MNIST,FantopeOGD,10,50,0,953,0.457914,305.567611,1,0.304
MNIST,FantopeOGD,10,50,0,954,0.395614,305.963225,1,0.304
MNIST,FantopeOGD,10,50,0,955,0.286668,306.249893,1,0.305
MNIST,FantopeOGD,10,50,0,956,0.250117,306.500010,1,0.305
MNIST,FantopeOGD,10,50,0,957,0.232141,306.732150,1,0.305
MNIST,FantopeOGD,10,50,0,958,0.228232,306.960383,1,0.306
MNIST,FantopeOGD,10,50,0,959,0.202109,307.162492,1,0.306
MNIST,FantopeOGD,10,50,0,960,0.211628,307.374120,1,0.306
MNIST,FantopeOGD,10,50,0,961,0.389735,307.763856,1,0.307
MNIST,FantopeOGD,10,50,0,962,0.252116,308.015971,1,0.307
MNIST,FantopeOGD,10,50,0,963,0.281261,308.297232,1,0.307
MNIST,FantopeOGD,10,50,0,964,0.420918,308.718149,1,0.307
MNIST,FantopeOGD,10,50,0,965,0.200661,308.918810,1,0.308
MNIST,FantopeOGD,10,50,0,966,0.304488,309.223298,1,0.308
MNIST,FantopeOGD,10,50,0,967,0.101320,309.324618,1,0.308
MNIST,FantopeOGD,10,50,0,968,0.251930,309.576548,1,0.309
MNIST,FantopeOGD,10,50,0,969,0.279599,309.856147,1,0.309
MNIST,FantopeOGD,10,50,0,970,0.239943,310.096090,1,0.309
MNIST,FantopeOGD,10,50,0,971,0.276332,310.372422,1,0.310
MNIST,FantopeOGD,10,50,0,972,0.319487,310.691909,1,0.310
MNIST,FantopeOGD,10,50,0,973,0.330871,311.022781,1,0.310
MNIST,FantopeOGD,10,50,0,974,0.252933,311.275713,1,0.310
MNIST,FantopeOGD,10,50,0,975,0.387458,311.663172,1,0.311
MNIST,FantopeOGD,10,50,0,976,0.228864,311.892036,1,0.311
MNIST,FantopeOGD,10,50,0,977,0.270052,312.162089,1,0.311
MNIST,FantopeOGD,10,50,0,978,0.210195,312.372283,1,0.312
MNIST,FantopeOGD,10,50,0,979,0.299312,312.671595,1,0.312
MNIST,FantopeOGD,10,50,0,980,0.226437,312.898032,1,0.312
MNIST,FantopeOGD,10,50,0,981,0.387094,313.285126,1,0.313
MNIST,FantopeOGD,10,50,0,982,0.325675,313.610801,1,0.313
MNIST,FantopeOGD,10,50,0,983,0.304562,313.915362,1,0.313
MNIST,FantopeOGD,10,50,0,984,0.263548,314.178911,1,0.314
MNIST,FantopeOGD,10,50,0,985,0.215119,314.394029,1,0.314
MNIST,FantopeOGD,10,50,0,986,0.368113,314.762142,1,0.314
MNIST,FantopeOGD,10,50,0,987,0.288671,315.050814,1,0.314
MNIST,FantopeOGD,10,50,0,988,0.196308,315.247122,1,0.315
MNIST,FantopeOGD,10,50,0,989,0.128922,315.376044,1,0.315
MNIST,FantopeOGD,10,50,0,990,0.301339,315.677383,1,0.315
MNIST,FantopeOGD,10,50,0,991,0.302709,315.980091,1,0.316
MNIST,FantopeOGD,10,50,0,992,0.326545,316.306636,1,0.316
MNIST,FantopeOGD,10,50,0,993,0.271417,316.578053,1,0.316
MNIST,FantopeOGD,10,50,0,994,0.319391,316.897444,1,0.317
MNIST,FantopeOGD,10,50,0,995,0.283403,317.180847,1,0.317
MNIST,FantopeOGD,10,50,0,996,0.362133,317.542980,1,0.317
MNIST,FantopeOGD,10,50,0,997,0.285389,317.828369,1,0.318
MNIST,FantopeOGD,10,50,0,998,0.214992,318.043361,1,0.318
MNIST,FantopeOGD,10,50,0,999,0.186876,318.230237,1,0.318
MNIST,FantopeOGD,10,50,0,1000,0.238583,318.468820,1,0.319
MNIST,FantopeOGD,10,50,0,1001,0.215558,318.684379,1,0.319
MNIST,FantopeOGD,10,50,0,1002,0.232385,318.916764,1,0.320
MNIST,FantopeOGD,10,50,0,1003,0.206412,319.123176,1,0.320
MNIST,FantopeOGD,10,50,0,1004,0.079145,319.202321,1,0.321
MNIST,FantopeOGD,10,50,0,1005,0.315075,319.517396,1,0.321
MNIST,FantopeOGD,10,50,0,1006,0.215478,319.732874,1,0.321
MNIST,FantopeOGD,10,50,0,1007,0.139742,319.872616,1,0.322
MNIST,FantopeOGD,10,50,0,1008,0.378392,320.251008,1,0.322
MNIST,FantopeOGD,10,50,0,1009,0.156485,320.407494,1,0.322
MNIST,FantopeOGD,10,50,0,1010,0.217510,320.625004,1,0.323
MNIST,FantopeOGD,10,50,0,1011,0.283293,320.908297,1,0.323
MNIST,FantopeOGD,10,50,0,1012,0.387907,321.296204,1,0.323
MNIST,FantopeOGD,10,50,0,1013,0.224727,321.520931,1,0.324
MNIST,FantopeOGD,10,50,0,1014,0.177970,321.698901,1,0.324
MNIST,FantopeOGD,10,50,0,1015,0.315338,322.014239,1,0.324
MNIST,FantopeOGD,10,50,0,1016,0.295269,322.309508,1,0.324
MNIST,FantopeOGD,10,50,0,1017,0.312576,322.622084,1,0.325
MNIST,FantopeOGD,10,50,0,1018,0.258312,322.880396,1,0.325
MNIST,FantopeOGD,10,50,0,1019,0.342575,323.222971,1,0.325
MNIST,FantopeOGD,10,50,0,1020,0.273412,323.496382,1,0.326
MNIST,FantopeOGD,10,50,0,1021,0.331435,323.827817,1,0.326
MNIST,FantopeOGD,10,50,0,1022,0.313107,324.140924,1,0.326
MNIST,FantopeOGD,10,50,0,1023,0.403186,324.544111,1,0.327
MNIST,FantopeOGD,10,50,0,1024,0.250028,324.794139,1,0.327
MNIST,FantopeOGD,10,50,0,1025,0.304665,325.098804,1,0.327
MNIST,FantopeOGD,10,50,0,1026,0.396532,325.495336,1,0.328
MNIST,FantopeOGD,10,50,0,1027,0.259638,325.754973,1,0.328
MNIST,FantopeOGD,10,50,0,1028,0.239639,325.994612,1,0.328
MNIST,FantopeOGD,10,50,0,1029,0.478779,326.473391,1,0.328
MNIST,FantopeOGD,10,50,0,1030,0.284570,326.757961,1,0.329
MNIST,FantopeOGD,10,50,0,1031,0.298278,327.056239,1,0.329
MNIST,FantopeOGD,10,50,0,1032,0.272952,327.329191,1,0.329
MNIST,FantopeOGD,10,50,0,1033,0.279107,327.608298,1,0.330
MNIST,FantopeOGD,10,50,0,1034,0.254620,327.862918,1,0.330
MNIST,FantopeOGD,10,50,0,1035,0.352040,328.214958,1,0.330
MNIST,FantopeOGD,10,50,0,1036,0.217660,328.432618,1,0.331
MNIST,FantopeOGD,10,50,0,1037,0.244241,328.676859,1,0.331
MNIST,FantopeOGD,10,50,0,1038,0.117936,328.794795,1,0.332
MNIST,FantopeOGD,10,50,0,1039,0.228605,329.023400,1,0.332
MNIST,FantopeOGD,10,50,0,1040,0.307176,329.330576,1,0.332
MNIST,FantopeOGD,10,50,0,1041,0.344921,329.675497,1,0.333
MNIST,FantopeOGD,10,50,0,1042,0.285212,329.960709,1,0.333
MNIST,FantopeOGD,10,50,0,1043,0.175161,330.135870,1,0.333
MNIST,FantopeOGD,10,50,0,1044,0.238946,330.374816,1,0.334
MNIST,FantopeOGD,10,50,0,1045,0.278556,330.653372,1,0.334
MNIST,FantopeOGD,10,50,0,1046,0.271125,330.924497,1,0.334
MNIST,FantopeOGD,10,50,0,1047,0.256058,331.180555,1,0.335
MNIST,FantopeOGD,10,50,0,1048,0.225026,331.405581,1,0.335
MNIST,FantopeOGD,10,50,0,1049,0.247482,331.653063,1,0.335
MNIST,FantopeOGD,10,50,0,1050,0.267180,331.920243,1,0.336
MNIST,FantopeOGD,10,50,0,1051,0.357683,332.277925,1,0.336
MNIST,FantopeOGD,10,50,0,1052,0.189306,332.467232,1,0.336
MNIST,FantopeOGD,10,50,0,1053,0.357042,332.824274,1,0.337
MNIST,FantopeOGD,10,50,0,1054,0.292970,333.117244,1,0.337
MNIST,FantopeOGD,10,50,0,1055,0.311899,333.429143,1,0.337
MNIST,FantopeOGD,10,50,0,1056,0.176082,333.605225,1,0.338
MNIST,FantopeOGD,10,50,0,1057,0.463828,334.069054,1,0.338
MNIST,FantopeOGD,10,50,0,1058,0.396704,334.465758,1,0.338
MNIST,FantopeOGD,10,50,0,1059,0.142143,334.607901,1,0.339
MNIST,FantopeOGD,10,50,0,1060,0.399640,335.007541,1,0.339
MNIST,FantopeOGD,10,50,0,1061,0.253748,335.261289,1,0.339
MNIST,FantopeOGD,10,50,0,1062,0.273233,335.534522,1,0.340
MNIST,FantopeOGD,10,50,0,1063,0.252398,335.786920,1,0.340
MNIST,FantopeOGD,10,50,0,1064,0.259245,336.046165,1,0.340
MNIST,FantopeOGD,10,50,0,1065,0.166545,336.212709,1,0.340
MNIST,FantopeOGD,10,50,0,1066,0.190269,336.402978,1,0.341
MNIST,FantopeOGD,10,50,0,1067,0.356979,336.759958,1,0.341
MNIST,FantopeOGD,10,50,0,1068,0.179645,336.939602,1,0.341
MNIST,FantopeOGD,10,50,0,1069,0.320188,337.259790,1,0.342
MNIST,FantopeOGD,10,50,0,1070,0.269330,337.529120,1,0.342
MNIST,FantopeOGD,10,50,0,1071,0.196039,337.725158,1,0.342
MNIST,FantopeOGD,10,50,0,1072,0.317087,338.042246,1,0.343
MNIST,FantopeOGD,10,50,0,1073,0.332971,338.375217,1,0.343
MNIST,FantopeOGD,10,50,0,1074,0.291624,338.666841,1,0.343
MNIST,FantopeOGD,10,50,0,1075,0.240623,338.907464,1,0.344
MNIST,FantopeOGD,10,50,0,1076,0.422395,339.329859,1,0.344
MNIST,FantopeOGD,10,50,0,1077,0.324349,339.654208,1,0.344
MNIST,FantopeOGD,10,50,0,1078,0.156411,339.810619,1,0.345
MNIST,FantopeOGD,10,50,0,1079,0.317749,340.128368,1,0.345
MNIST,FantopeOGD,10,50,0,1080,0.293821,340.422189,1,0.345
MNIST,FantopeOGD,10,50,0,1081,0.318148,340.740337,1,0.346
MNIST,FantopeOGD,10,50,0,1082,0.132644,340.872981,1,0.346
MNIST,FantopeOGD,10,50,0,1083,0.214546,341.087528,1,0.346
MNIST,FantopeOGD,10,50,0,1084,0.206827,341.294354,1,0.347
MNIST,FantopeOGD,10,50,0,1085,0.271331,341.565686,1,0.347
MNIST,FantopeOGD,10,50,0,1086,0.428496,341.994182,1,0.347
MNIST,FantopeOGD,10,50,0,1087,0.326156,342.320337,1,0.348
MNIST,FantopeOGD,10,50,0,1088,0.199833,342.520170,1,0.348
MNIST,FantopeOGD,10,50,0,1089,0.201298,342.721468,1,0.348
MNIST,FantopeOGD,10,50,0,1090,0.322916,343.044384,1,0.349
MNIST,FantopeOGD,10,50,0,1091,0.194566,343.238949,1,0.349
MNIST,FantopeOGD,10,50,0,1092,0.163279,343.402228,1,0.349
MNIST,FantopeOGD,10,50,0,1093,0.304084,343.706312,1,0.350
MNIST,FantopeOGD,10,50,0,1094,0.317721,344.024034,1,0.350
MNIST,FantopeOGD,10,50,0,1095,0.246505,344.270538,1,0.350
MNIST,FantopeOGD,10,50,0,1096,0.239912,344.510450,1,0.351
MNIST,FantopeOGD,10,50,0,1097,0.162025,344.672475,1,0.351
MNIST,FantopeOGD,10,50,0,1098,0.196306,344.868781,1,0.351
MNIST,FantopeOGD,10,50,0,1099,0.218419,345.087199,1,0.351
MNIST,FantopeOGD,10,50,0,1100,0.290087,345.377287,1,0.352
MNIST,FantopeOGD,10,50,0,1101,0.241802,345.619089,1,0.352
MNIST,FantopeOGD,10,50,0,1102,0.255461,345.874550,1,0.353
MNIST,FantopeOGD,10,50,0,1103,0.268310,346.142860,1,0.353
MNIST,FantopeOGD,10,50,0,1104,0.483408,346.626268,1,0.353
MNIST,FantopeOGD,10,50,0,1105,0.263451,346.889719,1,0.354
MNIST,FantopeOGD,10,50,0,1106,0.270787,347.160507,1,0.354
MNIST,FantopeOGD,10,50,0,1107,0.197602,347.358109,1,0.354
MNIST,FantopeOGD,10,50,0,1108,0.147780,347.505889,1,0.355
MNIST,FantopeOGD,10,50,0,1109,0.329960,347.835849,1,0.355
MNIST,FantopeOGD,10,50,0,1110,0.344512,348.180362,1,0.355
MNIST,FantopeOGD,10,50,0,1111,0.245209,348.425571,1,0.355
MNIST,FantopeOGD,10,50,0,1112,0.260080,348.685651,1,0.356
MNIST,FantopeOGD,10,50,0,1113,0.230311,348.915962,1,0.356
MNIST,FantopeOGD,10,50,0,1114,0.298144,349.214106,1,0.356
MNIST,FantopeOGD,10,50,0,1115,0.271543,349.485650,1,0.357
MNIST,FantopeOGD,10,50,0,1116,0.380163,349.865813,1,0.357
MNIST,FantopeOGD,10,50,0,1117,0.223330,350.089143,1,0.357
MNIST,FantopeOGD,10,50,0,1118,0.264327,350.353470,1,0.358
MNIST,FantopeOGD,10,50,0,1119,0.287684,350.641154,1,0.358
MNIST,FantopeOGD,10,50,0,1120,0.234409,350.875563,1,0.358
MNIST,FantopeOGD,10,50,0,1121,0.293538,351.169100,1,0.359
MNIST,FantopeOGD,10,50,0,1122,0.146115,351.315215,1,0.359
MNIST,FantopeOGD,10,50,0,1123,0.243068,351.558283,1,0.359
MNIST,FantopeOGD,10,50,0,1124,0.248736,351.807018,1,0.359
MNIST,FantopeOGD,10,50,0,1125,0.354597,352.161615,1,0.360
MNIST,FantopeOGD,10,50,0,1126,0.247576,352.409191,1,0.360
MNIST,FantopeOGD,10,50,0,1127,0.228714,352.637905,1,0.360
MNIST,FantopeOGD,10,50,0,1128,0.170672,352.808577,1,0.361
MNIST,FantopeOGD,10,50,0,1129,0.277729,353.086306,1,0.361
MNIST,FantopeOGD,10,50,0,1130,0.141090,353.227396,1,0.361
MNIST,FantopeOGD,10,50,0,1131,0.222139,353.449535,1,0.362
MNIST,FantopeOGD,10,50,0,1132,0.395228,353.844763,1,0.362
MNIST,FantopeOGD,10,50,0,1133,0.147453,353.992216,1,0.362
MNIST,FantopeOGD,10,50,0,1134,0.363340,354.355555,1,0.363
MNIST,FantopeOGD,10,50,0,1135,0.297738,354.653294,1,0.363
MNIST,FantopeOGD,10,50,0,1136,0.386084,355.039378,1,0.363
MNIST,FantopeOGD,10,50,0,1137,0.263841,355.303218,1,0.364
MNIST,FantopeOGD,10,50,0,1138,0.263041,355.566259,1,0.364
MNIST,FantopeOGD,10,50,0,1139,0.225536,355.791795,1,0.364
MNIST,FantopeOGD,10,50,0,1140,0.299848,356.091643,1,0.364
MNIST,FantopeOGD,10,50,0,1141,0.273915,356.365559,1,0.365
MNIST,FantopeOGD,10,50,0,1142,0.316829,356.682388,1,0.365
MNIST,FantopeOGD,10,50,0,1143,0.308817,356.991205,1,0.365
MNIST,FantopeOGD,10,50,0,1144,0.245145,357.236350,1,0.366
MNIST,FantopeOGD,10,50,0,1145,0.123779,357.360129,1,0.366
MNIST,FantopeOGD,10,50,0,1146,0.214645,357.574774,1,0.366
MNIST,FantopeOGD,10,50,0,1147,0.340440,357.915214,1,0.367
MNIST,FantopeOGD,10,50,0,1148,0.176365,358.091579,1,0.367
MNIST,FantopeOGD,10,50,0,1149,0.189273,358.280852,1,0.367
MNIST,FantopeOGD,10,50,0,1150,0.220234,358.501086,1,0.368
MNIST,FantopeOGD,10,50,0,1151,0.263760,358.764846,1,0.368
MNIST,FantopeOGD,10,50,0,1152,0.289898,359.054744,1,0.368
MNIST,FantopeOGD,10,50,0,1153,0.284666,359.339410,1,0.369
MNIST,FantopeOGD,10,50,0,1154,0.173911,359.513321,1,0.369
MNIST,FantopeOGD,10,50,0,1155,0.215884,359.729205,1,0.369
MNIST,FantopeOGD,10,50,0,1156,0.187913,359.917118,1,0.370
MNIST,FantopeOGD,10,50,0,1157,0.122585,360.039703,1,0.370
MNIST,FantopeOGD,10,50,0,1158,0.525218,360.564921,1,0.370
MNIST,FantopeOGD,10,50,0,1159,0.214453,360.779374,1,0.371
MNIST,FantopeOGD,10,50,0,1160,0.314328,361.093701,1,0.371
MNIST,FantopeOGD,10,50,0,1161,0.341586,361.435287,1,0.371
MNIST,FantopeOGD,10,50,0,1162,0.329708,361.764995,1,0.371
MNIST,FantopeOGD,10,50,0,1163,0.189049,361.954043,1,0.372
MNIST,FantopeOGD,10,50,0,1164,0.155162,362.109206,1,0.372
MNIST,FantopeOGD,10,50,0,1165,0.130385,362.239591,1,0.372
MNIST,FantopeOGD,10,50,0,1166,0.308922,362.548512,1,0.373
MNIST,FantopeOGD,10,50,0,1167,0.195748,362.744260,1,0.373
MNIST,FantopeOGD,10,50,0,1168,0.135365,362.879625,1,0.373
MNIST,FantopeOGD,10,50,0,1169,0.277874,363.157499,1,0.374
MNIST,FantopeOGD,10,50,0,1170,0.347327,363.504827,1,0.374
MNIST,FantopeOGD,10,50,0,1171,0.219131,363.723958,1,0.374
MNIST,FantopeOGD,10,50,0,1172,0.241060,363.965018,1,0.375
MNIST,FantopeOGD,10,50,0,1173,0.213066,364.178083,1,0.375
MNIST,FantopeOGD,10,50,0,1174,0.235379,364.413463,1,0.375
MNIST,FantopeOGD,10,50,0,1175,0.276022,364.689485,1,0.376
MNIST,FantopeOGD,10,50,0,1176,0.339116,365.028601,1,0.376
MNIST,FantopeOGD,10,50,0,1177,0.131971,365.160572,1,0.376
MNIST,FantopeOGD,10,50,0,1178,0.365163,365.525735,1,0.377
MNIST,FantopeOGD,10,50,0,1179,0.285944,365.811679,1,0.377
MNIST,FantopeOGD,10,50,0,1180,0.315406,366.127085,1,0.377
MNIST,FantopeOGD,10,50,0,1181,0.317295,366.444380,1,0.377
MNIST,FantopeOGD,10,50,0,1182,0.226684,366.671064,1,0.378
MNIST,FantopeOGD,10,50,0,1183,0.291406,366.962470,1,0.378
MNIST,FantopeOGD,10,50,0,1184,0.094650,367.057120,1,0.378
MNIST,FantopeOGD,10,50,0,1185,0.268441,367.325561,1,0.379
MNIST,FantopeOGD,10,50,0,1186,0.238873,367.564434,1,0.379
MNIST,FantopeOGD,10,50,0,1187,0.295294,367.859728,1,0.379
MNIST,FantopeOGD,10,50,0,1188,0.220318,368.080046,1,0.380
MNIST,FantopeOGD,10,50,0,1189,0.228318,368.308364,1,0.380
MNIST,FantopeOGD,10,50,0,1190,0.267107,368.575471,1,0.380
MNIST,FantopeOGD,10,50,0,1191,0.320897,368.896368,1,0.381
MNIST,FantopeOGD,10,50,0,1192,0.465232,369.361600,1,0.381
MNIST,FantopeOGD,10,50,0,1193,0.306804,369.668404,1,0.381
MNIST,FantopeOGD,10,50,0,1194,0.184493,369.852897,1,0.382
MNIST,FantopeOGD,10,50,0,1195,0.238344,370.091241,1,0.382
MNIST,FantopeOGD,10,50,0,1196,0.271906,370.363147,1,0.382
MNIST,FantopeOGD,10,50,0,1197,0.284079,370.647226,1,0.382
MNIST,FantopeOGD,10,50,0,1198,0.321298,370.968524,1,0.383
MNIST,FantopeOGD,10,50,0,1199,0.233899,371.202423,1,0.383
MNIST,FantopeOGD,10,50,0,1200,0.135238,371.337661,1,0.384
MNIST,FantopeOGD,10,50,0,1201,0.348880,371.686541,1,0.384
MNIST,FantopeOGD,10,50,0,1202,0.384256,372.070796,1,0.384
MNIST,FantopeOGD,10,50,0,1203,0.204951,372.275748,1,0.384
MNIST,FantopeOGD,10,50,0,1204,0.296105,372.571853,1,0.385
MNIST,FantopeOGD,10,50,0,1205,0.287331,372.859184,1,0.385
MNIST,FantopeOGD,10,50,0,1206,0.543809,373.402993,1,0.385
MNIST,FantopeOGD,10,50,0,1207,0.246019,373.649012,1,0.386
MNIST,FantopeOGD,10,50,0,1208,0.303230,373.952242,1,0.386
MNIST,FantopeOGD,10,50,0,1209,0.155995,374.108237,1,0.386
MNIST,FantopeOGD,10,50,0,1210,0.305702,374.413939,1,0.387
MNIST,FantopeOGD,10,50,0,1211,0.306871,374.720810,1,0.387
MNIST,FantopeOGD,10,50,0,1212,0.297813,375.018623,1,0.387
MNIST,FantopeOGD,10,50,0,1213,0.231603,375.250225,1,0.388
MNIST,FantopeOGD,10,50,0,1214,0.311935,375.562161,1,0.388
MNIST,FantopeOGD,10,50,0,1215,0.274340,375.836501,1,0.388
MNIST,FantopeOGD,10,50,0,1216,0.421550,376.258051,1,0.389
MNIST,FantopeOGD,10,50,0,1217,0.277305,376.535356,1,0.389
MNIST,FantopeOGD,10,50,0,1218,0.218294,376.753650,1,0.389
MNIST,FantopeOGD,10,50,0,1219,0.270207,377.023857,1,0.390
MNIST,FantopeOGD,10,50,0,1220,0.298059,377.321916,1,0.390
MNIST,FantopeOGD,10,50,0,1221,0.231305,377.553222,1,0.390
MNIST,FantopeOGD,10,50,0,1222,0.321296,377.874518,1,0.390
MNIST,FantopeOGD,10,50,0,1223,0.157749,378.032267,1,0.391
MNIST,FantopeOGD,10,50,0,1224,0.146756,378.179023,1,0.391
MNIST,FantopeOGD,10,50,0,1225,0.345243,378.524266,1,0.391
MNIST,FantopeOGD,10,50,0,1226,0.268722,378.792988,1,0.392
MNIST,FantopeOGD,10,50,0,1227,0.291671,379.084660,1,0.392
MNIST,FantopeOGD,10,50,0,1228,0.245154,379.329814,1,0.392
MNIST,FantopeOGD,10,50,0,1229,0.286416,379.616229,1,0.393
MNIST,FantopeOGD,10,50,0,1230,0.360607,379.976837,1,0.393
MNIST,FantopeOGD,10,50,0,1231,0.352097,380.328934,1,0.393
MNIST,FantopeOGD,10,50,0,1232,0.185952,380.514886,1,0.394
MNIST,FantopeOGD,10,50,0,1233,0.194786,380.709672,1,0.394
MNIST,FantopeOGD,10,50,0,1234,0.155251,380.864923,1,0.394
MNIST,FantopeOGD,10,50,0,1235,0.170555,381.035478,1,0.395
MNIST,FantopeOGD,10,50,0,1236,0.183622,381.219099,1,0.395
MNIST,FantopeOGD,10,50,0,1237,0.431457,381.650556,1,0.395
MNIST,FantopeOGD,10,50,0,1238,0.365697,382.016253,1,0.395
MNIST,FantopeOGD,10,50,0,1239,0.254174,382.270427,1,0.396
MNIST,FantopeOGD,10,50,0,1240,0.257369,382.527796,1,0.396
MNIST,FantopeOGD,10,50,0,1241,0.207391,382.735186,1,0.396
MNIST,FantopeOGD,10,50,0,1242,0.252186,382.987372,1,0.397
MNIST,FantopeOGD,10,50,0,1243,0.234778,383.222150,1,0.397
MNIST,FantopeOGD,10,50,0,1244,0.144994,383.367144,1,0.397
MNIST,FantopeOGD,10,50,0,1245,0.233265,383.600409,1,0.398
MNIST,FantopeOGD,10,50,0,1246,0.177436,383.777845,1,0.398
MNIST,FantopeOGD,10,50,0,1247,0.201746,383.979591,1,0.398
MNIST,FantopeOGD,10,50,0,1248,0.210604,384.190195,1,0.399
MNIST,FantopeOGD,10,50,0,1249,0.150410,384.340606,1,0.399
MNIST,FantopeOGD,10,50,0,1250,0.250416,384.591021,1,0.399
MNIST,FantopeOGD,10,50,0,1251,0.224238,384.815260,1,0.400
MNIST,FantopeOGD,10,50,0,1252,0.279226,385.094486,1,0.400
MNIST,FantopeOGD,10,50,0,1253,0.200828,385.295314,1,0.400
MNIST,FantopeOGD,10,50,0,1254,0.208899,385.504213,1,0.401
MNIST,FantopeOGD,10,50,0,1255,0.170184,385.674397,1,0.401
MNIST,FantopeOGD,10,50,0,1256,0.180597,385.854994,1,0.401
MNIST,FantopeOGD,10,50,0,1257,0.222787,386.077781,1,0.402
MNIST,FantopeOGD,10,50,0,1258,0.323399,386.401180,1,0.402
MNIST,FantopeOGD,10,50,0,1259,0.301758,386.702938,1,0.402
MNIST,FantopeOGD,10,50,0,1260,0.207040,386.909978,1,0.403
MNIST,FantopeOGD,10,50,0,1261,0.226509,387.136487,1,0.403
MNIST,FantopeOGD,10,50,0,1262,0.278012,387.414499,1,0.403
MNIST,FantopeOGD,10,50,0,1263,0.314835,387.729334,1,0.404
MNIST,FantopeOGD,10,50,0,1264,0.207099,387.936433,1,0.404
MNIST,FantopeOGD,10,50,0,1265,0.236860,388.173293,1,0.404
MNIST,FantopeOGD,10,50,0,1266,0.235297,388.408590,1,0.405
MNIST,FantopeOGD,10,50,0,1267,0.250119,388.658709,1,0.405
MNIST,FantopeOGD,10,50,0,1268,0.326772,388.985481,1,0.405
MNIST,FantopeOGD,10,50,0,1269,0.265607,389.251089,1,0.406
MNIST,FantopeOGD,10,50,0,1270,0.306286,389.557375,1,0.406
MNIST,FantopeOGD,10,50,0,1271,0.239053,389.796427,1,0.406
MNIST,FantopeOGD,10,50,0,1272,0.340047,390.136475,1,0.406
MNIST,FantopeOGD,10,50,0,1273,0.216308,390.352782,1,0.407
MNIST,FantopeOGD,10,50,0,1274,0.167116,390.519898,1,0.407
MNIST,FantopeOGD,10,50,0,1275,0.137261,390.657160,1,0.407
MNIST,FantopeOGD,10,50,0,1276,0.314478,390.971637,1,0.408
MNIST,FantopeOGD,10,50,0,1277,0.158231,391.129868,1,0.408
MNIST,FantopeOGD,10,50,0,1278,0.327953,391.457821,1,0.408
MNIST,FantopeOGD,10,50,0,1279,0.287521,391.745343,1,0.409
MNIST,FantopeOGD,10,50,0,1280,0.240982,391.986325,1,0.409
MNIST,FantopeOGD,10,50,0,1281,0.299567,392.285891,1,0.409
MNIST,FantopeOGD,10,50,0,1282,0.151552,392.437443,1,0.410
MNIST,FantopeOGD,10,50,0,1283,0.354519,392.791962,1,0.410
MNIST,FantopeOGD,10,50,0,1284,0.307426,393.099388,1,0.410
MNIST,FantopeOGD,10,50,0,1285,0.219287,393.318676,1,0.410
MNIST,FantopeOGD,10,50,0,1286,0.176353,393.495029,1,0.411
MNIST,FantopeOGD,10,50,0,1287,0.258932,393.753960,1,0.411
MNIST,FantopeOGD,10,50,0,1288,0.147615,393.901575,1,0.411
MNIST,FantopeOGD,10,50,0,1289,0.305455,394.207030,1,0.412
MNIST,FantopeOGD,10,50,0,1290,0.132233,394.339262,1,0.412
MNIST,FantopeOGD,10,50,0,1291,0.345546,394.684808,1,0.412
MNIST,FantopeOGD,10,50,0,1292,0.231183,394.915991,1,0.413
MNIST,FantopeOGD,10,50,0,1293,0.253020,395.169011,1,0.413
MNIST,FantopeOGD,10,50,0,1294,0.247785,395.416796,1,0.413
MNIST,FantopeOGD,10,50,0,1295,0.196231,395.613027,1,0.413
MNIST,FantopeOGD,10,50,0,1296,0.349484,395.962511,1,0.414
MNIST,FantopeOGD,10,50,0,1297,0.203727,396.166238,1,0.414
MNIST,FantopeOGD,10,50,0,1298,0.339985,396.506224,1,0.414
MNIST,FantopeOGD,10,50,0,1299,0.332789,396.839013,1,0.415
MNIST,FantopeOGD,10,50,0,1300,0.215874,397.054888,1,0.415
MNIST,FantopeOGD,10,50,0,1301,0.340420,397.395307,1,0.416
MNIST,FantopeOGD,10,50,0,1302,0.321516,397.716823,1,0.416
MNIST,FantopeOGD,10,50,0,1303,0.353075,398.069898,1,0.416
MNIST,FantopeOGD,10,50,0,1304,0.248091,398.317989,1,0.417
MNIST,FantopeOGD,10,50,0,1305,0.427761,398.745750,1,0.417
MNIST,FantopeOGD,10,50,0,1306,0.345260,399.091011,1,0.418
MNIST,FantopeOGD,10,50,0,1307,0.363162,399.454173,1,0.418
MNIST,FantopeOGD,10,50,0,1308,0.164810,399.618982,1,0.418
MNIST,FantopeOGD,10,50,0,1309,0.163280,399.782263,1,0.419
MNIST,FantopeOGD,10,50,0,1310,0.256793,400.039056,1,0.419
MNIST,FantopeOGD,10,50,0,1311,0.169419,400.208475,1,0.420
MNIST,FantopeOGD,10,50,0,1312,0.139720,400.348194,1,0.420
MNIST,FantopeOGD,10,50,0,1313,0.225067,400.573261,1,0.421
MNIST,FantopeOGD,10,50,0,1314,0.295336,400.868597,1,0.421
MNIST,FantopeOGD,10,50,0,1315,0.228996,401.097594,1,0.421
MNIST,FantopeOGD,10,50,0,1316,0.182588,401.280182,1,0.422
MNIST,FantopeOGD,10,50,0,1317,0.324779,401.604961,1,0.422
MNIST,FantopeOGD,10,50,0,1318,0.182232,401.787193,1,0.422
MNIST,FantopeOGD,10,50,0,1319,0.354662,402.141855,1,0.423
MNIST,FantopeOGD,10,50,0,1320,0.348074,402.489929,1,0.423
MNIST,FantopeOGD,10,50,0,1321,0.328280,402.818209,1,0.423
MNIST,FantopeOGD,10,50,0,1322,0.370493,403.188701,1,0.423
MNIST,FantopeOGD,10,50,0,1323,0.111611,403.300312,1,0.424
MNIST,FantopeOGD,10,50,0,1324,0.169308,403.469621,1,0.424
MNIST,FantopeOGD,10,50,0,1325,0.323035,403.792655,1,0.424
MNIST,FantopeOGD,10,50,0,1326,0.173797,403.966452,1,0.425
MNIST,FantopeOGD,10,50,0,1327,0.364704,404.331156,1,0.425
MNIST,FantopeOGD,10,50,0,1328,0.283304,404.614460,1,0.425
MNIST,FantopeOGD,10,50,0,1329,0.101015,404.715475,1,0.426
MNIST,FantopeOGD,10,50,0,1330,0.219400,404.934874,1,0.426
MNIST,FantopeOGD,10,50,0,1331,0.207386,405.142261,1,0.426
MNIST,FantopeOGD,10,50,0,1332,0.218276,405.360537,1,0.427
MNIST,FantopeOGD,10,50,0,1333,0.207832,405.568369,1,0.427
MNIST,FantopeOGD,10,50,0,1334,0.293705,405.862073,1,0.427
MNIST,FantopeOGD,10,50,0,1335,0.231852,406.093926,1,0.428
MNIST,FantopeOGD,10,50,0,1336,0.243436,406.337362,1,0.428
MNIST,FantopeOGD,10,50,0,1337,0.310091,406.647453,1,0.428
MNIST,FantopeOGD,10,50,0,1338,0.339433,406.986885,1,0.428
MNIST,FantopeOGD,10,50,0,1339,0.359072,407.345957,1,0.429
MNIST,FantopeOGD,10,50,0,1340,0.256080,407.602037,1,0.429
MNIST,FantopeOGD,10,50,0,1341,0.342163,407.944200,1,0.429
MNIST,FantopeOGD,10,50,0,1342,0.220496,408.164696,1,0.430
MNIST,FantopeOGD,10,50,0,1343,0.349848,408.514544,1,0.430
MNIST,FantopeOGD,10,50,0,1344,0.194546,408.709090,1,0.430
MNIST,FantopeOGD,10,50,0,1345,0.290949,409.000039,1,0.431
MNIST,FantopeOGD,10,50,0,1346,0.250743,409.250782,1,0.431
MNIST,FantopeOGD,10,50,0,1347,0.156534,409.407316,1,0.431
MNIST,FantopeOGD,10,50,0,1348,0.369006,409.776322,1,0.432
MNIST,FantopeOGD,10,50,0,1349,0.232644,410.008966,1,0.432
MNIST,FantopeOGD,10,50,0,1350,0.214170,410.223136,1,0.432
MNIST,FantopeOGD,10,50,0,1351,0.173042,410.396178,1,0.433
MNIST,FantopeOGD,10,50,0,1352,0.111876,410.508055,1,0.433
MNIST,FantopeOGD,10,50,0,1353,0.367335,410.875390,1,0.433
MNIST,FantopeOGD,10,50,0,1354,0.281122,411.156512,1,0.434
MNIST,FantopeOGD,10,50,0,1355,0.364118,411.520630,1,0.434
MNIST,FantopeOGD,10,50,0,1356,0.194533,411.715163,1,0.434
MNIST,FantopeOGD,10,50,0,1357,0.190651,411.905814,1,0.434
MNIST,FantopeOGD,10,50,0,1358,0.170898,412.076712,1,0.435
MNIST,FantopeOGD,10,50,0,1359,0.321079,412.397791,1,0.435
MNIST,FantopeOGD,10,50,0,1360,0.182341,412.580132,1,0.435
MNIST,FantopeOGD,10,50,0,1361,0.174086,412.754218,1,0.436
MNIST,FantopeOGD,10,50,0,1362,0.306009,413.060227,1,0.436
MNIST,FantopeOGD,10,50,0,1363,0.404710,413.464937,1,0.436
MNIST,FantopeOGD,10,50,0,1364,0.233221,413.698159,1,0.437
MNIST,FantopeOGD,10,50,0,1365,0.305476,414.003635,1,0.437
MNIST,FantopeOGD,10,50,0,1366,0.218658,414.222293,1,0.437
MNIST,FantopeOGD,10,50,0,1367,0.292674,414.514968,1,0.438
MNIST,FantopeOGD,10,50,0,1368,0.270716,414.785684,1,0.438
MNIST,FantopeOGD,10,50,0,1369,0.193148,414.978831,1,0.438
MNIST,FantopeOGD,10,50,0,1370,0.227288,415.206119,1,0.438
MNIST,FantopeOGD,10,50,0,1371,0.466609,415.672729,1,0.439
MNIST,FantopeOGD,10,50,0,1372,0.181399,415.854128,1,0.439
MNIST,FantopeOGD,10,50,0,1373,0.161827,416.015955,1,0.439
MNIST,FantopeOGD,10,50,0,1374,0.281780,416.297735,1,0.440
MNIST,FantopeOGD,10,50,0,1375,0.262728,416.560463,1,0.440
MNIST,FantopeOGD,10,50,0,1376,0.273254,416.833717,1,0.440
MNIST,FantopeOGD,10,50,0,1377,0.258461,417.092178,1,0.441
MNIST,FantopeOGD,10,50,0,1378,0.154641,417.246818,1,0.441
MNIST,FantopeOGD,10,50,0,1379,0.207831,417.454650,1,0.441
MNIST,FantopeOGD,10,50,0,1380,0.399851,417.854501,1,0.442
MNIST,FantopeOGD,10,50,0,1381,0.262943,418.117444,1,0.442
MNIST,FantopeOGD,10,50,0,1382,0.185785,418.303228,1,0.442
MNIST,FantopeOGD,10,50,0,1383,0.281279,418.584507,1,0.442
MNIST,FantopeOGD,10,50,0,1384,0.198857,418.783364,1,0.443
MNIST,FantopeOGD,10,50,0,1385,0.205431,418.988796,1,0.443
MNIST,FantopeOGD,10,50,0,1386,0.187308,419.176104,1,0.443
MNIST,FantopeOGD,10,50,0,1387,0.186732,419.362836,1,0.444
MNIST,FantopeOGD,10,50,0,1388,0.132583,419.495419,1,0.444
MNIST,FantopeOGD,10,50,0,1389,0.216352,419.711771,1,0.444
MNIST,FantopeOGD,10,50,0,1390,0.233500,419.945270,1,0.445
MNIST,FantopeOGD,10,50,0,1391,0.200488,420.145758,1,0.445
MNIST,FantopeOGD,10,50,0,1392,0.142027,420.287785,1,0.445
MNIST,FantopeOGD,10,50,0,1393,0.331005,420.618790,1,0.446
MNIST,FantopeOGD,10,50,0,1394,0.121476,420.740266,1,0.446
MNIST,FantopeOGD,10,50,0,1395,0.193359,420.933624,1,0.446
MNIST,FantopeOGD,10,50,0,1396,0.318058,421.251682,1,0.446
MNIST,FantopeOGD,10,50,0,1397,0.264971,421.516653,1,0.447
MNIST,FantopeOGD,10,50,0,1398,0.283021,421.799674,1,0.447
MNIST,FantopeOGD,10,50,0,1399,0.264338,422.064012,1,0.447
MNIST,FantopeOGD,10,50,0,1400,0.174383,422.238395,1,0.448
MNIST,FantopeOGD,10,50,0,1401,0.345880,422.584275,1,0.448
MNIST,FantopeOGD,10,50,0,1402,0.205302,422.789577,1,0.449
MNIST,FantopeOGD,10,50,0,1403,0.267795,423.057371,1,0.449
MNIST,FantopeOGD,10,50,0,1404,0.167678,423.225049,1,0.449
MNIST,FantopeOGD,10,50,0,1405,0.322847,423.547896,1,0.449
MNIST,FantopeOGD,10,50,0,1406,0.261298,423.809194,1,0.450
MNIST,FantopeOGD,10,50,0,1407,0.299549,424.108743,1,0.450
MNIST,FantopeOGD,10,50,0,1408,0.204845,424.313588,1,0.450
MNIST,FantopeOGD,10,50,0,1409,0.344421,424.658010,1,0.451
MNIST,FantopeOGD,10,50,0,1410,0.333085,424.991095,1,0.451
MNIST,FantopeOGD,10,50,0,1411,0.232058,425.223152,1,0.451
MNIST,FantopeOGD,10,50,0,1412,0.188049,425.411201,1,0.452
MNIST,FantopeOGD,10,50,0,1413,0.249717,425.660918,1,0.452
MNIST,FantopeOGD,10,50,0,1414,0.259498,425.920416,1,0.452
MNIST,FantopeOGD,10,50,0,1415,0.148811,426.069227,1,0.453
MNIST,FantopeOGD,10,50,0,1416,0.167431,426.236658,1,0.453
MNIST,FantopeOGD,10,50,0,1417,0.376510,426.613168,1,0.453
MNIST,FantopeOGD,10,50,0,1418,0.349429,426.962597,1,0.453
MNIST,FantopeOGD,10,50,0,1419,0.258970,427.221568,1,0.454
MNIST,FantopeOGD,10,50,0,1420,0.254959,427.476527,1,0.454
MNIST,FantopeOGD,10,50,0,1421,0.182135,427.658661,1,0.454
MNIST,FantopeOGD,10,50,0,1422,0.131294,427.789956,1,0.455
MNIST,FantopeOGD,10,50,0,1423,0.250898,428.040853,1,0.455
MNIST,FantopeOGD,10,50,0,1424,0.242695,428.283549,1,0.455
MNIST,FantopeOGD,10,50,0,1425,0.285827,428.569375,1,0.456
MNIST,FantopeOGD,10,50,0,1426,0.186834,428.756209,1,0.456
MNIST,FantopeOGD,10,50,0,1427,0.266699,429.022909,1,0.456
MNIST,FantopeOGD,10,50,0,1428,0.138951,429.161860,1,0.457
MNIST,FantopeOGD,10,50,0,1429,0.349876,429.511736,1,0.457
MNIST,FantopeOGD,10,50,0,1430,0.285011,429.796746,1,0.457
MNIST,FantopeOGD,10,50,0,1431,0.229626,430.026372,1,0.457
MNIST,FantopeOGD,10,50,0,1432,0.123188,430.149560,1,0.458
MNIST,FantopeOGD,10,50,0,1433,0.248949,430.398508,1,0.458
MNIST,FantopeOGD,10,50,0,1434,0.517396,430.915905,1,0.458
MNIST,FantopeOGD,10,50,0,1435,0.273678,431.189583,1,0.459
MNIST,FantopeOGD,10,50,0,1436,0.392602,431.582186,1,0.459
MNIST,FantopeOGD,10,50,0,1437,0.390205,431.972391,1,0.459
MNIST,FantopeOGD,10,50,0,1438,0.357060,432.329450,1,0.460
MNIST,FantopeOGD,10,50,0,1439,0.150304,432.479754,1,0.460
MNIST,FantopeOGD,10,50,0,1440,0.106641,432.586395,1,0.460
MNIST,FantopeOGD,10,50,0,1441,0.207888,432.794283,1,0.461
MNIST,FantopeOGD,10,50,0,1442,0.289700,433.083983,1,0.461
MNIST,FantopeOGD,10,50,0,1443,0.259189,433.343172,1,0.461
MNIST,FantopeOGD,10,50,0,1444,0.374047,433.717218,1,0.461
MNIST,FantopeOGD,10,50,0,1445,0.117054,433.834272,1,0.462
MNIST,FantopeOGD,10,50,0,1446,0.393970,434.228242,1,0.462
MNIST,FantopeOGD,10,50,0,1447,0.191379,434.419621,1,0.462
MNIST,FantopeOGD,10,50,0,1448,0.260274,434.679895,1,0.463
MNIST,FantopeOGD,10,50,0,1449,0.147528,434.827423,1,0.463
MNIST,FantopeOGD,10,50,0,1450,0.145529,434.972952,1,0.463
MNIST,FantopeOGD,10,50,0,1451,0.319187,435.292139,1,0.464
MNIST,FantopeOGD,10,50,0,1452,0.237096,435.529235,1,0.464
MNIST,FantopeOGD,10,50,0,1453,0.275741,435.804976,1,0.464
MNIST,FantopeOGD,10,50,0,1454,0.264095,436.069071,1,0.465
MNIST,FantopeOGD,10,50,0,1455,0.175891,436.244962,1,0.465
MNIST,FantopeOGD,10,50,0,1456,0.202086,436.447048,1,0.465
MNIST,FantopeOGD,10,50,0,1457,0.204107,436.651155,1,0.466
MNIST,FantopeOGD,10,50,0,1458,0.258615,436.909770,1,0.466
MNIST,FantopeOGD,10,50,0,1459,0.150940,437.060710,1,0.466
MNIST,FantopeOGD,10,50,0,1460,0.306600,437.367310,1,0.467
MNIST,FantopeOGD,10,50,0,1461,0.265990,437.633300,1,0.467
MNIST,FantopeOGD,10,50,0,1462,0.158780,437.792081,1,0.467
MNIST,FantopeOGD,10,50,0,1463,0.160748,437.952828,1,0.467
MNIST,FantopeOGD,10,50,0,1464,0.272939,438.225767,1,0.468
MNIST,FantopeOGD,10,50,0,1465,0.228350,438.454117,1,0.468
MNIST,FantopeOGD,10,50,0,1466,0.350110,438.804227,1,0.468
MNIST,FantopeOGD,10,50,0,1467,0.285754,439.089981,1,0.469
MNIST,FantopeOGD,10,50,0,1468,0.162460,439.252441,1,0.469
MNIST,FantopeOGD,10,50,0,1469,0.232212,439.484653,1,0.469
MNIST,FantopeOGD,10,50,0,1470,0.100927,439.585580,1,0.470
MNIST,FantopeOGD,10,50,0,1471,0.389778,439.975359,1,0.470
MNIST,FantopeOGD,10,50,0,1472,0.327083,440.302442,1,0.470
MNIST,FantopeOGD,10,50,0,1473,0.319181,440.621623,1,0.471
MNIST,FantopeOGD,10,50,0,1474,0.259511,440.881134,1,0.471
MNIST,FantopeOGD,10,50,0,1475,0.133790,441.014924,1,0.471
MNIST,FantopeOGD,10,50,0,1476,0.324065,441.338989,1,0.471
MNIST,FantopeOGD,10,50,0,1477,0.321786,441.660775,1,0.472
MNIST,FantopeOGD,10,50,0,1478,0.288710,441.949486,1,0.472
MNIST,FantopeOGD,10,50,0,1479,0.245864,442.195349,1,0.472
MNIST,FantopeOGD,10,50,0,1480,0.403779,442.599128,1,0.473
MNIST,FantopeOGD,10,50,0,1481,0.181381,442.780509,1,0.473
MNIST,FantopeOGD,10,50,0,1482,0.377513,443.158022,1,0.473
MNIST,FantopeOGD,10,50,0,1483,0.286883,443.444904,1,0.474
MNIST,FantopeOGD,10,50,0,1484,0.156255,443.601159,1,0.474
MNIST,FantopeOGD,10,50,0,1485,0.231083,443.832242,1,0.474
MNIST,FantopeOGD,10,50,0,1486,0.331262,444.163504,1,0.475
MNIST,FantopeOGD,10,50,0,1487,0.330017,444.493521,1,0.475
MNIST,FantopeOGD,10,50,0,1488,0.489949,444.983470,1,0.475
MNIST,FantopeOGD,10,50,0,1489,0.290157,445.273627,1,0.475
MNIST,FantopeOGD,10,50,0,1490,0.331860,445.605487,1,0.476
MNIST,FantopeOGD,10,50,0,1491,0.177698,445.783184,1,0.476
MNIST,FantopeOGD,10,50,0,1492,0.323320,446.106504,1,0.476
MNIST,FantopeOGD,10,50,0,1493,0.246111,446.352614,1,0.477
MNIST,FantopeOGD,10,50,0,1494,0.236945,446.589559,1,0.477
MNIST,FantopeOGD,10,50,0,1495,0.262184,446.851744,1,0.477
MNIST,FantopeOGD,10,50,0,1496,0.192941,447.044684,1,0.478
MNIST,FantopeOGD,10,50,0,1497,0.294761,447.339446,1,0.478
MNIST,FantopeOGD,10,50,0,1498,0.199809,447.539255,1,0.478
MNIST,FantopeOGD,10,50,0,1499,0.206789,447.746044,1,0.479
MNIST,FantopeOGD,10,50,0,1500,0.212926,447.958970,1,0.479
MNIST,FantopeOGD,10,50,0,1501,0.137699,448.096668,1,0.479
MNIST,FantopeOGD,10,50,0,1502,0.268907,448.365576,1,0.480
MNIST,FantopeOGD,10,50,0,1503,0.316202,448.681778,1,0.480
MNIST,FantopeOGD,10,50,0,1504,0.160861,448.842638,1,0.480
MNIST,FantopeOGD,10,50,0,1505,0.289046,449.131684,1,0.481
MNIST,FantopeOGD,10,50,0,1506,0.298694,449.430378,1,0.481
MNIST,FantopeOGD,10,50,0,1507,0.296572,449.726951,1,0.481
MNIST,FantopeOGD,10,50,0,1508,0.571313,450.298263,1,0.482
MNIST,FantopeOGD,10,50,0,1509,0.239661,450.537925,1,0.482
MNIST,FantopeOGD,10,50,0,1510,0.461517,450.999441,1,0.482
MNIST,FantopeOGD,10,50,0,1511,0.246604,451.246046,1,0.482
MNIST,FantopeOGD,10,50,0,1512,0.228367,451.474412,1,0.483
MNIST,FantopeOGD,10,50,0,1513,0.279788,451.754201,1,0.483
MNIST,FantopeOGD,10,50,0,1514,0.135527,451.889727,1,0.483
MNIST,FantopeOGD,10,50,0,1515,0.288187,452.177915,1,0.484
MNIST,FantopeOGD,10,50,0,1516,0.176737,452.354652,1,0.484
MNIST,FantopeOGD,10,50,0,1517,0.324744,452.679396,1,0.484
MNIST,FantopeOGD,10,50,0,1518,0.178616,452.858012,1,0.485
MNIST,FantopeOGD,10,50,0,1519,0.239577,453.097590,1,0.485
MNIST,FantopeOGD,10,50,0,1520,0.281845,453.379434,1,0.485
MNIST,FantopeOGD,10,50,0,1521,0.261464,453.640899,1,0.486
MNIST,FantopeOGD,10,50,0,1522,0.310879,453.951778,1,0.486
MNIST,FantopeOGD,10,50,0,1523,0.189242,454.141020,1,0.486
MNIST,FantopeOGD,10,50,0,1524,0.281731,454.422750,1,0.486
MNIST,FantopeOGD,10,50,0,1525,0.229847,454.652598,1,0.487
MNIST,FantopeOGD,10,50,0,1526,0.232763,454.885361,1,0.487
MNIST,FantopeOGD,10,50,0,1527,0.217534,455.102895,1,0.487
MNIST,FantopeOGD,10,50,0,1528,0.242379,455.345273,1,0.488
MNIST,FantopeOGD,10,50,0,1529,0.390350,455.735624,1,0.488
MNIST,FantopeOGD,10,50,0,1530,0.319452,456.055076,1,0.488
MNIST,FantopeOGD,10,50,0,1531,0.392860,456.447935,1,0.489
MNIST,FantopeOGD,10,50,0,1532,0.112617,456.560552,1,0.489
MNIST,FantopeOGD,10,50,0,1533,0.304035,456.864588,1,0.489
MNIST,FantopeOGD,10,50,0,1534,0.180111,457.044699,1,0.490
MNIST,FantopeOGD,10,50,0,1535,0.226232,457.270931,1,0.490
MNIST,FantopeOGD,10,50,0,1536,0.114353,457.385284,1,0.490
MNIST,FantopeOGD,10,50,0,1537,0.374572,457.759856,1,0.490
MNIST,FantopeOGD,10,50,0,1538,0.153856,457.913713,1,0.491
MNIST,FantopeOGD,10,50,0,1539,0.390599,458.304311,1,0.491
MNIST,FantopeOGD,10,50,0,1540,0.191706,458.496017,1,0.491
MNIST,FantopeOGD,10,50,0,1541,0.218634,458.714651,1,0.492
MNIST,FantopeOGD,10,50,0,1542,0.180730,458.895381,1,0.492
MNIST,FantopeOGD,10,50,0,1543,0.219938,459.115319,1,0.492
MNIST,FantopeOGD,10,50,0,1544,0.146349,459.261668,1,0.493
MNIST,FantopeOGD,10,50,0,1545,0.130902,459.392570,1,0.493
MNIST,FantopeOGD,10,50,0,1546,0.138900,459.531470,1,0.493
MNIST,FantopeOGD,10,50,0,1547,0.238082,459.769551,1,0.494
MNIST,FantopeOGD,10,50,0,1548,0.279350,460.048902,1,0.494
MNIST,FantopeOGD,10,50,0,1549,0.260722,460.309624,1,0.494
MNIST,FantopeOGD,10,50,0,1550,0.269745,460.579369,1,0.495
MNIST,FantopeOGD,10,50,0,1551,0.215845,460.795214,1,0.495
MNIST,FantopeOGD,10,50,0,1552,0.160775,460.955990,1,0.495
MNIST,FantopeOGD,10,50,0,1553,0.358889,461.314879,1,0.496
MNIST,FantopeOGD,10,50,0,1554,0.309826,461.624705,1,0.496
MNIST,FantopeOGD,10,50,0,1555,0.285322,461.910027,1,0.496
MNIST,FantopeOGD,10,50,0,1556,0.178602,462.088629,1,0.497
MNIST,FantopeOGD,10,50,0,1557,0.231492,462.320120,1,0.497
MNIST,FantopeOGD,10,50,0,1558,0.249192,462.569313,1,0.497
MNIST,FantopeOGD,10,50,0,1559,0.158136,462.727449,1,0.498
MNIST,FantopeOGD,10,50,0,1560,0.414801,463.142250,1,0.498
MNIST,FantopeOGD,10,50,0,1561,0.185302,463.327553,1,0.498
MNIST,FantopeOGD,10,50,0,1562,0.235287,463.562839,1,0.498
MNIST,FantopeOGD,10,50,0,1563,0.260506,463.823345,1,0.499
MNIST,FantopeOGD,10,50,0,1564,0.219633,464.042978,1,0.499
MNIST,FantopeOGD,10,50,0,1565,0.318306,464.361284,1,0.499
MNIST,FantopeOGD,10,50,0,1566,0.204875,464.566158,1,0.500
MNIST,FantopeOGD,10,50,0,1567,0.202560,464.768718,1,0.500
MNIST,FantopeOGD,10,50,0,1568,0.150549,464.919267,1,0.500
MNIST,FantopeOGD,10,50,0,1569,0.166723,465.085991,1,0.501
MNIST,FantopeOGD,10,50,0,1570,0.275511,465.361502,1,0.501
MNIST,FantopeOGD,10,50,0,1571,0.222022,465.583524,1,0.501
MNIST,FantopeOGD,10,50,0,1572,0.503779,466.087303,1,0.502
MNIST,FantopeOGD,10,50,0,1573,0.169189,466.256492,1,0.502
MNIST,FantopeOGD,10,50,0,1574,0.248053,466.504544,1,0.502
MNIST,FantopeOGD,10,50,0,1575,0.399670,466.904214,1,0.502
MNIST,FantopeOGD,10,50,0,1576,0.253902,467.158116,1,0.503
MNIST,FantopeOGD,10,50,0,1577,0.476035,467.634151,1,0.503
MNIST,FantopeOGD,10,50,0,1578,0.180548,467.814700,1,0.503
MNIST,FantopeOGD,10,50,0,1579,0.145607,467.960307,1,0.504
MNIST,FantopeOGD,10,50,0,1580,0.122643,468.082950,1,0.504
MNIST,FantopeOGD,10,50,0,1581,0.144673,468.227622,1,0.504
MNIST,FantopeOGD,10,50,0,1582,0.423511,468.651133,1,0.505
MNIST,FantopeOGD,10,50,0,1583,0.409579,469.060712,1,0.505
MNIST,FantopeOGD,10,50,0,1584,0.106251,469.166963,1,0.505
MNIST,FantopeOGD,10,50,0,1585,0.209144,469.376107,1,0.506
MNIST,FantopeOGD,10,50,0,1586,0.229854,469.605961,1,0.506
MNIST,FantopeOGD,10,50,0,1587,0.179400,469.785360,1,0.506
MNIST,FantopeOGD,10,50,0,1588,0.221180,470.006540,1,0.507
MNIST,FantopeOGD,10,50,0,1589,0.176427,470.182967,1,0.507
MNIST,FantopeOGD,10,50,0,1590,0.215332,470.398299,1,0.507
MNIST,FantopeOGD,10,50,0,1591,0.356735,470.755034,1,0.508
MNIST,FantopeOGD,10,50,0,1592,0.203623,470.958656,1,0.508
MNIST,FantopeOGD,10,50,0,1593,0.247658,471.206314,1,0.508
MNIST,FantopeOGD,10,50,0,1594,0.297267,471.503581,1,0.508
MNIST,FantopeOGD,10,50,0,1595,0.213360,471.716941,1,0.509
MNIST,FantopeOGD,10,50,0,1596,0.242289,471.959230,1,0.509
MNIST,FantopeOGD,10,50,0,1597,0.359753,472.318983,1,0.509
MNIST,FantopeOGD,10,50,0,1598,0.316754,472.635737,1,0.510
MNIST,FantopeOGD,10,50,0,1599,0.224526,472.860263,1,0.510
MNIST,FantopeOGD,10,50,0,1600,0.158384,473.018647,1,0.510
MNIST,FantopeOGD,10,50,0,1601,0.335051,473.353698,1,0.511
MNIST,FantopeOGD,10,50,0,1602,0.294703,473.648401,1,0.511
MNIST,FantopeOGD,10,50,0,1603,0.179929,473.828331,1,0.511
MNIST,FantopeOGD,10,50,0,1604,0.265393,474.093724,1,0.512
MNIST,FantopeOGD,10,50,0,1605,0.222312,474.316036,1,0.512
MNIST,FantopeOGD,10,50,0,1606,0.297325,474.613361,1,0.512
MNIST,FantopeOGD,10,50,0,1607,0.129957,474.743318,1,0.513
MNIST,FantopeOGD,10,50,0,1608,0.195218,474.938535,1,0.513
MNIST,FantopeOGD,10,50,0,1609,0.288678,475.227213,1,0.513
MNIST,FantopeOGD,10,50,0,1610,0.275559,475.502772,1,0.514
MNIST,FantopeOGD,10,50,0,1611,0.259828,475.762600,1,0.514
MNIST,FantopeOGD,10,50,0,1612,0.298802,476.061402,1,0.514
MNIST,FantopeOGD,10,50,0,1613,0.294575,476.355977,1,0.515
MNIST,FantopeOGD,10,50,0,1614,0.144417,476.500394,1,0.515
MNIST,FantopeOGD,10,50,0,1615,0.333905,476.834299,1,0.515
MNIST,FantopeOGD,10,50,0,1616,0.261251,477.095551,1,0.516
MNIST,FantopeOGD,10,50,0,1617,0.264573,477.360123,1,0.516
MNIST,FantopeOGD,10,50,0,1618,0.273598,477.633721,1,0.516
MNIST,FantopeOGD,10,50,0,1619,0.198598,477.832318,1,0.516
MNIST,FantopeOGD,10,50,0,1620,0.232018,478.064336,1,0.517
MNIST,FantopeOGD,10,50,0,1621,0.283433,478.347769,1,0.517
MNIST,FantopeOGD,10,50,0,1622,0.175304,478.523073,1,0.517
MNIST,FantopeOGD,10,50,0,1623,0.174338,478.697411,1,0.518
MNIST,FantopeOGD,10,50,0,1624,0.233397,478.930808,1,0.518
MNIST,FantopeOGD,10,50,0,1625,0.271425,479.202233,1,0.518
MNIST,FantopeOGD,10,50,0,1626,0.165792,479.368025,1,0.519
MNIST,FantopeOGD,10,50,0,1627,0.231083,479.599108,1,0.519
MNIST,FantopeOGD,10,50,0,1628,0.282466,479.881574,1,0.519
MNIST,FantopeOGD,10,50,0,1629,0.339088,480.220662,1,0.519
MNIST,FantopeOGD,10,50,0,1630,0.659309,480.879971,1,0.520
MNIST,FantopeOGD,10,50,0,1631,0.384283,481.264254,1,0.520
MNIST,FantopeOGD,10,50,0,1632,0.210524,481.474778,1,0.520
MNIST,FantopeOGD,10,50,0,1633,0.171934,481.646712,1,0.521
MNIST,FantopeOGD,10,50,0,1634,0.166558,481.813270,1,0.521
MNIST,FantopeOGD,10,50,0,1635,0.185962,481.999232,1,0.521
MNIST,FantopeOGD,10,50,0,1636,0.129639,482.128872,1,0.522
MNIST,FantopeOGD,10,50,0,1637,0.280533,482.409404,1,0.522
MNIST,FantopeOGD,10,50,0,1638,0.153561,482.562965,1,0.522
MNIST,FantopeOGD,10,50,0,1639,0.163323,482.726288,1,0.523
MNIST,FantopeOGD,10,50,0,1640,0.257608,482.983896,1,0.523
MNIST,FantopeOGD,10,50,0,1641,0.303714,483.287610,1,0.523
MNIST,FantopeOGD,10,50,0,1642,0.306339,483.593949,1,0.524
MNIST,FantopeOGD,10,50,0,1643,0.226555,483.820503,1,0.524
MNIST,FantopeOGD,10,50,0,1644,0.412036,484.232539,1,0.524
MNIST,FantopeOGD,10,50,0,1645,0.264891,484.497430,1,0.524
MNIST,FantopeOGD,10,50,0,1646,0.158839,484.656270,1,0.525
MNIST,FantopeOGD,10,50,0,1647,0.302953,484.959222,1,0.525
MNIST,FantopeOGD,10,50,0,1648,0.293074,485.252296,1,0.525
MNIST,FantopeOGD,10,50,0,1649,0.381727,485.634023,1,0.526
MNIST,FantopeOGD,10,50,0,1650,0.117039,485.751062,1,0.526
MNIST,FantopeOGD,10,50,0,1651,0.231745,485.982807,1,0.527
MNIST,FantopeOGD,10,50,0,1652,0.284985,486.267791,1,0.527
MNIST,FantopeOGD,10,50,0,1653,0.132000,486.399792,1,0.527
MNIST,FantopeOGD,10,50,0,1654,0.231326,486.631117,1,0.527
MNIST,FantopeOGD,10,50,0,1655,0.108044,486.739161,1,0.528
MNIST,FantopeOGD,10,50,0,1656,0.378076,487.117238,1,0.528
MNIST,FantopeOGD,10,50,0,1657,0.099218,487.216456,1,0.528
MNIST,FantopeOGD,10,50,0,1658,0.094046,487.310502,1,0.529
MNIST,FantopeOGD,10,50,0,1659,0.307558,487.618059,1,0.529
MNIST,FantopeOGD,10,50,0,1660,0.167840,487.785900,1,0.529
MNIST,FantopeOGD,10,50,0,1661,0.251939,488.037839,1,0.530
MNIST,FantopeOGD,10,50,0,1662,0.239506,488.277344,1,0.530
MNIST,FantopeOGD,10,50,0,1663,0.294470,488.571814,1,0.530
MNIST,FantopeOGD,10,50,0,1664,0.285092,488.856906,1,0.531
MNIST,FantopeOGD,10,50,0,1665,0.286958,489.143864,1,0.531
MNIST,FantopeOGD,10,50,0,1666,0.287517,489.431381,1,0.531
MNIST,FantopeOGD,10,50,0,1667,0.327566,489.758947,1,0.531
MNIST,FantopeOGD,10,50,0,1668,0.211530,489.970477,1,0.532
MNIST,FantopeOGD,10,50,0,1669,0.305788,490.276265,1,0.532
MNIST,FantopeOGD,10,50,0,1670,0.190881,490.467145,1,0.532
MNIST,FantopeOGD,10,50,0,1671,0.281248,490.748394,1,0.533
MNIST,FantopeOGD,10,50,0,1672,0.227977,490.976371,1,0.533
MNIST,FantopeOGD,10,50,0,1673,0.323180,491.299551,1,0.533
MNIST,FantopeOGD,10,50,0,1674,0.399233,491.698784,1,0.534
MNIST,FantopeOGD,10,50,0,1675,0.289994,491.988778,1,0.534
MNIST,FantopeOGD,10,50,0,1676,0.373487,492.362264,1,0.534
MNIST,FantopeOGD,10,50,0,1677,0.224663,492.586928,1,0.535
MNIST,FantopeOGD,10,50,0,1678,0.393879,492.980807,1,0.535
MNIST,FantopeOGD,10,50,0,1679,0.212773,493.193580,1,0.535
MNIST,FantopeOGD,10,50,0,1680,0.325123,493.518703,1,0.536
MNIST,FantopeOGD,10,50,0,1681,0.210610,493.729314,1,0.536
MNIST,FantopeOGD,10,50,0,1682,0.248261,493.977575,1,0.536
MNIST,FantopeOGD,10,50,0,1683,0.161201,494.138776,1,0.536
MNIST,FantopeOGD,10,50,0,1684,0.352787,494.491563,1,0.537
MNIST,FantopeOGD,10,50,0,1685,0.254753,494.746316,1,0.537
MNIST,FantopeOGD,10,50,0,1686,0.438063,495.184379,1,0.537
MNIST,FantopeOGD,10,50,0,1687,0.162184,495.346563,1,0.538
MNIST,FantopeOGD,10,50,0,1688,0.184000,495.530563,1,0.538
MNIST,FantopeOGD,10,50,0,1689,0.229414,495.759977,1,0.538
MNIST,FantopeOGD,10,50,0,1690,0.355278,496.115255,1,0.539
MNIST,FantopeOGD,10,50,0,1691,0.434894,496.550149,1,0.539
MNIST,FantopeOGD,10,50,0,1692,0.128729,496.678878,1,0.539
MNIST,FantopeOGD,10,50,0,1693,0.162465,496.841343,1,0.540
MNIST,FantopeOGD,10,50,0,1694,0.399019,497.240362,1,0.540
MNIST,FantopeOGD,10,50,0,1695,0.276927,497.517289,1,0.540
MNIST,FantopeOGD,10,50,0,1696,0.550746,498.068035,1,0.540
MNIST,FantopeOGD,10,50,0,1697,0.278755,498.346790,1,0.541
MNIST,FantopeOGD,10,50,0,1698,0.270226,498.617016,1,0.541
MNIST,FantopeOGD,10,50,0,1699,0.231918,498.848933,1,0.541
MNIST,FantopeOGD,10,50,0,1700,0.108486,498.957419,1,0.542
MNIST,FantopeOGD,10,50,0,1701,0.336037,499.293456,1,0.542
MNIST,FantopeOGD,10,50,0,1702,0.211868,499.505324,1,0.543
MNIST,FantopeOGD,10,50,0,1703,0.270637,499.775961,1,0.543
MNIST,FantopeOGD,10,50,0,1704,0.081267,499.857228,1,0.543
MNIST,FantopeOGD,10,50,0,1705,0.161795,500.019023,1,0.544
MNIST,FantopeOGD,10,50,0,1706,0.232226,500.251249,1,0.544
MNIST,FantopeOGD,10,50,0,1707,0.100592,500.351842,1,0.544
MNIST,FantopeOGD,10,50,0,1708,0.284194,500.636036,1,0.544
MNIST,FantopeOGD,10,50,0,1709,0.436401,501.072437,1,0.545
MNIST,FantopeOGD,10,50,0,1710,0.361846,501.434283,1,0.545
MNIST,FantopeOGD,10,50,0,1711,0.295042,501.729325,1,0.545
MNIST,FantopeOGD,10,50,0,1712,0.254085,501.983410,1,0.546
MNIST,FantopeOGD,10,50,0,1713,0.469479,502.452889,1,0.546
MNIST,FantopeOGD,10,50,0,1714,0.219408,502.672297,1,0.546
MNIST,FantopeOGD,10,50,0,1715,0.212077,502.884373,1,0.547
MNIST,FantopeOGD,10,50,0,1716,0.293039,503.177412,1,0.547
MNIST,FantopeOGD,10,50,0,1717,0.241131,503.418543,1,0.547
MNIST,FantopeOGD,10,50,0,1718,0.132605,503.551148,1,0.548
MNIST,FantopeOGD,10,50,0,1719,0.293364,503.844512,1,0.548
MNIST,FantopeOGD,10,50,0,1720,0.313648,504.158160,1,0.548
MNIST,FantopeOGD,10,50,0,1721,0.365923,504.524082,1,0.549
MNIST,FantopeOGD,10,50,0,1722,0.242354,504.766437,1,0.549
MNIST,FantopeOGD,10,50,0,1723,0.321712,505.088148,1,0.549
MNIST,FantopeOGD,10,50,0,1724,0.247657,505.335806,1,0.549
MNIST,FantopeOGD,10,50,0,1725,0.317516,505.653321,1,0.550
MNIST,FantopeOGD,10,50,0,1726,0.258176,505.911498,1,0.550
MNIST,FantopeOGD,10,50,0,1727,0.184739,506.096236,1,0.550
MNIST,FantopeOGD,10,50,0,1728,0.374884,506.471121,1,0.551
MNIST,FantopeOGD,10,50,0,1729,0.179619,506.650740,1,0.551
MNIST,FantopeOGD,10,50,0,1730,0.208995,506.859734,1,0.551
MNIST,FantopeOGD,10,50,0,1731,0.195891,507.055625,1,0.552
MNIST,FantopeOGD,10,50,0,1732,0.258841,507.314466,1,0.552
MNIST,FantopeOGD,10,50,0,1733,0.124251,507.438717,1,0.552
MNIST,FantopeOGD,10,50,0,1734,0.265376,507.704093,1,0.553
MNIST,FantopeOGD,10,50,0,1735,0.182002,507.886095,1,0.553
MNIST,FantopeOGD,10,50,0,1736,0.227113,508.113208,1,0.553
MNIST,FantopeOGD,10,50,0,1737,0.229548,508.342756,1,0.554
MNIST,FantopeOGD,10,50,0,1738,0.089444,508.432201,1,0.554
MNIST,FantopeOGD,10,50,0,1739,0.302951,508.735152,1,0.554
MNIST,FantopeOGD,10,50,0,1740,0.496409,509.231562,1,0.554
MNIST,FantopeOGD,10,50,0,1741,0.323067,509.554629,1,0.555
MNIST,FantopeOGD,10,50,0,1742,0.282914,509.837542,1,0.555
MNIST,FantopeOGD,10,50,0,1743,0.267363,510.104905,1,0.555
MNIST,FantopeOGD,10,50,0,1744,0.361504,510.466409,1,0.556
MNIST,FantopeOGD,10,50,0,1745,0.126822,510.593232,1,0.556
MNIST,FantopeOGD,10,50,0,1746,0.289372,510.882603,1,0.556
MNIST,FantopeOGD,10,50,0,1747,0.240006,511.122609,1,0.557
MNIST,FantopeOGD,10,50,0,1748,0.088476,511.211085,1,0.557
MNIST,FantopeOGD,10,50,0,1749,0.436210,511.647295,1,0.557
MNIST,FantopeOGD,10,50,0,1750,0.250256,511.897551,1,0.558
MNIST,FantopeOGD,10,50,0,1751,0.357871,512.255422,1,0.558
MNIST,FantopeOGD,10,50,0,1752,0.161717,512.417139,1,0.558
MNIST,FantopeOGD,10,50,0,1753,0.383636,512.800775,1,0.559
MNIST,FantopeOGD,10,50,0,1754,0.198816,512.999591,1,0.559
MNIST,FantopeOGD,10,50,0,1755,0.318107,513.317698,1,0.559
MNIST,FantopeOGD,10,50,0,1756,0.196990,513.514688,1,0.560
MNIST,FantopeOGD,10,50,0,1757,0.201094,513.715782,1,0.560
MNIST,FantopeOGD,10,50,0,1758,0.324380,514.040162,1,0.560
MNIST,FantopeOGD,10,50,0,1759,0.226724,514.266886,1,0.561
MNIST,FantopeOGD,10,50,0,1760,0.294634,514.561520,1,0.561
MNIST,FantopeOGD,10,50,0,1761,0.121513,514.683033,1,0.561
MNIST,FantopeOGD,10,50,0,1762,0.188517,514.871550,1,0.562
MNIST,FantopeOGD,10,50,0,1763,0.223924,515.095475,1,0.562
MNIST,FantopeOGD,10,50,0,1764,0.314446,515.409921,1,0.562
MNIST,FantopeOGD,10,50,0,1765,0.230514,515.640435,1,0.563
MNIST,FantopeOGD,10,50,0,1766,0.467183,516.107618,1,0.563
MNIST,FantopeOGD,10,50,0,1767,0.317302,516.424920,1,0.563
MNIST,FantopeOGD,10,50,0,1768,0.235291,516.660211,1,0.563
MNIST,FantopeOGD,10,50,0,1769,0.273505,516.933715,1,0.564
MNIST,FantopeOGD,10,50,0,1770,0.337352,517.271067,1,0.564
MNIST,FantopeOGD,10,50,0,1771,0.190372,517.461439,1,0.564
MNIST,FantopeOGD,10,50,0,1772,0.227252,517.688691,1,0.565
MNIST,FantopeOGD,10,50,0,1773,0.174243,517.862934,1,0.565
MNIST,FantopeOGD,10,50,0,1774,0.146058,518.008992,1,0.565
MNIST,FantopeOGD,10,50,0,1775,0.173972,518.182964,1,0.566
MNIST,FantopeOGD,10,50,0,1776,0.284684,518.467648,1,0.566
MNIST,FantopeOGD,10,50,0,1777,0.325361,518.793009,1,0.566
MNIST,FantopeOGD,10,50,0,1778,0.275630,519.068639,1,0.567
MNIST,FantopeOGD,10,50,0,1779,0.256987,519.325626,1,0.567
MNIST,FantopeOGD,10,50,0,1780,0.299178,519.624804,1,0.567
MNIST,FantopeOGD,10,50,0,1781,0.143088,519.767892,1,0.568
MNIST,FantopeOGD,10,50,0,1782,0.217707,519.985599,1,0.568
MNIST,FantopeOGD,10,50,0,1783,0.483935,520.469534,1,0.568
MNIST,FantopeOGD,10,50,0,1784,0.233642,520.703175,1,0.568
MNIST,FantopeOGD,10,50,0,1785,0.191235,520.894411,1,0.569
MNIST,FantopeOGD,10,50,0,1786,0.242294,521.136705,1,0.569
MNIST,FantopeOGD,10,50,0,1787,0.228936,521.365641,1,0.569
MNIST,FantopeOGD,10,50,0,1788,0.245597,521.611238,1,0.570
MNIST,FantopeOGD,10,50,0,1789,0.331055,521.942293,1,0.570
MNIST,FantopeOGD,10,50,0,1790,0.383214,522.325507,1,0.570
MNIST,FantopeOGD,10,50,0,1791,0.136403,522.461910,1,0.571
MNIST,FantopeOGD,10,50,0,1792,0.268444,522.730353,1,0.571
MNIST,FantopeOGD,10,50,0,1793,0.233140,522.963493,1,0.571
MNIST,FantopeOGD,10,50,0,1794,0.280148,523.243641,1,0.572
MNIST,FantopeOGD,10,50,0,1795,0.182906,523.426548,1,0.572
MNIST,FantopeOGD,10,50,0,1796,0.190323,523.616871,1,0.572
MNIST,FantopeOGD,10,50,0,1797,0.134075,523.750945,1,0.573
MNIST,FantopeOGD,10,50,0,1798,0.384908,524.135853,1,0.573
MNIST,FantopeOGD,10,50,0,1799,0.156806,524.292660,1,0.573
MNIST,FantopeOGD,10,50,0,1800,0.269552,524.562212,1,0.574
MNIST,FantopeOGD,10,50,0,1801,0.239715,524.801927,1,0.574
MNIST,FantopeOGD,10,50,0,1802,0.137180,524.939107,1,0.574
MNIST,FantopeOGD,10,50,0,1803,0.289920,525.229027,1,0.575
MNIST,FantopeOGD,10,50,0,1804,0.168408,525.397435,1,0.575
MNIST,FantopeOGD,10,50,0,1805,0.316185,525.713620,1,0.575
MNIST,FantopeOGD,10,50,0,1806,0.257470,525.971090,1,0.576
MNIST,FantopeOGD,10,50,0,1807,0.225035,526.196125,1,0.576
MNIST,FantopeOGD,10,50,0,1808,0.253635,526.449760,1,0.576
MNIST,FantopeOGD,10,50,0,1809,0.274887,526.724647,1,0.577
MNIST,FantopeOGD,10,50,0,1810,0.265587,526.990234,1,0.577
MNIST,FantopeOGD,10,50,0,1811,0.240075,527.230309,1,0.577
MNIST,FantopeOGD,10,50,0,1812,0.411355,527.641664,1,0.577
MNIST,FantopeOGD,10,50,0,1813,0.205514,527.847178,1,0.578
MNIST,FantopeOGD,10,50,0,1814,0.272091,528.119270,1,0.578
MNIST,FantopeOGD,10,50,0,1815,0.411600,528.530869,1,0.578
MNIST,FantopeOGD,10,50,0,1816,0.128056,528.658925,1,0.579
MNIST,FantopeOGD,10,50,0,1817,0.282104,528.941029,1,0.579
MNIST,FantopeOGD,10,50,0,1818,0.319936,529.260965,1,0.579
MNIST,FantopeOGD,10,50,0,1819,0.210601,529.471566,1,0.580
MNIST,FantopeOGD,10,50,0,1820,0.294354,529.765920,1,0.580
MNIST,FantopeOGD,10,50,0,1821,0.224669,529.990589,1,0.580
MNIST,FantopeOGD,10,50,0,1822,0.143207,530.133795,1,0.581
MNIST,FantopeOGD,10,50,0,1823,0.332489,530.466284,1,0.581
MNIST,FantopeOGD,10,50,0,1824,0.200729,530.667013,1,0.581
MNIST,FantopeOGD,10,50,0,1825,0.253476,530.920489,1,0.581
MNIST,FantopeOGD,10,50,0,1826,0.225622,531.146111,1,0.582
MNIST,FantopeOGD,10,50,0,1827,0.097788,531.243899,1,0.582
MNIST,FantopeOGD,10,50,0,1828,0.305032,531.548931,1,0.582
MNIST,FantopeOGD,10,50,0,1829,0.287811,531.836742,1,0.583
MNIST,FantopeOGD,10,50,0,1830,0.278815,532.115557,1,0.583
MNIST,FantopeOGD,10,50,0,1831,0.316953,532.432510,1,0.583
MNIST,FantopeOGD,10,50,0,1832,0.277898,532.710407,1,0.584
MNIST,FantopeOGD,10,50,0,1833,0.157310,532.867718,1,0.584
MNIST,FantopeOGD,10,50,0,1834,0.114254,532.981971,1,0.584
MNIST,FantopeOGD,10,50,0,1835,0.228360,533.210332,1,0.585
MNIST,FantopeOGD,10,50,0,1836,0.301707,533.512039,1,0.585
MNIST,FantopeOGD,10,50,0,1837,0.161398,533.673437,1,0.585
MNIST,FantopeOGD,10,50,0,1838,0.306983,533.980420,1,0.586
MNIST,FantopeOGD,10,50,0,1839,0.218477,534.198897,1,0.586
MNIST,FantopeOGD,10,50,0,1840,0.292847,534.491744,1,0.586
MNIST,FantopeOGD,10,50,0,1841,0.155011,534.646754,1,0.586
MNIST,FantopeOGD,10,50,0,1842,0.281527,534.928281,1,0.587
MNIST,FantopeOGD,10,50,0,1843,0.339250,535.267531,1,0.587
MNIST,FantopeOGD,10,50,0,1844,0.629128,535.896659,1,0.587
MNIST,FantopeOGD,10,50,0,1845,0.489700,536.386360,1,0.588
MNIST,FantopeOGD,10,50,0,1846,0.241064,536.627424,1,0.588
MNIST,FantopeOGD,10,50,0,1847,0.364493,536.991917,1,0.588
MNIST,FantopeOGD,10,50,0,1848,0.224885,537.216802,1,0.589
MNIST,FantopeOGD,10,50,0,1849,0.376176,537.592978,1,0.589
MNIST,FantopeOGD,10,50,0,1850,0.280875,537.873853,1,0.589
MNIST,FantopeOGD,10,50,0,1851,0.265522,538.139375,1,0.590
MNIST,FantopeOGD,10,50,0,1852,0.332966,538.472341,1,0.590
MNIST,FantopeOGD,10,50,0,1853,0.152893,538.625234,1,0.590
MNIST,FantopeOGD,10,50,0,1854,0.288470,538.913704,1,0.591
MNIST,FantopeOGD,10,50,0,1855,0.261670,539.175374,1,0.591
MNIST,FantopeOGD,10,50,0,1856,0.244742,539.420115,1,0.591
MNIST,FantopeOGD,10,50,0,1857,0.304860,539.724976,1,0.592
MNIST,FantopeOGD,10,50,0,1858,0.312012,540.036988,1,0.592
MNIST,FantopeOGD,10,50,0,1859,0.118752,540.155740,1,0.592
MNIST,FantopeOGD,10,50,0,1860,0.400121,540.555861,1,0.593
MNIST,FantopeOGD,10,50,0,1861,0.360493,540.916354,1,0.593
MNIST,FantopeOGD,10,50,0,1862,0.315267,541.231620,1,0.593
MNIST,FantopeOGD,10,50,0,1863,0.225912,541.457532,1,0.593
MNIST,FantopeOGD,10,50,0,1864,0.377756,541.835289,1,0.594
MNIST,FantopeOGD,10,50,0,1865,0.255220,542.090509,1,0.594
MNIST,FantopeOGD,10,50,0,1866,0.213382,542.303891,1,0.594
MNIST,FantopeOGD,10,50,0,1867,0.142740,542.446632,1,0.595
MNIST,FantopeOGD,10,50,0,1868,0.311555,542.758187,1,0.595
MNIST,FantopeOGD,10,50,0,1869,0.446913,543.205100,1,0.595
MNIST,FantopeOGD,10,50,0,1870,0.256258,543.461358,1,0.596
MNIST,FantopeOGD,10,50,0,1871,0.291938,543.753296,1,0.596
MNIST,FantopeOGD,10,50,0,1872,0.313307,544.066603,1,0.596
MNIST,FantopeOGD,10,50,0,1873,0.304169,544.370772,1,0.597
MNIST,FantopeOGD,10,50,0,1874,0.205969,544.576740,1,0.597
MNIST,FantopeOGD,10,50,0,1875,0.167207,544.743947,1,0.597
MNIST,FantopeOGD,10,50,0,1876,0.239030,544.982977,1,0.598
MNIST,FantopeOGD,10,50,0,1877,0.151546,545.134523,1,0.598
MNIST,FantopeOGD,10,50,0,1878,0.211281,545.345804,1,0.598
MNIST,FantopeOGD,10,50,0,1879,0.241432,545.587236,1,0.598
MNIST,FantopeOGD,10,50,0,1880,0.304693,545.891929,1,0.599
MNIST,FantopeOGD,10,50,0,1881,0.211302,546.103231,1,0.599
MNIST,FantopeOGD,10,50,0,1882,0.237464,546.340695,1,0.599
MNIST,FantopeOGD,10,50,0,1883,0.224533,546.565228,1,0.600
MNIST,FantopeOGD,10,50,0,1884,0.161091,546.726319,1,0.600
MNIST,FantopeOGD,10,50,0,1885,0.139989,546.866309,1,0.600
MNIST,FantopeOGD,10,50,0,1886,0.174591,547.040900,1,0.601
MNIST,FantopeOGD,10,50,0,1887,0.116371,547.157271,1,0.601
MNIST,FantopeOGD,10,50,0,1888,0.395902,547.553173,1,0.601
MNIST,FantopeOGD,10,50,0,1889,0.369777,547.922950,1,0.602
MNIST,FantopeOGD,10,50,0,1890,0.312035,548.234984,1,0.602
MNIST,FantopeOGD,10,50,0,1891,0.103143,548.338128,1,0.602
MNIST,FantopeOGD,10,50,0,1892,0.504416,548.842543,1,0.602
MNIST,FantopeOGD,10,50,0,1893,0.316449,549.158992,1,0.603
MNIST,FantopeOGD,10,50,0,1894,0.205459,549.364451,1,0.603
MNIST,FantopeOGD,10,50,0,1895,0.171403,549.535854,1,0.603
MNIST,FantopeOGD,10,50,0,1896,0.176210,549.712064,1,0.604
MNIST,FantopeOGD,10,50,0,1897,0.218012,549.930076,1,0.604
MNIST,FantopeOGD,10,50,0,1898,0.413369,550.343444,1,0.604
MNIST,FantopeOGD,10,50,0,1899,0.288872,550.632317,1,0.605
MNIST,FantopeOGD,10,50,0,1900,0.255393,550.887710,1,0.605
MNIST,FantopeOGD,10,50,0,1901,0.366488,551.254198,1,0.605
MNIST,FantopeOGD,10,50,0,1902,0.376444,551.630642,1,0.606
MNIST,FantopeOGD,10,50,0,1903,0.204617,551.835259,1,0.606
MNIST,FantopeOGD,10,50,0,1904,0.168660,552.003918,1,0.606
MNIST,FantopeOGD,10,50,0,1905,0.194176,552.198094,1,0.607
MNIST,FantopeOGD,10,50,0,1906,0.278818,552.476912,1,0.607
MNIST,FantopeOGD,10,50,0,1907,0.199840,552.676752,1,0.607
MNIST,FantopeOGD,10,50,0,1908,0.354452,553.031204,1,0.608
MNIST,FantopeOGD,10,50,0,1909,0.351331,553.382535,1,0.608
MNIST,FantopeOGD,10,50,0,1910,0.195295,553.577830,1,0.608
MNIST,FantopeOGD,10,50,0,1911,0.279991,553.857821,1,0.609
MNIST,FantopeOGD,10,50,0,1912,0.134407,553.992228,1,0.609
MNIST,FantopeOGD,10,50,0,1913,0.188032,554.180260,1,0.609
MNIST,FantopeOGD,10,50,0,1914,0.288437,554.468696,1,0.610
MNIST,FantopeOGD,10,50,0,1915,0.200479,554.669175,1,0.610
MNIST,FantopeOGD,10,50,0,1916,0.253744,554.922919,1,0.610
MNIST,FantopeOGD,10,50,0,1917,0.517303,555.440222,1,0.610
MNIST,FantopeOGD,10,50,0,1918,0.132098,555.572320,1,0.611
MNIST,FantopeOGD,10,50,0,1919,0.276225,555.848545,1,0.611
MNIST,FantopeOGD,10,50,0,1920,0.223218,556.071763,1,0.611
MNIST,FantopeOGD,10,50,0,1921,0.146853,556.218616,1,0.612
MNIST,FantopeOGD,10,50,0,1922,0.268998,556.487614,1,0.612
MNIST,FantopeOGD,10,50,0,1923,0.178810,556.666424,1,0.612
MNIST,FantopeOGD,10,50,0,1924,0.386576,557.053000,1,0.613
MNIST,FantopeOGD,10,50,0,1925,0.159507,557.212507,1,0.613
MNIST,FantopeOGD,10,50,0,1926,0.493719,557.706226,1,0.613
MNIST,FantopeOGD,10,50,0,1927,0.122176,557.828402,1,0.614
MNIST,FantopeOGD,10,50,0,1928,0.191877,558.020279,1,0.614
MNIST,FantopeOGD,10,50,0,1929,0.238687,558.258967,1,0.614
MNIST,FantopeOGD,10,50,0,1930,0.116187,558.375154,1,0.614
MNIST,FantopeOGD,10,50,0,1931,0.292126,558.667280,1,0.615
MNIST,FantopeOGD,10,50,0,1932,0.345262,559.012542,1,0.615
MNIST,FantopeOGD,10,50,0,1933,0.279429,559.291971,1,0.615
MNIST,FantopeOGD,10,50,0,1934,0.240780,559.532751,1,0.616
MNIST,FantopeOGD,10,50,0,1935,0.302595,559.835347,1,0.616
MNIST,FantopeOGD,10,50,0,1936,0.191443,560.026790,1,0.616
MNIST,FantopeOGD,10,50,0,1937,0.270819,560.297609,1,0.617
MNIST,FantopeOGD,10,50,0,1938,0.346234,560.643843,1,0.617
MNIST,FantopeOGD,10,50,0,1939,0.118026,560.761869,1,0.617
MNIST,FantopeOGD,10,50,0,1940,0.136003,560.897872,1,0.618
MNIST,FantopeOGD,10,50,0,1941,0.384126,561.281998,1,0.618
MNIST,FantopeOGD,10,50,0,1942,0.236876,561.518874,1,0.618
MNIST,FantopeOGD,10,50,0,1943,0.237760,561.756635,1,0.619
MNIST,FantopeOGD,10,50,0,1944,0.327178,562.083813,1,0.619
MNIST,FantopeOGD,10,50,0,1945,0.206709,562.290522,1,0.619
MNIST,FantopeOGD,10,50,0,1946,0.193566,562.484088,1,0.619
MNIST,FantopeOGD,10,50,0,1947,0.185628,562.669716,1,0.620
MNIST,FantopeOGD,10,50,0,1948,0.137298,562.807014,1,0.620
MNIST,FantopeOGD,10,50,0,1949,0.299069,563.106083,1,0.620
MNIST,FantopeOGD,10,50,0,1950,0.277304,563.383387,1,0.621
MNIST,FantopeOGD,10,50,0,1951,0.181793,563.565180,1,0.621
MNIST,FantopeOGD,10,50,0,1952,0.213294,563.778474,1,0.621
MNIST,FantopeOGD,10,50,0,1953,0.429184,564.207658,1,0.622
MNIST,FantopeOGD,10,50,0,1954,0.322509,564.530167,1,0.622
MNIST,FantopeOGD,10,50,0,1955,0.152418,564.682585,1,0.622
MNIST,FantopeOGD,10,50,0,1956,0.147123,564.829708,1,0.623
MNIST,FantopeOGD,10,50,0,1957,0.105733,564.935442,1,0.623
MNIST,FantopeOGD,10,50,0,1958,0.240920,565.176362,1,0.623
MNIST,FantopeOGD,10,50,0,1959,0.426976,565.603338,1,0.624
MNIST,FantopeOGD,10,50,0,1960,0.176520,565.779858,1,0.624
MNIST,FantopeOGD,10,50,0,1961,0.384546,566.164403,1,0.624
MNIST,FantopeOGD,10,50,0,1962,0.200648,566.365051,1,0.625
MNIST,FantopeOGD,10,50,0,1963,0.252188,566.617240,1,0.625
MNIST,FantopeOGD,10,50,0,1964,0.164857,566.782097,1,0.625
MNIST,FantopeOGD,10,50,0,1965,0.189862,566.971959,1,0.626
MNIST,FantopeOGD,10,50,0,1966,0.258263,567.230222,1,0.626
MNIST,FantopeOGD,10,50,0,1967,0.222122,567.452344,1,0.626
MNIST,FantopeOGD,10,50,0,1968,0.391262,567.843606,1,0.626
MNIST,FantopeOGD,10,50,0,1969,0.278632,568.122238,1,0.627
MNIST,FantopeOGD,10,50,0,1970,0.251076,568.373314,1,0.627
MNIST,FantopeOGD,10,50,0,1971,0.271693,568.645006,1,0.628
MNIST,FantopeOGD,10,50,0,1972,0.337562,568.982568,1,0.628
MNIST,FantopeOGD,10,50,0,1973,0.244022,569.226590,1,0.628
MNIST,FantopeOGD,10,50,0,1974,0.153293,569.379883,1,0.628
MNIST,FantopeOGD,10,50,0,1975,0.243883,569.623766,1,0.629
MNIST,FantopeOGD,10,50,0,1976,0.202632,569.826399,1,0.629
MNIST,FantopeOGD,10,50,0,1977,0.343520,570.169919,1,0.629
MNIST,FantopeOGD,10,50,0,1978,0.264709,570.434628,1,0.630
MNIST,FantopeOGD,10,50,0,1979,0.269546,570.704174,1,0.630
MNIST,FantopeOGD,10,50,0,1980,0.398748,571.102922,1,0.630
MNIST,FantopeOGD,10,50,0,1981,0.156583,571.259505,1,0.631
MNIST,FantopeOGD,10,50,0,1982,0.267761,571.527266,1,0.631
MNIST,FantopeOGD,10,50,0,1983,0.286455,571.813722,1,0.631
MNIST,FantopeOGD,10,50,0,1984,0.216228,572.029949,1,0.632
MNIST,FantopeOGD,10,50,0,1985,0.232505,572.262454,1,0.632
MNIST,FantopeOGD,10,50,0,1986,0.188368,572.450822,1,0.632
MNIST,FantopeOGD,10,50,0,1987,0.359297,572.810119,1,0.633
MNIST,FantopeOGD,10,50,0,1988,0.266167,573.076286,1,0.633
MNIST,FantopeOGD,10,50,0,1989,0.240751,573.317036,1,0.633
MNIST,FantopeOGD,10,50,0,1990,0.136107,573.453143,1,0.633
MNIST,FantopeOGD,10,50,0,1991,0.124957,573.578100,1,0.634
MNIST,FantopeOGD,10,50,0,1992,0.174385,573.752485,1,0.634
MNIST,FantopeOGD,10,50,0,1993,0.283691,574.036176,1,0.634
MNIST,FantopeOGD,10,50,0,1994,0.246418,574.282594,1,0.635
MNIST,FantopeOGD,10,50,0,1995,0.302324,574.584918,1,0.635
MNIST,FantopeOGD,10,50,0,1996,0.356987,574.941905,1,0.635
MNIST,FantopeOGD,10,50,0,1997,0.305224,575.247129,1,0.636
MNIST,FantopeOGD,10,50,0,1998,0.149883,575.397013,1,0.636
MNIST,FantopeOGD,10,50,0,1999,0.136424,575.533437,1,0.636
MNIST,FantopeOGD,10,50,0,2000,0.251176,575.784612,1,0.637
MNIST,FantopeOGD,10,50,0,2001,0.327749,576.112361,1,0.637
MNIST,FantopeOGD,10,50,0,2002,0.264532,576.376893,1,0.638
MNIST,FantopeOGD,10,50,0,2003,0.325572,576.702465,1,0.638
MNIST,FantopeOGD,10,50,0,2004,0.244767,576.947232,1,0.639
MNIST,FantopeOGD,10,50,0,2005,0.258957,577.206189,1,0.639
MNIST,FantopeOGD,10,50,0,2006,0.208688,577.414877,1,0.639
MNIST,FantopeOGD,10,50,0,2007,0.293283,577.708159,1,0.640
MNIST,FantopeOGD,10,50,0,2008,0.238175,577.946334,1,0.640
MNIST,FantopeOGD,10,50,0,2009,0.252107,578.198441,1,0.640
MNIST,FantopeOGD,10,50,0,2010,0.315498,578.513939,1,0.641
MNIST,FantopeOGD,10,50,0,2011,0.166094,578.680033,1,0.641
MNIST,FantopeOGD,10,50,0,2012,0.389162,579.069195,1,0.641
MNIST,FantopeOGD,10,50,0,2013,0.302938,579.372134,1,0.642
MNIST,FantopeOGD,10,50,0,2014,0.273837,579.645971,1,0.642
MNIST,FantopeOGD,10,50,0,2015,0.301705,579.947675,1,0.642
MNIST,FantopeOGD,10,50,0,2016,0.379076,580.326752,1,0.643
MNIST,FantopeOGD,10,50,0,2017,0.287988,580.614739,1,0.643
MNIST,FantopeOGD,10,50,0,2018,0.068752,580.683491,1,0.643
MNIST,FantopeOGD,10,50,0,2019,0.180987,580.864478,1,0.644
MNIST,FantopeOGD,10,50,0,2020,0.199317,581.063795,1,0.644
MNIST,FantopeOGD,10,50,0,2021,0.178646,581.242441,1,0.644
MNIST,FantopeOGD,10,50,0,2022,0.256675,581.499117,1,0.645
MNIST,FantopeOGD,10,50,0,2023,0.283853,581.782969,1,0.645
MNIST,FantopeOGD,10,50,0,2024,0.240628,582.023597,1,0.645
MNIST,FantopeOGD,10,50,0,2025,0.113094,582.136691,1,0.646
MNIST,FantopeOGD,10,50,0,2026,0.325557,582.462248,1,0.646
MNIST,FantopeOGD,10,50,0,2027,0.220818,582.683066,1,0.646
MNIST,FantopeOGD,10,50,0,2028,0.282948,582.966014,1,0.646
MNIST,FantopeOGD,10,50,0,2029,0.135349,583.101363,1,0.647
MNIST,FantopeOGD,10,50,0,2030,0.218767,583.320130,1,0.647
MNIST,FantopeOGD,10,50,0,2031,0.310789,583.630918,1,0.647
MNIST,FantopeOGD,10,50,0,2032,0.171647,583.802565,1,0.648
MNIST,FantopeOGD,10,50,0,2033,0.296627,584.099192,1,0.648
MNIST,FantopeOGD,10,50,0,2034,0.222423,584.321616,1,0.648
MNIST,FantopeOGD,10,50,0,2035,0.181944,584.503560,1,0.649
MNIST,FantopeOGD,10,50,0,2036,0.283849,584.787408,1,0.649
MNIST,FantopeOGD,10,50,0,2037,0.216993,585.004402,1,0.649
MNIST,FantopeOGD,10,50,0,2038,0.368452,585.372854,1,0.650
MNIST,FantopeOGD,10,50,0,2039,0.240186,585.613040,1,0.650
MNIST,FantopeOGD,10,50,0,2040,0.230255,585.843295,1,0.650
MNIST,FantopeOGD,10,50,0,2041,0.248595,586.091890,1,0.650
MNIST,FantopeOGD,10,50,0,2042,0.170029,586.261918,1,0.651
MNIST,FantopeOGD,10,50,0,2043,0.116055,586.377973,1,0.651
MNIST,FantopeOGD,10,50,0,2044,0.297065,586.675039,1,0.652
MNIST,FantopeOGD,10,50,0,2045,0.197930,586.872968,1,0.652
MNIST,FantopeOGD,10,50,0,2046,0.228867,587.101836,1,0.652
MNIST,FantopeOGD,10,50,0,2047,0.252082,587.353918,1,0.653
MNIST,FantopeOGD,10,50,0,2048,0.188908,587.542826,1,0.653
MNIST,FantopeOGD,10,50,0,2049,0.269417,587.812243,1,0.654
MNIST,FantopeOGD,10,50,0,2050,0.202011,588.014254,1,0.654
MNIST,FantopeOGD,10,50,0,2051,0.106875,588.121129,1,0.654
MNIST,FantopeOGD,10,50,0,2052,0.344268,588.465397,1,0.655
MNIST,FantopeOGD,10,50,0,2053,0.260885,588.726283,1,0.655
MNIST,FantopeOGD,10,50,0,2054,0.224853,588.951136,1,0.655
MNIST,FantopeOGD,10,50,0,2055,0.235839,589.186975,1,0.656
MNIST,FantopeOGD,10,50,0,2056,0.228393,589.415368,1,0.656
MNIST,FantopeOGD,10,50,0,2057,0.174388,589.589756,1,0.656
MNIST,FantopeOGD,10,50,0,2058,0.295299,589.885055,1,0.657
MNIST,FantopeOGD,10,50,0,2059,0.378859,590.263913,1,0.657
MNIST,FantopeOGD,10,50,0,2060,0.216097,590.480010,1,0.657
MNIST,FantopeOGD,10,50,0,2061,0.305011,590.785021,1,0.658
MNIST,FantopeOGD,10,50,0,2062,0.265334,591.050356,1,0.658
MNIST,FantopeOGD,10,50,0,2063,0.177245,591.227601,1,0.658
MNIST,FantopeOGD,10,50,0,2064,0.221650,591.449251,1,0.658
MNIST,FantopeOGD,10,50,0,2065,0.230524,591.679775,1,0.659
MNIST,FantopeOGD,10,50,0,2066,0.282938,591.962713,1,0.659
MNIST,FantopeOGD,10,50,0,2067,0.215150,592.177863,1,0.659
MNIST,FantopeOGD,10,50,0,2068,0.214090,592.391953,1,0.660
MNIST,FantopeOGD,10,50,0,2069,0.315990,592.707943,1,0.660
MNIST,FantopeOGD,10,50,0,2070,0.465917,593.173860,1,0.660
MNIST,FantopeOGD,10,50,0,2071,0.126518,593.300378,1,0.661
MNIST,FantopeOGD,10,50,0,2072,0.123262,593.423640,1,0.661
MNIST,FantopeOGD,10,50,0,2073,0.267500,593.691140,1,0.661
MNIST,FantopeOGD,10,50,0,2074,0.187578,593.878718,1,0.662
MNIST,FantopeOGD,10,50,0,2075,0.254806,594.133524,1,0.662
MNIST,FantopeOGD,10,50,0,2076,0.232919,594.366443,1,0.662
MNIST,FantopeOGD,10,50,0,2077,0.232297,594.598739,1,0.663
MNIST,FantopeOGD,10,50,0,2078,0.107735,594.706475,1,0.663
MNIST,FantopeOGD,10,50,0,2079,0.166792,594.873267,1,0.663
MNIST,FantopeOGD,10,50,0,2080,0.119210,594.992477,1,0.663
MNIST,FantopeOGD,10,50,0,2081,0.210210,595.202686,1,0.664
MNIST,FantopeOGD,10,50,0,2082,0.299948,595.502634,1,0.664
MNIST,FantopeOGD,10,50,0,2083,0.253077,595.755711,1,0.664
MNIST,FantopeOGD,10,50,0,2084,0.258531,596.014242,1,0.665
MNIST,FantopeOGD,10,50,0,2085,0.287301,596.301543,1,0.665
MNIST,FantopeOGD,10,50,0,2086,0.275584,596.577127,1,0.665
MNIST,FantopeOGD,10,50,0,2087,0.156510,596.733637,1,0.666
MNIST,FantopeOGD,10,50,0,2088,0.168238,596.901876,1,0.666
MNIST,FantopeOGD,10,50,0,2089,0.198785,597.100660,1,0.666
MNIST,FantopeOGD,10,50,0,2090,0.354584,597.455244,1,0.667
MNIST,FantopeOGD,10,50,0,2091,0.217531,597.672776,1,0.667
MNIST,FantopeOGD,10,50,0,2092,0.318746,597.991521,1,0.667
MNIST,FantopeOGD,10,50,0,2093,0.199954,598.191475,1,0.668
MNIST,FantopeOGD,10,50,0,2094,0.507006,598.698482,1,0.668
MNIST,FantopeOGD,10,50,0,2095,0.198116,598.896597,1,0.668
MNIST,FantopeOGD,10,50,0,2096,0.096725,598.993323,1,0.669
MNIST,FantopeOGD,10,50,0,2097,0.376764,599.370087,1,0.669
MNIST,FantopeOGD,10,50,0,2098,0.452964,599.823051,1,0.669
MNIST,FantopeOGD,10,50,0,2099,0.201800,600.024851,1,0.670
MNIST,FantopeOGD,10,50,0,2100,0.347847,600.372698,1,0.670
MNIST,FantopeOGD,10,50,0,2101,0.176657,600.549355,1,0.670
MNIST,FantopeOGD,10,50,0,2102,0.207848,600.757203,1,0.671
MNIST,FantopeOGD,10,50,0,2103,0.315386,601.072589,1,0.671
MNIST,FantopeOGD,10,50,0,2104,0.313470,601.386059,1,0.671
MNIST,FantopeOGD,10,50,0,2105,0.197101,601.583161,1,0.672
MNIST,FantopeOGD,10,50,0,2106,0.298608,601.881768,1,0.672
MNIST,FantopeOGD,10,50,0,2107,0.340493,602.222262,1,0.672
MNIST,FantopeOGD,10,50,0,2108,0.184622,602.406884,1,0.673
MNIST,FantopeOGD,10,50,0,2109,0.240388,602.647272,1,0.673
MNIST,FantopeOGD,10,50,0,2110,0.197300,602.844573,1,0.673
MNIST,FantopeOGD,10,50,0,2111,0.351825,603.196398,1,0.674
MNIST,FantopeOGD,10,50,0,2112,0.289089,603.485486,1,0.674
MNIST,FantopeOGD,10,50,0,2113,0.155890,603.641377,1,0.674
MNIST,FantopeOGD,10,50,0,2114,0.312549,603.953926,1,0.675
MNIST,FantopeOGD,10,50,0,2115,0.303206,604.257131,1,0.675
MNIST,FantopeOGD,10,50,0,2116,0.093556,604.350688,1,0.675
MNIST,FantopeOGD,10,50,0,2117,0.231395,604.582082,1,0.676
MNIST,FantopeOGD,10,50,0,2118,0.255572,604.837655,1,0.676
MNIST,FantopeOGD,10,50,0,2119,0.332533,605.170187,1,0.676
MNIST,FantopeOGD,10,50,0,2120,0.083948,605.254136,1,0.676
MNIST,FantopeOGD,10,50,0,2121,0.121804,605.375940,1,0.677
MNIST,FantopeOGD,10,50,0,2122,0.250012,605.625952,1,0.677
MNIST,FantopeOGD,10,50,0,2123,0.402314,606.028265,1,0.677
MNIST,FantopeOGD,10,50,0,2124,0.244521,606.272786,1,0.678
MNIST,FantopeOGD,10,50,0,2125,0.153238,606.426024,1,0.678
MNIST,FantopeOGD,10,50,0,2126,0.167506,606.593530,1,0.678
MNIST,FantopeOGD,10,50,0,2127,0.187934,606.781464,1,0.679
MNIST,FantopeOGD,10,50,0,2128,0.305018,607.086482,1,0.679
MNIST,FantopeOGD,10,50,0,2129,0.361887,607.448369,1,0.679
MNIST,FantopeOGD,10,50,0,2130,0.254105,607.702474,1,0.680
MNIST,FantopeOGD,10,50,0,2131,0.272780,607.975254,1,0.680
MNIST,FantopeOGD,10,50,0,2132,0.360138,608.335392,1,0.680
MNIST,FantopeOGD,10,50,0,2133,0.250089,608.585481,1,0.681
MNIST,FantopeOGD,10,50,0,2134,0.148226,608.733707,1,0.681
MNIST,FantopeOGD,10,50,0,2135,0.267483,609.001190,1,0.681
MNIST,FantopeOGD,10,50,0,2136,0.170418,609.171608,1,0.682
MNIST,FantopeOGD,10,50,0,2137,0.224114,609.395721,1,0.682
MNIST,FantopeOGD,10,50,0,2138,0.394325,609.790046,1,0.682
MNIST,FantopeOGD,10,50,0,2139,0.333115,610.123160,1,0.683
MNIST,FantopeOGD,10,50,0,2140,0.253990,610.377151,1,0.683
MNIST,FantopeOGD,10,50,0,2141,0.239490,610.616641,1,0.683
MNIST,FantopeOGD,10,50,0,2142,0.264157,610.880798,1,0.683
MNIST,FantopeOGD,10,50,0,2143,0.148480,611.029278,1,0.684
MNIST,FantopeOGD,10,50,0,2144,0.351863,611.381141,1,0.684
MNIST,FantopeOGD,10,50,0,2145,0.296905,611.678046,1,0.684
MNIST,FantopeOGD,10,50,0,2146,0.179894,611.857940,1,0.685
MNIST,FantopeOGD,10,50,0,2147,0.343740,612.201679,1,0.685
MNIST,FantopeOGD,10,50,0,2148,0.170635,612.372315,1,0.685
MNIST,FantopeOGD,10,50,0,2149,0.310287,612.682602,1,0.686
MNIST,FantopeOGD,10,50,0,2150,0.562800,613.245401,1,0.686
MNIST,FantopeOGD,10,50,0,2151,0.210982,613.456383,1,0.686
MNIST,FantopeOGD,10,50,0,2152,0.126372,613.582755,1,0.687
MNIST,FantopeOGD,10,50,0,2153,0.247020,613.829775,1,0.687
MNIST,FantopeOGD,10,50,0,2154,0.302795,614.132570,1,0.687
MNIST,FantopeOGD,10,50,0,2155,0.388094,614.520664,1,0.688
MNIST,FantopeOGD,10,50,0,2156,0.255713,614.776376,1,0.688
MNIST,FantopeOGD,10,50,0,2157,0.410511,615.186887,1,0.688
MNIST,FantopeOGD,10,50,0,2158,0.175733,615.362620,1,0.689
MNIST,FantopeOGD,10,50,0,2159,0.206550,615.569170,1,0.689
MNIST,FantopeOGD,10,50,0,2160,0.289612,615.858782,1,0.689
MNIST,FantopeOGD,10,50,0,2161,0.254553,616.113335,1,0.689
MNIST,FantopeOGD,10,50,0,2162,0.288515,616.401850,1,0.690
MNIST,FantopeOGD,10,50,0,2163,0.266693,616.668543,1,0.690
MNIST,FantopeOGD,10,50,0,2164,0.299112,616.967655,1,0.690
MNIST,FantopeOGD,10,50,0,2165,0.166347,617.134002,1,0.691
MNIST,FantopeOGD,10,50,0,2166,0.384660,617.518663,1,0.691
MNIST,FantopeOGD,10,50,0,2167,0.248347,617.767010,1,0.691
MNIST,FantopeOGD,10,50,0,2168,0.237962,618.004972,1,0.692
MNIST,FantopeOGD,10,50,0,2169,0.197769,618.202741,1,0.692
MNIST,FantopeOGD,10,50,0,2170,0.251313,618.454054,1,0.692
MNIST,FantopeOGD,10,50,0,2171,0.233351,618.687405,1,0.693
MNIST,FantopeOGD,10,50,0,2172,0.212501,618.899906,1,0.693
MNIST,FantopeOGD,10,50,0,2173,0.147038,619.046944,1,0.693
MNIST,FantopeOGD,10,50,0,2174,0.287854,619.334798,1,0.694
MNIST,FantopeOGD,10,50,0,2175,0.165550,619.500349,1,0.694
MNIST,FantopeOGD,10,50,0,2176,0.259636,619.759985,1,0.694
MNIST,FantopeOGD,10,50,0,2177,0.151445,619.911430,1,0.695
MNIST,FantopeOGD,10,50,0,2178,0.190839,620.102269,1,0.695
MNIST,FantopeOGD,10,50,0,2179,0.145276,620.247544,1,0.695
MNIST,FantopeOGD,10,50,0,2180,0.142074,620.389618,1,0.695
MNIST,FantopeOGD,10,50,0,2181,0.206383,620.596001,1,0.696
MNIST,FantopeOGD,10,50,0,2182,0.342943,620.938943,1,0.696
MNIST,FantopeOGD,10,50,0,2183,0.260589,621.199532,1,0.696
MNIST,FantopeOGD,10,50,0,2184,0.206116,621.405648,1,0.697
MNIST,FantopeOGD,10,50,0,2185,0.109650,621.515298,1,0.697
MNIST,FantopeOGD,10,50,0,2186,0.302430,621.817728,1,0.697
MNIST,FantopeOGD,10,50,0,2187,0.389638,622.207366,1,0.698
MNIST,FantopeOGD,10,50,0,2188,0.200507,622.407872,1,0.698
MNIST,FantopeOGD,10,50,0,2189,0.209110,622.616982,1,0.698
MNIST,FantopeOGD,10,50,0,2190,0.147631,622.764613,1,0.699
MNIST,FantopeOGD,10,50,0,2191,0.172525,622.937137,1,0.699
MNIST,FantopeOGD,10,50,0,2192,0.284883,623.222020,1,0.699
MNIST,FantopeOGD,10,50,0,2193,0.292482,623.514502,1,0.699
MNIST,FantopeOGD,10,50,0,2194,0.241665,623.756167,1,0.700
MNIST,FantopeOGD,10,50,0,2195,0.245970,624.002137,1,0.700
MNIST,FantopeOGD,10,50,0,2196,0.308982,624.311119,1,0.701
MNIST,FantopeOGD,10,50,0,2197,0.083368,624.394488,1,0.701
MNIST,FantopeOGD,10,50,0,2198,0.166892,624.561379,1,0.701
MNIST,FantopeOGD,10,50,0,2199,0.169562,624.730941,1,0.701
MNIST,FantopeOGD,10,50,0,2200,0.243654,624.974595,1,0.702
MNIST,FantopeOGD,10,50,0,2201,0.270891,625.245485,1,0.702
MNIST,FantopeOGD,10,50,0,2202,0.558875,625.804360,1,0.703
MNIST,FantopeOGD,10,50,0,2203,0.171930,625.976290,1,0.703
MNIST,FantopeOGD,10,50,0,2204,0.247777,626.224067,1,0.703
MNIST,FantopeOGD,10,50,0,2205,0.304622,626.528689,1,0.704
MNIST,FantopeOGD,10,50,0,2206,0.186996,626.715685,1,0.704
MNIST,FantopeOGD,10,50,0,2207,0.242959,626.958644,1,0.704
MNIST,FantopeOGD,10,50,0,2208,0.231376,627.190020,1,0.705
MNIST,FantopeOGD,10,50,0,2209,0.301826,627.491846,1,0.705
MNIST,FantopeOGD,10,50,0,2210,0.354192,627.846037,1,0.705
MNIST,FantopeOGD,10,50,0,2211,0.377868,628.223905,1,0.706
MNIST,FantopeOGD,10,50,0,2212,0.283251,628.507156,1,0.706
MNIST,FantopeOGD,10,50,0,2213,0.406917,628.914074,1,0.706
MNIST,FantopeOGD,10,50,0,2214,0.466543,629.380617,1,0.706
MNIST,FantopeOGD,10,50,0,2215,0.274639,629.655256,1,0.707
MNIST,FantopeOGD,10,50,0,2216,0.159641,629.814897,1,0.707
MNIST,FantopeOGD,10,50,0,2217,0.226005,630.040903,1,0.708
MNIST,FantopeOGD,10,50,0,2218,0.208597,630.249500,1,0.708
MNIST,FantopeOGD,10,50,0,2219,0.403225,630.652725,1,0.708
MNIST,FantopeOGD,10,50,0,2220,0.391405,631.044130,1,0.709
MNIST,FantopeOGD,10,50,0,2221,0.262577,631.306707,1,0.709
MNIST,FantopeOGD,10,50,0,2222,0.245391,631.552098,1,0.709
MNIST,FantopeOGD,10,50,0,2223,0.136062,631.688160,1,0.710
MNIST,FantopeOGD,10,50,0,2224,0.260658,631.948818,1,0.710
MNIST,FantopeOGD,10,50,0,2225,0.203995,632.152813,1,0.710
MNIST,FantopeOGD,10,50,0,2226,0.358403,632.511216,1,0.711
MNIST,FantopeOGD,10,50,0,2227,0.243172,632.754389,1,0.711
MNIST,FantopeOGD,10,50,0,2228,0.278895,633.033283,1,0.711
MNIST,FantopeOGD,10,50,0,2229,0.281758,633.315041,1,0.711
MNIST,FantopeOGD,10,50,0,2230,0.319507,633.634548,1,0.712
MNIST,FantopeOGD,10,50,0,2231,0.208734,633.843282,1,0.712
MNIST,FantopeOGD,10,50,0,2232,0.173430,634.016712,1,0.712
MNIST,FantopeOGD,10,50,0,2233,0.252771,634.269483,1,0.713
MNIST,FantopeOGD,10,50,0,2234,0.321683,634.591166,1,0.713
MNIST,FantopeOGD,10,50,0,2235,0.138289,634.729455,1,0.713
MNIST,FantopeOGD,10,50,0,2236,0.471003,635.200457,1,0.714
MNIST,FantopeOGD,10,50,0,2237,0.257195,635.457653,1,0.714
MNIST,FantopeOGD,10,50,0,2238,0.382526,635.840179,1,0.714
MNIST,FantopeOGD,10,50,0,2239,0.174810,636.014989,1,0.715
MNIST,FantopeOGD,10,50,0,2240,0.212475,636.227464,1,0.715
MNIST,FantopeOGD,10,50,0,2241,0.188451,636.415915,1,0.715
MNIST,FantopeOGD,10,50,0,2242,0.136079,636.551994,1,0.716
MNIST,FantopeOGD,10,50,0,2243,0.293607,636.845601,1,0.716
MNIST,FantopeOGD,10,50,0,2244,0.166472,637.012073,1,0.716
MNIST,FantopeOGD,10,50,0,2245,0.158495,637.170569,1,0.717
MNIST,FantopeOGD,10,50,0,2246,0.267531,637.438100,1,0.717
MNIST,FantopeOGD,10,50,0,2247,0.436053,637.874153,1,0.717
MNIST,FantopeOGD,10,50,0,2248,0.223560,638.097713,1,0.717
MNIST,FantopeOGD,10,50,0,2249,0.157550,638.255264,1,0.718
MNIST,FantopeOGD,10,50,0,2250,0.656620,638.911884,1,0.718
MNIST,FantopeOGD,10,50,0,2251,0.275711,639.187594,1,0.719
MNIST,FantopeOGD,10,50,0,2252,0.241913,639.429507,1,0.719
MNIST,FantopeOGD,10,50,0,2253,0.228102,639.657609,1,0.719
MNIST,FantopeOGD,10,50,0,2254,0.283549,639.941158,1,0.720
MNIST,FantopeOGD,10,50,0,2255,0.190774,640.131932,1,0.720
MNIST,FantopeOGD,10,50,0,2256,0.370387,640.502319,1,0.720
MNIST,FantopeOGD,10,50,0,2257,0.084754,640.587074,1,0.721
MNIST,FantopeOGD,10,50,0,2258,0.068681,640.655755,1,0.721
MNIST,FantopeOGD,10,50,0,2259,0.589876,641.245631,1,0.721
MNIST,FantopeOGD,10,50,0,2260,0.223800,641.469431,1,0.722
MNIST,FantopeOGD,10,50,0,2261,0.387930,641.857361,1,0.722
MNIST,FantopeOGD,10,50,0,2262,0.119717,641.977077,1,0.722
MNIST,FantopeOGD,10,50,0,2263,0.232600,642.209677,1,0.723
MNIST,FantopeOGD,10,50,0,2264,0.256844,642.466521,1,0.723
MNIST,FantopeOGD,10,50,0,2265,0.143486,642.610007,1,0.723
MNIST,FantopeOGD,10,50,0,2266,0.339138,642.949145,1,0.724
MNIST,FantopeOGD,10,50,0,2267,0.138129,643.087274,1,0.724
MNIST,FantopeOGD,10,50,0,2268,0.357127,643.444401,1,0.724
MNIST,FantopeOGD,10,50,0,2269,0.284837,643.729238,1,0.724
MNIST,FantopeOGD,10,50,0,2270,0.427724,644.156963,1,0.725
MNIST,FantopeOGD,10,50,0,2271,0.131396,644.288359,1,0.725
MNIST,FantopeOGD,10,50,0,2272,0.316508,644.604867,1,0.725
MNIST,FantopeOGD,10,50,0,2273,0.236027,644.840894,1,0.726
MNIST,FantopeOGD,10,50,0,2274,0.274149,645.115042,1,0.726
MNIST,FantopeOGD,10,50,0,2275,0.277837,645.392879,1,0.726
MNIST,FantopeOGD,10,50,0,2276,0.347771,645.740650,1,0.727
MNIST,FantopeOGD,10,50,0,2277,0.236710,645.977360,1,0.727
MNIST,FantopeOGD,10,50,0,2278,0.288766,646.266126,1,0.727
MNIST,FantopeOGD,10,50,0,2279,0.162408,646.428534,1,0.728
MNIST,FantopeOGD,10,50,0,2280,0.326688,646.755223,1,0.728
MNIST,FantopeOGD,10,50,0,2281,0.264271,647.019494,1,0.728
MNIST,FantopeOGD,10,50,0,2282,0.212789,647.232283,1,0.728
MNIST,FantopeOGD,10,50,0,2283,0.273976,647.506259,1,0.729
MNIST,FantopeOGD,10,50,0,2284,0.203779,647.710038,1,0.729
MNIST,FantopeOGD,10,50,0,2285,0.276704,647.986741,1,0.729
MNIST,FantopeOGD,10,50,0,2286,0.226629,648.213370,1,0.730
MNIST,FantopeOGD,10,50,0,2287,0.222774,648.436144,1,0.730
MNIST,FantopeOGD,10,50,0,2288,0.199321,648.635465,1,0.730
MNIST,FantopeOGD,10,50,0,2289,0.334937,648.970402,1,0.731
MNIST,FantopeOGD,10,50,0,2290,0.175611,649.146013,1,0.731
MNIST,FantopeOGD,10,50,0,2291,0.282366,649.428379,1,0.731
MNIST,FantopeOGD,10,50,0,2292,0.136956,649.565335,1,0.732
MNIST,FantopeOGD,10,50,0,2293,0.246342,649.811677,1,0.732
MNIST,FantopeOGD,10,50,0,2294,0.380094,650.191771,1,0.732
MNIST,FantopeOGD,10,50,0,2295,0.216999,650.408770,1,0.732
MNIST,FantopeOGD,10,50,0,2296,0.189366,650.598136,1,0.733
MNIST,FantopeOGD,10,50,0,2297,0.146921,650.745057,1,0.733
MNIST,FantopeOGD,10,50,0,2298,0.365116,651.110173,1,0.734
MNIST,FantopeOGD,10,50,0,2299,0.127077,651.237250,1,0.734
MNIST,FantopeOGD,10,50,0,2300,0.286929,651.524179,1,0.734
MNIST,FantopeOGD,10,50,0,2301,0.349197,651.873376,1,0.735
MNIST,FantopeOGD,10,50,0,2302,0.253657,652.127033,1,0.735
MNIST,FantopeOGD,10,50,0,2303,0.137880,652.264913,1,0.735
MNIST,FantopeOGD,10,50,0,2304,0.123198,652.388111,1,0.736
MNIST,FantopeOGD,10,50,0,2305,0.166971,652.555082,1,0.736
MNIST,FantopeOGD,10,50,0,2306,0.249879,652.804961,1,0.736
MNIST,FantopeOGD,10,50,0,2307,0.252673,653.057634,1,0.737
MNIST,FantopeOGD,10,50,0,2308,0.218005,653.275639,1,0.737
MNIST,FantopeOGD,10,50,0,2309,0.248344,653.523983,1,0.737
MNIST,FantopeOGD,10,50,0,2310,0.270577,653.794560,1,0.738
MNIST,FantopeOGD,10,50,0,2311,0.330262,654.124822,1,0.738
MNIST,FantopeOGD,10,50,0,2312,0.188776,654.313598,1,0.738
MNIST,FantopeOGD,10,50,0,2313,0.348942,654.662540,1,0.738
MNIST,FantopeOGD,10,50,0,2314,0.288944,654.951484,1,0.739
MNIST,FantopeOGD,10,50,0,2315,0.308969,655.260453,1,0.739
MNIST,FantopeOGD,10,50,0,2316,0.299966,655.560419,1,0.739
MNIST,FantopeOGD,10,50,0,2317,0.278112,655.838531,1,0.740
MNIST,FantopeOGD,10,50,0,2318,0.253659,656.092190,1,0.740
MNIST,FantopeOGD,10,50,0,2319,0.228955,656.321145,1,0.740
MNIST,FantopeOGD,10,50,0,2320,0.159913,656.481058,1,0.741
MNIST,FantopeOGD,10,50,0,2321,0.317095,656.798152,1,0.741
MNIST,FantopeOGD,10,50,0,2322,0.372714,657.170866,1,0.741
MNIST,FantopeOGD,10,50,0,2323,0.234595,657.405461,1,0.742
MNIST,FantopeOGD,10,50,0,2324,0.139132,657.544593,1,0.742
MNIST,FantopeOGD,10,50,0,2325,0.274559,657.819152,1,0.742
MNIST,FantopeOGD,10,50,0,2326,0.462758,658.281910,1,0.743
MNIST,FantopeOGD,10,50,0,2327,0.337836,658.619745,1,0.743
MNIST,FantopeOGD,10,50,0,2328,0.203704,658.823449,1,0.743
MNIST,FantopeOGD,10,50,0,2329,0.220014,659.043464,1,0.743
MNIST,FantopeOGD,10,50,0,2330,0.190290,659.233754,1,0.744
MNIST,FantopeOGD,10,50,0,2331,0.310682,659.544436,1,0.744
MNIST,FantopeOGD,10,50,0,2332,0.313563,659.857999,1,0.744
MNIST,FantopeOGD,10,50,0,2333,0.351074,660.209073,1,0.745
MNIST,FantopeOGD,10,50,0,2334,0.225082,660.434154,1,0.745
MNIST,FantopeOGD,10,50,0,2335,0.346432,660.780586,1,0.745
MNIST,FantopeOGD,10,50,0,2336,0.168398,660.948984,1,0.746
MNIST,FantopeOGD,10,50,0,2337,0.255141,661.204124,1,0.746
MNIST,FantopeOGD,10,50,0,2338,0.305820,661.509944,1,0.746
MNIST,FantopeOGD,10,50,0,2339,0.249497,661.759442,1,0.747
MNIST,FantopeOGD,10,50,0,2340,0.212132,661.971574,1,0.747
MNIST,FantopeOGD,10,50,0,2341,0.332021,662.303594,1,0.748
MNIST,FantopeOGD,10,50,0,2342,0.396024,662.699618,1,0.748
MNIST,FantopeOGD,10,50,0,2343,0.340861,663.040479,1,0.748
MNIST,FantopeOGD,10,50,0,2344,0.464698,663.505177,1,0.749
MNIST,FantopeOGD,10,50,0,2345,0.329670,663.834847,1,0.749
MNIST,FantopeOGD,10,50,0,2346,0.358174,664.193021,1,0.749
MNIST,FantopeOGD,10,50,0,2347,0.311545,664.504566,1,0.749
MNIST,FantopeOGD,10,50,0,2348,0.162167,664.666733,1,0.750
MNIST,FantopeOGD,10,50,0,2349,0.261019,664.927751,1,0.750
MNIST,FantopeOGD,10,50,0,2350,0.143618,665.071369,1,0.750
MNIST,FantopeOGD,10,50,0,2351,0.210694,665.282063,1,0.751
MNIST,FantopeOGD,10,50,0,2352,0.176707,665.458770,1,0.751
MNIST,FantopeOGD,10,50,0,2353,0.319703,665.778473,1,0.751
MNIST,FantopeOGD,10,50,0,2354,0.315881,666.094354,1,0.752
MNIST,FantopeOGD,10,50,0,2355,0.124995,666.219349,1,0.752
MNIST,FantopeOGD,10,50,0,2356,0.218098,666.437447,1,0.752
MNIST,FantopeOGD,10,50,0,2357,0.314707,666.752153,1,0.753
MNIST,FantopeOGD,10,50,0,2358,0.299511,667.051664,1,0.753
MNIST,FantopeOGD,10,50,0,2359,0.190641,667.242305,1,0.753
MNIST,FantopeOGD,10,50,0,2360,0.158504,667.400809,1,0.754
MNIST,FantopeOGD,10,50,0,2361,0.132342,667.533152,1,0.754
MNIST,FantopeOGD,10,50,0,2362,0.252212,667.785364,1,0.754
MNIST,FantopeOGD,10,50,0,2363,0.354117,668.139481,1,0.755
MNIST,FantopeOGD,10,50,0,2364,0.200534,668.340015,1,0.755
MNIST,FantopeOGD,10,50,0,2365,0.184882,668.524897,1,0.755
MNIST,FantopeOGD,10,50,0,2366,0.327697,668.852594,1,0.755
MNIST,FantopeOGD,10,50,0,2367,0.211544,669.064138,1,0.756
MNIST,FantopeOGD,10,50,0,2368,0.158509,669.222647,1,0.756
MNIST,FantopeOGD,10,50,0,2369,0.265824,669.488471,1,0.756
MNIST,FantopeOGD,10,50,0,2370,0.197261,669.685733,1,0.757
MNIST,FantopeOGD,10,50,0,2371,0.256209,669.941942,1,0.757
MNIST,FantopeOGD,10,50,0,2372,0.258218,670.200159,1,0.757
MNIST,FantopeOGD,10,50,0,2373,0.344570,670.544729,1,0.758
MNIST,FantopeOGD,10,50,0,2374,0.157075,670.701804,1,0.758
MNIST,FantopeOGD,10,50,0,2375,0.268763,670.970567,1,0.758
MNIST,FantopeOGD,10,50,0,2376,0.245858,671.216425,1,0.759
MNIST,FantopeOGD,10,50,0,2377,0.179605,671.396030,1,0.759
MNIST,FantopeOGD,10,50,0,2378,0.262527,671.658558,1,0.759
MNIST,FantopeOGD,10,50,0,2379,0.295568,671.954126,1,0.759
MNIST,FantopeOGD,10,50,0,2380,0.132151,672.086277,1,0.760
MNIST,FantopeOGD,10,50,0,2381,0.340688,672.426965,1,0.760
MNIST,FantopeOGD,10,50,0,2382,0.348042,672.775007,1,0.761
MNIST,FantopeOGD,10,50,0,2383,0.225286,673.000293,1,0.761
MNIST,FantopeOGD,10,50,0,2384,0.465875,673.466169,1,0.761
MNIST,FantopeOGD,10,50,0,2385,0.142548,673.608716,1,0.762
MNIST,FantopeOGD,10,50,0,2386,0.345064,673.953780,1,0.762
MNIST,FantopeOGD,10,50,0,2387,0.458343,674.412123,1,0.762
MNIST,FantopeOGD,10,50,0,2388,0.191917,674.604040,1,0.763
MNIST,FantopeOGD,10,50,0,2389,0.442001,675.046041,1,0.763
MNIST,FantopeOGD,10,50,0,2390,0.270962,675.317004,1,0.763
MNIST,FantopeOGD,10,50,0,2391,0.342044,675.659047,1,0.764
MNIST,FantopeOGD,10,50,0,2392,0.436691,676.095739,1,0.764
MNIST,FantopeOGD,10,50,0,2393,0.468812,676.564551,1,0.764
MNIST,FantopeOGD,10,50,0,2394,0.223490,676.788040,1,0.765
MNIST,FantopeOGD,10,50,0,2395,0.287739,677.075779,1,0.765
MNIST,FantopeOGD,10,50,0,2396,0.272749,677.348528,1,0.765
MNIST,FantopeOGD,10,50,0,2397,0.315319,677.663846,1,0.765
MNIST,FantopeOGD,10,50,0,2398,0.278253,677.942099,1,0.766
MNIST,FantopeOGD,10,50,0,2399,0.194926,678.137025,1,0.766
MNIST,FantopeOGD,10,50,0,2400,0.270588,678.407613,1,0.767
MNIST,FantopeOGD,10,50,0,2401,0.228166,678.635779,1,0.767
MNIST,FantopeOGD,10,50,0,2402,0.291690,678.927468,1,0.767
MNIST,FantopeOGD,10,50,0,2403,0.177681,679.105149,1,0.767
MNIST,FantopeOGD,10,50,0,2404,0.164223,679.269372,1,0.768
MNIST,FantopeOGD,10,50,0,2405,0.169126,679.438498,1,0.768
MNIST,FantopeOGD,10,50,0,2406,0.227005,679.665503,1,0.768
MNIST,FantopeOGD,10,50,0,2407,0.128055,679.793558,1,0.769
MNIST,FantopeOGD,10,50,0,2408,0.362744,680.156302,1,0.769
MNIST,FantopeOGD,10,50,0,2409,0.291436,680.447738,1,0.769
MNIST,FantopeOGD,10,50,0,2410,0.322557,680.770295,1,0.770
MNIST,FantopeOGD,10,50,0,2411,0.140603,680.910899,1,0.770
MNIST,FantopeOGD,10,50,0,2412,0.248167,681.159066,1,0.770
MNIST,FantopeOGD,10,50,0,2413,0.224858,681.383923,1,0.771
MNIST,FantopeOGD,10,50,0,2414,0.315145,681.699068,1,0.771
MNIST,FantopeOGD,10,50,0,2415,0.170803,681.869872,1,0.771
MNIST,FantopeOGD,10,50,0,2416,0.359319,682.229190,1,0.772
MNIST,FantopeOGD,10,50,0,2417,0.316574,682.545765,1,0.772
MNIST,FantopeOGD,10,50,0,2418,0.269150,682.814915,1,0.772
MNIST,FantopeOGD,10,50,0,2419,0.237584,683.052499,1,0.772
MNIST,FantopeOGD,10,50,0,2420,0.302092,683.354591,1,0.773
MNIST,FantopeOGD,10,50,0,2421,0.136631,683.491223,1,0.773
MNIST,FantopeOGD,10,50,0,2422,0.468406,683.959629,1,0.774
MNIST,FantopeOGD,10,50,0,2423,0.243566,684.203196,1,0.774
MNIST,FantopeOGD,10,50,0,2424,0.373735,684.576930,1,0.774
MNIST,FantopeOGD,10,50,0,2425,0.193866,684.770796,1,0.775
MNIST,FantopeOGD,10,50,0,2426,0.232364,685.003160,1,0.775
MNIST,FantopeOGD,10,50,0,2427,0.264541,685.267701,1,0.775
MNIST,FantopeOGD,10,50,0,2428,0.190203,685.457904,1,0.776
MNIST,FantopeOGD,10,50,0,2429,0.133559,685.591463,1,0.776
MNIST,FantopeOGD,10,50,0,2430,0.230336,685.821799,1,0.776
MNIST,FantopeOGD,10,50,0,2431,0.194763,686.016562,1,0.777
MNIST,FantopeOGD,10,50,0,2432,0.174241,686.190803,1,0.777
MNIST,FantopeOGD,10,50,0,2433,0.292987,686.483791,1,0.777
MNIST,FantopeOGD,10,50,0,2434,0.155241,686.639032,1,0.777
MNIST,FantopeOGD,10,50,0,2435,0.189296,686.828327,1,0.778
MNIST,FantopeOGD,10,50,0,2436,0.208491,687.036818,1,0.778
MNIST,FantopeOGD,10,50,0,2437,0.156006,687.192824,1,0.778
MNIST,FantopeOGD,10,50,0,2438,0.403036,687.595860,1,0.779
MNIST,FantopeOGD,10,50,0,2439,0.162451,687.758311,1,0.779
MNIST,FantopeOGD,10,50,0,2440,0.274155,688.032466,1,0.779
MNIST,FantopeOGD,10,50,0,2441,0.104918,688.137384,1,0.780
MNIST,FantopeOGD,10,50,0,2442,0.268852,688.406236,1,0.780
MNIST,FantopeOGD,10,50,0,2443,0.194558,688.600793,1,0.780
MNIST,FantopeOGD,10,50,0,2444,0.166587,688.767380,1,0.781
MNIST,FantopeOGD,10,50,0,2445,0.226810,688.994190,1,0.781
MNIST,FantopeOGD,10,50,0,2446,0.170153,689.164343,1,0.781
MNIST,FantopeOGD,10,50,0,2447,0.270110,689.434453,1,0.782
MNIST,FantopeOGD,10,50,0,2448,0.283934,689.718386,1,0.782
MNIST,FantopeOGD,10,50,0,2449,0.169377,689.887763,1,0.782
MNIST,FantopeOGD,10,50,0,2450,0.287789,690.175553,1,0.783
MNIST,FantopeOGD,10,50,0,2451,0.348819,690.524372,1,0.783
MNIST,FantopeOGD,10,50,0,2452,0.306782,690.831154,1,0.783
MNIST,FantopeOGD,10,50,0,2453,0.121090,690.952244,1,0.784
MNIST,FantopeOGD,10,50,0,2454,0.286945,691.239189,1,0.784
MNIST,FantopeOGD,10,50,0,2455,0.185143,691.424332,1,0.784
MNIST,FantopeOGD,10,50,0,2456,0.337845,691.762177,1,0.785
MNIST,FantopeOGD,10,50,0,2457,0.273569,692.035746,1,0.785
MNIST,FantopeOGD,10,50,0,2458,0.335465,692.371211,1,0.785
MNIST,FantopeOGD,10,50,0,2459,0.385289,692.756500,1,0.785
MNIST,FantopeOGD,10,50,0,2460,0.206306,692.962806,1,0.786
MNIST,FantopeOGD,10,50,0,2461,0.274274,693.237080,1,0.786
MNIST,FantopeOGD,10,50,0,2462,0.206111,693.443191,1,0.786
MNIST,FantopeOGD,10,50,0,2463,0.165372,693.608563,1,0.787
MNIST,FantopeOGD,10,50,0,2464,0.396736,694.005299,1,0.787
MNIST,FantopeOGD,10,50,0,2465,0.296303,694.301602,1,0.788
MNIST,FantopeOGD,10,50,0,2466,0.362613,694.664214,1,0.788
MNIST,FantopeOGD,10,50,0,2467,0.275565,694.939780,1,0.788
MNIST,FantopeOGD,10,50,0,2468,0.234863,695.174643,1,0.789
MNIST,FantopeOGD,10,50,0,2469,0.481669,695.656312,1,0.789
MNIST,FantopeOGD,10,50,0,2470,0.293826,695.950138,1,0.789
MNIST,FantopeOGD,10,50,0,2471,0.245013,696.195151,1,0.790
MNIST,FantopeOGD,10,50,0,2472,0.320458,696.515609,1,0.790
MNIST,FantopeOGD,10,50,0,2473,0.258460,696.774068,1,0.790
MNIST,FantopeOGD,10,50,0,2474,0.225907,696.999975,1,0.790
MNIST,FantopeOGD,10,50,0,2475,0.361051,697.361026,1,0.791
MNIST,FantopeOGD,10,50,0,2476,0.224326,697.585352,1,0.791
MNIST,FantopeOGD,10,50,0,2477,0.320163,697.905515,1,0.791
MNIST,FantopeOGD,10,50,0,2478,0.252653,698.158167,1,0.792
MNIST,FantopeOGD,10,50,0,2479,0.237844,698.396011,1,0.792
MNIST,FantopeOGD,10,50,0,2480,0.156100,698.552111,1,0.792
MNIST,FantopeOGD,10,50,0,2481,0.178393,698.730504,1,0.793
MNIST,FantopeOGD,10,50,0,2482,0.141151,698.871655,1,0.793
MNIST,FantopeOGD,10,50,0,2483,0.341373,699.213028,1,0.793
MNIST,FantopeOGD,10,50,0,2484,0.170639,699.383666,1,0.794
MNIST,FantopeOGD,10,50,0,2485,0.315239,699.698906,1,0.794
MNIST,FantopeOGD,10,50,0,2486,0.226784,699.925690,1,0.794
MNIST,FantopeOGD,10,50,0,2487,0.292282,700.217972,1,0.795
MNIST,FantopeOGD,10,50,0,2488,0.524988,700.742959,1,0.795
MNIST,FantopeOGD,10,50,0,2489,0.206130,700.949090,1,0.795
MNIST,FantopeOGD,10,50,0,2490,0.313405,701.262494,1,0.796
MNIST,FantopeOGD,10,50,0,2491,0.400284,701.662778,1,0.796
MNIST,FantopeOGD,10,50,0,2492,0.345412,702.008190,1,0.796
MNIST,FantopeOGD,10,50,0,2493,0.205125,702.213316,1,0.796
MNIST,FantopeOGD,10,50,0,2494,0.185030,702.398346,1,0.797
MNIST,FantopeOGD,10,50,0,2495,0.206500,702.604846,1,0.797
MNIST,FantopeOGD,10,50,0,2496,0.244582,702.849428,1,0.797
MNIST,FantopeOGD,10,50,0,2497,0.301859,703.151287,1,0.798
MNIST,FantopeOGD,10,50,0,2498,0.259007,703.410294,1,0.798
MNIST,FantopeOGD,10,50,0,2499,0.178023,703.588317,1,0.798
MNIST,FantopeOGD,10,50,0,2500,0.274773,703.863090,1,0.799
MNIST,FantopeOGD,10,50,0,2501,0.215727,704.078817,1,0.799
MNIST,FantopeOGD,10,50,0,2502,0.142343,704.221160,1,0.799
MNIST,FantopeOGD,10,50,0,2503,0.243606,704.464766,1,0.800
MNIST,FantopeOGD,10,50,0,2504,0.140535,704.605301,1,0.800
MNIST,FantopeOGD,10,50,0,2505,0.286777,704.892078,1,0.800
MNIST,FantopeOGD,10,50,0,2506,0.230180,705.122258,1,0.801
MNIST,FantopeOGD,10,50,0,2507,0.258971,705.381229,1,0.801
MNIST,FantopeOGD,10,50,0,2508,0.272216,705.653445,1,0.801
MNIST,FantopeOGD,10,50,0,2509,0.251043,705.904487,1,0.802
MNIST,FantopeOGD,10,50,0,2510,0.270557,706.175044,1,0.802
MNIST,FantopeOGD,10,50,0,2511,0.152185,706.327229,1,0.802
MNIST,FantopeOGD,10,50,0,2512,0.216300,706.543529,1,0.802
MNIST,FantopeOGD,10,50,0,2513,0.183222,706.726751,1,0.803
MNIST,FantopeOGD,10,50,0,2514,0.322776,707.049527,1,0.803
MNIST,FantopeOGD,10,50,0,2515,0.295185,707.344712,1,0.803
MNIST,FantopeOGD,10,50,0,2516,0.116470,707.461182,1,0.804
MNIST,FantopeOGD,10,50,0,2517,0.359198,707.820380,1,0.804
MNIST,FantopeOGD,10,50,0,2518,0.384590,708.204970,1,0.804
MNIST,FantopeOGD,10,50,0,2519,0.246013,708.450983,1,0.805
MNIST,FantopeOGD,10,50,0,2520,0.148944,708.599926,1,0.805
MNIST,FantopeOGD,10,50,0,2521,0.253528,708.853454,1,0.805
MNIST,FantopeOGD,10,50,0,2522,0.250035,709.103490,1,0.806
MNIST,FantopeOGD,10,50,0,2523,0.347968,709.451458,1,0.806
MNIST,FantopeOGD,10,50,0,2524,0.311402,709.762860,1,0.806
MNIST,FantopeOGD,10,50,0,2525,0.387065,710.149925,1,0.807
MNIST,FantopeOGD,10,50,0,2526,0.282106,710.432031,1,0.807
MNIST,FantopeOGD,10,50,0,2527,0.382015,710.814046,1,0.807
MNIST,FantopeOGD,10,50,0,2528,0.284029,711.098075,1,0.808
MNIST,FantopeOGD,10,50,0,2529,0.288733,711.386808,1,0.808
MNIST,FantopeOGD,10,50,0,2530,0.160707,711.547515,1,0.808
MNIST,FantopeOGD,10,50,0,2531,0.227036,711.774551,1,0.809
MNIST,FantopeOGD,10,50,0,2532,0.257734,712.032285,1,0.809
MNIST,FantopeOGD,10,50,0,2533,0.275408,712.307693,1,0.809
MNIST,FantopeOGD,10,50,0,2534,0.277403,712.585096,1,0.809
MNIST,FantopeOGD,10,50,0,2535,0.263471,712.848567,1,0.810
MNIST,FantopeOGD,10,50,0,2536,0.113913,712.962480,1,0.810
MNIST,FantopeOGD,10,50,0,2537,0.181380,713.143859,1,0.810
MNIST,FantopeOGD,10,50,0,2538,0.248959,713.392819,1,0.811
MNIST,FantopeOGD,10,50,0,2539,0.256189,713.649008,1,0.811
MNIST,FantopeOGD,10,50,0,2540,0.255339,713.904347,1,0.811
MNIST,FantopeOGD,10,50,0,2541,0.223732,714.128079,1,0.812
MNIST,FantopeOGD,10,50,0,2542,0.326016,714.454095,1,0.812
MNIST,FantopeOGD,10,50,0,2543,0.184799,714.638894,1,0.812
MNIST,FantopeOGD,10,50,0,2544,0.181177,714.820070,1,0.813
MNIST,FantopeOGD,10,50,0,2545,0.172607,714.992677,1,0.813
MNIST,FantopeOGD,10,50,0,2546,0.265096,715.257773,1,0.813
MNIST,FantopeOGD,10,50,0,2547,0.153273,715.411046,1,0.813
MNIST,FantopeOGD,10,50,0,2548,0.245866,715.656912,1,0.814
MNIST,FantopeOGD,10,50,0,2549,0.257158,715.914070,1,0.814
MNIST,FantopeOGD,10,50,0,2550,0.191113,716.105183,1,0.815
MNIST,FantopeOGD,10,50,0,2551,0.267788,716.372971,1,0.815
MNIST,FantopeOGD,10,50,0,2552,0.305019,716.677989,1,0.815
MNIST,FantopeOGD,10,50,0,2553,0.345670,717.023659,1,0.815
MNIST,FantopeOGD,10,50,0,2554,0.201471,717.225130,1,0.816
MNIST,FantopeOGD,10,50,0,2555,0.263643,717.488774,1,0.816
MNIST,FantopeOGD,10,50,0,2556,0.111205,717.599979,1,0.816
MNIST,FantopeOGD,10,50,0,2557,0.357421,717.957399,1,0.817
MNIST,FantopeOGD,10,50,0,2558,0.384605,718.342004,1,0.817
MNIST,FantopeOGD,10,50,0,2559,0.218566,718.560570,1,0.817
MNIST,FantopeOGD,10,50,0,2560,0.133873,718.694443,1,0.818
MNIST,FantopeOGD,10,50,0,2561,0.374877,719.069320,1,0.818
MNIST,FantopeOGD,10,50,0,2562,0.271165,719.340485,1,0.818
MNIST,FantopeOGD,10,50,0,2563,0.276238,719.616723,1,0.819
MNIST,FantopeOGD,10,50,0,2564,0.232655,719.849378,1,0.819
MNIST,FantopeOGD,10,50,0,2565,0.237611,720.086989,1,0.819
MNIST,FantopeOGD,10,50,0,2566,0.254439,720.341428,1,0.819
MNIST,FantopeOGD,10,50,0,2567,0.323108,720.664536,1,0.820
MNIST,FantopeOGD,10,50,0,2568,0.186331,720.850867,1,0.820
MNIST,FantopeOGD,10,50,0,2569,0.184943,721.035811,1,0.820
MNIST,FantopeOGD,10,50,0,2570,0.131922,721.167732,1,0.821
MNIST,FantopeOGD,10,50,0,2571,0.265784,721.433516,1,0.821
MNIST,FantopeOGD,10,50,0,2572,0.136734,721.570250,1,0.821
MNIST,FantopeOGD,10,50,0,2573,0.284241,721.854490,1,0.822
MNIST,FantopeOGD,10,50,0,2574,0.336248,722.190738,1,0.822
MNIST,FantopeOGD,10,50,0,2575,0.260235,722.450974,1,0.822
MNIST,FantopeOGD,10,50,0,2576,0.270972,722.721946,1,0.823
MNIST,FantopeOGD,10,50,0,2577,0.310390,723.032336,1,0.823
MNIST,FantopeOGD,10,50,0,2578,0.234828,723.267165,1,0.823
MNIST,FantopeOGD,10,50,0,2579,0.102461,723.369626,1,0.823
MNIST,FantopeOGD,10,50,0,2580,0.385804,723.755430,1,0.824
MNIST,FantopeOGD,10,50,0,2581,0.248157,724.003586,1,0.824
MNIST,FantopeOGD,10,50,0,2582,0.153246,724.156832,1,0.824
MNIST,FantopeOGD,10,50,0,2583,0.249855,724.406687,1,0.825
MNIST,FantopeOGD,10,50,0,2584,0.278203,724.684890,1,0.825
MNIST,FantopeOGD,10,50,0,2585,0.300875,724.985765,1,0.825
MNIST,FantopeOGD,10,50,0,2586,0.139912,725.125677,1,0.826
MNIST,FantopeOGD,10,50,0,2587,0.274899,725.400576,1,0.826
MNIST,FantopeOGD,10,50,0,2588,0.181508,725.582084,1,0.826
MNIST,FantopeOGD,10,50,0,2589,0.352960,725.935044,1,0.827
MNIST,FantopeOGD,10,50,0,2590,0.254686,726.189729,1,0.827
MNIST,FantopeOGD,10,50,0,2591,0.302941,726.492671,1,0.827
MNIST,FantopeOGD,10,50,0,2592,0.367491,726.860162,1,0.828
MNIST,FantopeOGD,10,50,0,2593,0.311168,727.171330,1,0.828
MNIST,FantopeOGD,10,50,0,2594,0.189466,727.360795,1,0.828
MNIST,FantopeOGD,10,50,0,2595,0.166064,727.526860,1,0.828
MNIST,FantopeOGD,10,50,0,2596,0.280802,727.807662,1,0.829
MNIST,FantopeOGD,10,50,0,2597,0.251861,728.059522,1,0.829
MNIST,FantopeOGD,10,50,0,2598,0.085841,728.145363,1,0.829
MNIST,FantopeOGD,10,50,0,2599,0.194466,728.339829,1,0.830
MNIST,FantopeOGD,10,50,0,2600,0.389484,728.729313,1,0.830
MNIST,FantopeOGD,10,50,0,2601,0.174690,728.904003,1,0.830
MNIST,FantopeOGD,10,50,0,2602,0.290329,729.194331,1,0.831
MNIST,FantopeOGD,10,50,0,2603,0.129407,729.323738,1,0.831
MNIST,FantopeOGD,10,50,0,2604,0.179464,729.503202,1,0.831
MNIST,FantopeOGD,10,50,0,2605,0.206781,729.709983,1,0.832
MNIST,FantopeOGD,10,50,0,2606,0.224745,729.934729,1,0.832
MNIST,FantopeOGD,10,50,0,2607,0.304340,730.239068,1,0.832
MNIST,FantopeOGD,10,50,0,2608,0.190346,730.429415,1,0.833
MNIST,FantopeOGD,10,50,0,2609,0.230658,730.660073,1,0.833
MNIST,FantopeOGD,10,50,0,2610,0.296257,730.956330,1,0.833
MNIST,FantopeOGD,10,50,0,2611,0.209343,731.165674,1,0.834
MNIST,FantopeOGD,10,50,0,2612,0.289032,731.454706,1,0.834
MNIST,FantopeOGD,10,50,0,2613,0.114605,731.569311,1,0.834
MNIST,FantopeOGD,10,50,0,2614,0.144171,731.713482,1,0.835
MNIST,FantopeOGD,10,50,0,2615,0.146148,731.859630,1,0.835
MNIST,FantopeOGD,10,50,0,2616,0.357300,732.216930,1,0.835
MNIST,FantopeOGD,10,50,0,2617,0.112907,732.329837,1,0.835
MNIST,FantopeOGD,10,50,0,2618,0.285542,732.615379,1,0.836
MNIST,FantopeOGD,10,50,0,2619,0.379653,732.995031,1,0.836
MNIST,FantopeOGD,10,50,0,2620,0.337508,733.332539,1,0.836
MNIST,FantopeOGD,10,50,0,2621,0.240319,733.572858,1,0.837
MNIST,FantopeOGD,10,50,0,2622,0.195616,733.768475,1,0.837
MNIST,FantopeOGD,10,50,0,2623,0.518016,734.286490,1,0.837
MNIST,FantopeOGD,10,50,0,2624,0.235646,734.522136,1,0.838
MNIST,FantopeOGD,10,50,0,2625,0.211192,734.733328,1,0.838
MNIST,FantopeOGD,10,50,0,2626,0.203162,734.936491,1,0.838
MNIST,FantopeOGD,10,50,0,2627,0.294184,735.230675,1,0.838
MNIST,FantopeOGD,10,50,0,2628,0.171605,735.402280,1,0.839
MNIST,FantopeOGD,10,50,0,2629,0.196824,735.599103,1,0.839
MNIST,FantopeOGD,10,50,0,2630,0.217827,735.816930,1,0.839
MNIST,FantopeOGD,10,50,0,2631,0.111329,735.928259,1,0.840
MNIST,FantopeOGD,10,50,0,2632,0.200518,736.128778,1,0.840
MNIST,FantopeOGD,10,50,0,2633,0.128182,736.256959,1,0.840
MNIST,FantopeOGD,10,50,0,2634,0.211024,736.467983,1,0.841
MNIST,FantopeOGD,10,50,0,2635,0.199577,736.667561,1,0.841
MNIST,FantopeOGD,10,50,0,2636,0.261832,736.929393,1,0.841
MNIST,FantopeOGD,10,50,0,2637,0.150120,737.079513,1,0.842
MNIST,FantopeOGD,10,50,0,2638,0.281269,737.360782,1,0.842
MNIST,FantopeOGD,10,50,0,2639,0.143073,737.503855,1,0.842
MNIST,FantopeOGD,10,50,0,2640,0.277774,737.781629,1,0.843
MNIST,FantopeOGD,10,50,0,2641,0.132239,737.913869,1,0.843
MNIST,FantopeOGD,10,50,0,2642,0.253209,738.167077,1,0.843
MNIST,FantopeOGD,10,50,0,2643,0.116373,738.283450,1,0.843
MNIST,FantopeOGD,10,50,0,2644,0.200448,738.483898,1,0.844
MNIST,FantopeOGD,10,50,0,2645,0.316249,738.800146,1,0.844
MNIST,FantopeOGD,10,50,0,2646,0.422978,739.223124,1,0.844
MNIST,FantopeOGD,10,50,0,2647,0.347917,739.571042,1,0.845
MNIST,FantopeOGD,10,50,0,2648,0.305053,739.876095,1,0.845
MNIST,FantopeOGD,10,50,0,2649,0.273107,740.149201,1,0.845
MNIST,FantopeOGD,10,50,0,2650,0.243116,740.392317,1,0.846
MNIST,FantopeOGD,10,50,0,2651,0.164036,740.556353,1,0.846
MNIST,FantopeOGD,10,50,0,2652,0.291597,740.847950,1,0.846
MNIST,FantopeOGD,10,50,0,2653,0.107190,740.955140,1,0.847
MNIST,FantopeOGD,10,50,0,2654,0.211647,741.166787,1,0.847
MNIST,FantopeOGD,10,50,0,2655,0.259144,741.425931,1,0.847
MNIST,FantopeOGD,10,50,0,2656,0.292151,741.718082,1,0.848
MNIST,FantopeOGD,10,50,0,2657,0.287882,742.005964,1,0.848
MNIST,FantopeOGD,10,50,0,2658,0.293583,742.299547,1,0.848
MNIST,FantopeOGD,10,50,0,2659,0.303790,742.603337,1,0.849
MNIST,FantopeOGD,10,50,0,2660,0.235778,742.839116,1,0.849
MNIST,FantopeOGD,10,50,0,2661,0.181559,743.020675,1,0.849
MNIST,FantopeOGD,10,50,0,2662,0.421890,743.442565,1,0.849
MNIST,FantopeOGD,10,50,0,2663,0.160221,743.602786,1,0.850
MNIST,FantopeOGD,10,50,0,2664,0.187987,743.790773,1,0.850
MNIST,FantopeOGD,10,50,0,2665,0.244047,744.034820,1,0.850
MNIST,FantopeOGD,10,50,0,2666,0.120767,744.155587,1,0.851
MNIST,FantopeOGD,10,50,0,2667,0.416258,744.571845,1,0.851
MNIST,FantopeOGD,10,50,0,2668,0.152047,744.723892,1,0.851
MNIST,FantopeOGD,10,50,0,2669,0.133104,744.856997,1,0.852
MNIST,FantopeOGD,10,50,0,2670,0.173564,745.030561,1,0.852
MNIST,FantopeOGD,10,50,0,2671,0.219975,745.250536,1,0.852
MNIST,FantopeOGD,10,50,0,2672,0.257697,745.508234,1,0.853
MNIST,FantopeOGD,10,50,0,2673,0.319610,745.827843,1,0.853
MNIST,FantopeOGD,10,50,0,2674,0.098369,745.926212,1,0.853
MNIST,FantopeOGD,10,50,0,2675,0.178274,746.104486,1,0.853
MNIST,FantopeOGD,10,50,0,2676,0.224888,746.329375,1,0.854
MNIST,FantopeOGD,10,50,0,2677,0.226708,746.556083,1,0.854
MNIST,FantopeOGD,10,50,0,2678,0.230351,746.786434,1,0.854
MNIST,FantopeOGD,10,50,0,2679,0.124003,746.910438,1,0.855
MNIST,FantopeOGD,10,50,0,2680,0.175981,747.086419,1,0.855
MNIST,FantopeOGD,10,50,0,2681,0.199956,747.286375,1,0.855
MNIST,FantopeOGD,10,50,0,2682,0.305075,747.591450,1,0.856
MNIST,FantopeOGD,10,50,0,2683,0.226625,747.818075,1,0.856
MNIST,FantopeOGD,10,50,0,2684,0.203695,748.021770,1,0.856
MNIST,FantopeOGD,10,50,0,2685,0.224448,748.246218,1,0.857
MNIST,FantopeOGD,10,50,0,2686,0.198560,748.444777,1,0.857
MNIST,FantopeOGD,10,50,0,2687,0.202035,748.646812,1,0.857
MNIST,FantopeOGD,10,50,0,2688,0.175294,748.822107,1,0.858
MNIST,FantopeOGD,10,50,0,2689,0.163227,748.985333,1,0.858
MNIST,FantopeOGD,10,50,0,2690,0.308639,749.293973,1,0.858
MNIST,FantopeOGD,10,50,0,2691,0.169665,749.463638,1,0.858
MNIST,FantopeOGD,10,50,0,2692,0.278848,749.742486,1,0.859
MNIST,FantopeOGD,10,50,0,2693,0.189030,749.931516,1,0.859
MNIST,FantopeOGD,10,50,0,2694,0.144893,750.076409,1,0.859
MNIST,FantopeOGD,10,50,0,2695,0.258904,750.335312,1,0.860
MNIST,FantopeOGD,10,50,0,2696,0.199108,750.534420,1,0.860
MNIST,FantopeOGD,10,50,0,2697,0.230174,750.764594,1,0.862
MNIST,FantopeOGD,10,50,0,2698,0.156319,750.920913,1,0.862
MNIST,FantopeOGD,10,50,0,2699,0.195775,751.116689,1,0.863
MNIST,FantopeOGD,10,50,0,2700,0.289748,751.406437,1,0.863
MNIST,FantopeOGD,10,50,0,2701,0.373811,751.780247,1,0.864
MNIST,FantopeOGD,10,50,0,2702,0.349865,752.130112,1,0.864
MNIST,FantopeOGD,10,50,0,2703,0.119602,752.249714,1,0.864
MNIST,FantopeOGD,10,50,0,2704,0.181408,752.431122,1,0.865
MNIST,FantopeOGD,10,50,0,2705,0.157609,752.588731,1,0.865
MNIST,FantopeOGD,10,50,0,2706,0.167720,752.756452,1,0.866
MNIST,FantopeOGD,10,50,0,2707,0.219836,752.976288,1,0.866
MNIST,FantopeOGD,10,50,0,2708,0.147892,753.124180,1,0.866
MNIST,FantopeOGD,10,50,0,2709,0.354478,753.478658,1,0.867
MNIST,FantopeOGD,10,50,0,2710,0.143728,753.622386,1,0.867
MNIST,FantopeOGD,10,50,0,2711,0.306555,753.928941,1,0.867
MNIST,FantopeOGD,10,50,0,2712,0.230950,754.159891,1,0.868
MNIST,FantopeOGD,10,50,0,2713,0.200688,754.360579,1,0.868
MNIST,FantopeOGD,10,50,0,2714,0.160762,754.521341,1,0.868
MNIST,FantopeOGD,10,50,0,2715,0.137933,754.659274,1,0.869
MNIST,FantopeOGD,10,50,0,2716,0.176784,754.836058,1,0.869
MNIST,FantopeOGD,10,50,0,2717,0.205929,755.041987,1,0.869
MNIST,FantopeOGD,10,50,0,2718,0.334787,755.376774,1,0.870
MNIST,FantopeOGD,10,50,0,2719,0.286252,755.663026,1,0.870
MNIST,FantopeOGD,10,50,0,2720,0.131604,755.794630,1,0.870
MNIST,FantopeOGD,10,50,0,2721,0.193865,755.988495,1,0.871
MNIST,FantopeOGD,10,50,0,2722,0.405999,756.394494,1,0.871
MNIST,FantopeOGD,10,50,0,2723,0.175834,756.570327,1,0.871
MNIST,FantopeOGD,10,50,0,2724,0.292368,756.862696,1,0.871
MNIST,FantopeOGD,10,50,0,2725,0.470607,757.333303,1,0.872
MNIST,FantopeOGD,10,50,0,2726,0.251366,757.584669,1,0.872
MNIST,FantopeOGD,10,50,0,2727,0.243227,757.827896,1,0.872
MNIST,FantopeOGD,10,50,0,2728,0.264278,758.092174,1,0.873
MNIST,FantopeOGD,10,50,0,2729,0.325134,758.417309,1,0.873
MNIST,FantopeOGD,10,50,0,2730,0.126234,758.543543,1,0.873
MNIST,FantopeOGD,10,50,0,2731,0.249050,758.792593,1,0.874
MNIST,FantopeOGD,10,50,0,2732,0.169841,758.962434,1,0.874
MNIST,FantopeOGD,10,50,0,2733,0.334165,759.296599,1,0.874
MNIST,FantopeOGD,10,50,0,2734,0.265240,759.561838,1,0.875
MNIST,FantopeOGD,10,50,0,2735,0.256697,759.818535,1,0.875
MNIST,FantopeOGD,10,50,0,2736,0.504099,760.322634,1,0.875
MNIST,FantopeOGD,10,50,0,2737,0.170820,760.493454,1,0.876
MNIST,FantopeOGD,10,50,0,2738,0.319937,760.813391,1,0.876
MNIST,FantopeOGD,10,50,0,2739,0.287821,761.101212,1,0.876
MNIST,FantopeOGD,10,50,0,2740,0.231412,761.332624,1,0.877
MNIST,FantopeOGD,10,50,0,2741,0.294945,761.627569,1,0.877
MNIST,FantopeOGD,10,50,0,2742,0.296179,761.923748,1,0.877
MNIST,FantopeOGD,10,50,0,2743,0.458100,762.381848,1,0.878
MNIST,FantopeOGD,10,50,0,2744,0.271674,762.653523,1,0.878
MNIST,FantopeOGD,10,50,0,2745,0.229667,762.883190,1,0.878
MNIST,FantopeOGD,10,50,0,2746,0.321946,763.205136,1,0.878
MNIST,FantopeOGD,10,50,0,2747,0.397376,763.602512,1,0.879
MNIST,FantopeOGD,10,50,0,2748,0.472615,764.075127,1,0.879
MNIST,FantopeOGD,10,50,0,2749,0.205755,764.280882,1,0.880
MNIST,FantopeOGD,10,50,0,2750,0.333669,764.614551,1,0.880
MNIST,FantopeOGD,10,50,0,2751,0.300144,764.914695,1,0.880
MNIST,FantopeOGD,10,50,0,2752,0.247047,765.161742,1,0.881
MNIST,FantopeOGD,10,50,0,2753,0.304840,765.466581,1,0.881
MNIST,FantopeOGD,10,50,0,2754,0.134341,765.600922,1,0.881
MNIST,FantopeOGD,10,50,0,2755,0.199929,765.800852,1,0.882
MNIST,FantopeOGD,10,50,0,2756,0.200219,766.001071,1,0.882
MNIST,FantopeOGD,10,50,0,2757,0.106805,766.107876,1,0.882
MNIST,FantopeOGD,10,50,0,2758,0.239869,766.347745,1,0.882
MNIST,FantopeOGD,10,50,0,2759,0.221045,766.568791,1,0.883
MNIST,FantopeOGD,10,50,0,2760,0.278579,766.847369,1,0.883
MNIST,FantopeOGD,10,50,0,2761,0.271402,767.118772,1,0.883
MNIST,FantopeOGD,10,50,0,2762,0.513982,767.632753,1,0.884
MNIST,FantopeOGD,10,50,0,2763,0.093833,767.726586,1,0.884
MNIST,FantopeOGD,10,50,0,2764,0.213279,767.939865,1,0.884
MNIST,FantopeOGD,10,50,0,2765,0.202273,768.142138,1,0.885
MNIST,FantopeOGD,10,50,0,2766,0.303057,768.445195,1,0.885
MNIST,FantopeOGD,10,50,0,2767,0.223411,768.668605,1,0.885
MNIST,FantopeOGD,10,50,0,2768,0.258715,768.927320,1,0.886
MNIST,FantopeOGD,10,50,0,2769,0.217255,769.144576,1,0.886
MNIST,FantopeOGD,10,50,0,2770,0.253079,769.397654,1,0.886
MNIST,FantopeOGD,10,50,0,2771,0.175641,769.573295,1,0.887
MNIST,FantopeOGD,10,50,0,2772,0.377255,769.950551,1,0.887
MNIST,FantopeOGD,10,50,0,2773,0.285715,770.236266,1,0.887
MNIST,FantopeOGD,10,50,0,2774,0.238604,770.474870,1,0.887
MNIST,FantopeOGD,10,50,0,2775,0.327086,770.801956,1,0.888
MNIST,FantopeOGD,10,50,0,2776,0.232174,771.034130,1,0.888
MNIST,FantopeOGD,10,50,0,2777,0.343384,771.377515,1,0.888
MNIST,FantopeOGD,10,50,0,2778,0.187325,771.564840,1,0.889
MNIST,FantopeOGD,10,50,0,2779,0.286401,771.851241,1,0.889
MNIST,FantopeOGD,10,50,0,2780,0.259525,772.110766,1,0.889
MNIST,FantopeOGD,10,50,0,2781,0.158012,772.268777,1,0.890
MNIST,FantopeOGD,10,50,0,2782,0.213899,772.482676,1,0.890
MNIST,FantopeOGD,10,50,0,2783,0.171373,772.654050,1,0.890
MNIST,FantopeOGD,10,50,0,2784,0.258866,772.912916,1,0.891
MNIST,FantopeOGD,10,50,0,2785,0.414441,773.327357,1,0.891
MNIST,FantopeOGD,10,50,0,2786,0.344845,773.672202,1,0.891
MNIST,FantopeOGD,10,50,0,2787,0.186890,773.859092,1,0.892
MNIST,FantopeOGD,10,50,0,2788,0.319938,774.179030,1,0.892
MNIST,FantopeOGD,10,50,0,2789,0.370031,774.549062,1,0.892
MNIST,FantopeOGD,10,50,0,2790,0.258277,774.807339,1,0.893
MNIST,FantopeOGD,10,50,0,2791,0.339109,775.146448,1,0.893
MNIST,FantopeOGD,10,50,0,2792,0.526950,775.673397,1,0.893
MNIST,FantopeOGD,10,50,0,2793,0.344483,776.017880,1,0.894
MNIST,FantopeOGD,10,50,0,2794,0.269187,776.287067,1,0.894
MNIST,FantopeOGD,10,50,0,2795,0.310044,776.597111,1,0.894
MNIST,FantopeOGD,10,50,0,2796,0.154778,776.751889,1,0.894
MNIST,FantopeOGD,10,50,0,2797,0.251257,777.003146,1,0.895
MNIST,FantopeOGD,10,50,0,2798,0.131919,777.135064,1,0.895
MNIST,FantopeOGD,10,50,0,2799,0.203861,777.338926,1,0.895
MNIST,FantopeOGD,10,50,0,2800,0.389737,777.728663,1,0.896
MNIST,FantopeOGD,10,50,0,2801,0.241170,777.969833,1,0.896
MNIST,FantopeOGD,10,50,0,2802,0.340153,778.309986,1,0.897
MNIST,FantopeOGD,10,50,0,2803,0.522330,778.832315,1,0.897
MNIST,FantopeOGD,10,50,0,2804,0.208361,779.040676,1,0.897
MNIST,FantopeOGD,10,50,0,2805,0.179420,779.220097,1,0.897
MNIST,FantopeOGD,10,50,0,2806,0.402931,779.623028,1,0.898
MNIST,FantopeOGD,10,50,0,2807,0.222667,779.845695,1,0.898
MNIST,FantopeOGD,10,50,0,2808,0.173396,780.019091,1,0.898
MNIST,FantopeOGD,10,50,0,2809,0.200457,780.219548,1,0.899
MNIST,FantopeOGD,10,50,0,2810,0.180377,780.399926,1,0.899
MNIST,FantopeOGD,10,50,0,2811,0.145766,780.545691,1,0.899
MNIST,FantopeOGD,10,50,0,2812,0.143179,780.688870,1,0.900
MNIST,FantopeOGD,10,50,0,2813,0.307054,780.995924,1,0.900
MNIST,FantopeOGD,10,50,0,2814,0.304102,781.300027,1,0.900
MNIST,FantopeOGD,10,50,0,2815,0.466716,781.766742,1,0.901
MNIST,FantopeOGD,10,50,0,2816,0.288619,782.055362,1,0.901
MNIST,FantopeOGD,10,50,0,2817,0.168164,782.223525,1,0.901
MNIST,FantopeOGD,10,50,0,2818,0.334789,782.558315,1,0.901
MNIST,FantopeOGD,10,50,0,2819,0.245315,782.803629,1,0.902
MNIST,FantopeOGD,10,50,0,2820,0.366464,783.170093,1,0.902
MNIST,FantopeOGD,10,50,0,2821,0.266058,783.436151,1,0.902
MNIST,FantopeOGD,10,50,0,2822,0.183397,783.619548,1,0.903
MNIST,FantopeOGD,10,50,0,2823,0.126561,783.746110,1,0.903
MNIST,FantopeOGD,10,50,0,2824,0.077055,783.823164,1,0.903
MNIST,FantopeOGD,10,50,0,2825,0.425360,784.248524,1,0.904
MNIST,FantopeOGD,10,50,0,2826,0.199523,784.448047,1,0.904
MNIST,FantopeOGD,10,50,0,2827,0.123572,784.571619,1,0.904
MNIST,FantopeOGD,10,50,0,2828,0.217971,784.789590,1,0.905
MNIST,FantopeOGD,10,50,0,2829,0.160599,784.950189,1,0.905
MNIST,FantopeOGD,10,50,0,2830,0.343906,785.294095,1,0.905
MNIST,FantopeOGD,10,50,0,2831,0.198474,785.492569,1,0.906
MNIST,FantopeOGD,10,50,0,2832,0.147757,785.640325,1,0.906
MNIST,FantopeOGD,10,50,0,2833,0.375390,786.015715,1,0.906
MNIST,FantopeOGD,10,50,0,2834,0.205681,786.221397,1,0.906
MNIST,FantopeOGD,10,50,0,2835,0.435141,786.656538,1,0.907
MNIST,FantopeOGD,10,50,0,2836,0.364641,787.021179,1,0.907
MNIST,FantopeOGD,10,50,0,2837,0.213755,787.234934,1,0.907
MNIST,FantopeOGD,10,50,0,2838,0.289410,787.524345,1,0.908
MNIST,FantopeOGD,10,50,0,2839,0.346688,787.871032,1,0.908
MNIST,FantopeOGD,10,50,0,2840,0.295430,788.166462,1,0.908
MNIST,FantopeOGD,10,50,0,2841,0.155127,788.321589,1,0.909
MNIST,FantopeOGD,10,50,0,2842,0.291083,788.612672,1,0.909
MNIST,FantopeOGD,10,50,0,2843,0.264771,788.877443,1,0.909
MNIST,FantopeOGD,10,50,0,2844,0.369051,789.246494,1,0.910
MNIST,FantopeOGD,10,50,0,2845,0.309145,789.555639,1,0.910
MNIST,FantopeOGD,10,50,0,2846,0.172073,789.727712,1,0.910
MNIST,FantopeOGD,10,50,0,2847,0.159258,789.886970,1,0.911
MNIST,FantopeOGD,10,50,0,2848,0.144516,790.031486,1,0.911
MNIST,FantopeOGD,10,50,0,2849,0.271122,790.302608,1,0.911
MNIST,FantopeOGD,10,50,0,2850,0.098492,790.401100,1,0.912
MNIST,FantopeOGD,10,50,0,2851,0.153955,790.555055,1,0.912
MNIST,FantopeOGD,10,50,0,2852,0.427745,790.982800,1,0.912
MNIST,FantopeOGD,10,50,0,2853,0.450913,791.433713,1,0.913
MNIST,FantopeOGD,10,50,0,2854,0.276655,791.710368,1,0.913
MNIST,FantopeOGD,10,50,0,2855,0.286411,791.996779,1,0.913
MNIST,FantopeOGD,10,50,0,2856,0.114940,792.111719,1,0.913
MNIST,FantopeOGD,10,50,0,2857,0.323484,792.435203,1,0.914
MNIST,FantopeOGD,10,50,0,2858,0.100034,792.535237,1,0.914
MNIST,FantopeOGD,10,50,0,2859,0.098114,792.633351,1,0.914
MNIST,FantopeOGD,10,50,0,2860,0.222574,792.855925,1,0.915
MNIST,FantopeOGD,10,50,0,2861,0.422784,793.278709,1,0.915
MNIST,FantopeOGD,10,50,0,2862,0.314164,793.592873,1,0.915
MNIST,FantopeOGD,10,50,0,2863,0.199447,793.792320,1,0.916
MNIST,FantopeOGD,10,50,0,2864,0.113785,793.906105,1,0.916
MNIST,FantopeOGD,10,50,0,2865,0.112590,794.018695,1,0.916
MNIST,FantopeOGD,10,50,0,2866,0.226226,794.244921,1,0.917
MNIST,FantopeOGD,10,50,0,2867,0.145339,794.390260,1,0.917
MNIST,FantopeOGD,10,50,0,2868,0.239091,794.629351,1,0.917
MNIST,FantopeOGD,10,50,0,2869,0.139994,794.769345,1,0.917
MNIST,FantopeOGD,10,50,0,2870,0.291234,795.060579,1,0.918
MNIST,FantopeOGD,10,50,0,2871,0.267397,795.327976,1,0.918
MNIST,FantopeOGD,10,50,0,2872,0.174357,795.502333,1,0.918
MNIST,FantopeOGD,10,50,0,2873,0.236127,795.738460,1,0.919
MNIST,FantopeOGD,10,50,0,2874,0.346826,796.085285,1,0.919
MNIST,FantopeOGD,10,50,0,2875,0.173719,796.259004,1,0.919
MNIST,FantopeOGD,10,50,0,2876,0.352496,796.611500,1,0.920
MNIST,FantopeOGD,10,50,0,2877,0.206753,796.818253,1,0.920
MNIST,FantopeOGD,10,50,0,2878,0.102698,796.920951,1,0.920
MNIST,FantopeOGD,10,50,0,2879,0.184249,797.105200,1,0.921
MNIST,FantopeOGD,10,50,0,2880,0.366396,797.471596,1,0.921
MNIST,FantopeOGD,10,50,0,2881,0.289312,797.760908,1,0.921
MNIST,FantopeOGD,10,50,0,2882,0.286564,798.047472,1,0.922
MNIST,FantopeOGD,10,50,0,2883,0.285468,798.332940,1,0.922
MNIST,FantopeOGD,10,50,0,2884,0.134016,798.466956,1,0.922
MNIST,FantopeOGD,10,50,0,2885,0.161863,798.628819,1,0.923
MNIST,FantopeOGD,10,50,0,2886,0.250340,798.879159,1,0.923
MNIST,FantopeOGD,10,50,0,2887,0.314886,799.194044,1,0.923
MNIST,FantopeOGD,10,50,0,2888,0.248285,799.442330,1,0.923
MNIST,FantopeOGD,10,50,0,2889,0.372516,799.814845,1,0.924
MNIST,FantopeOGD,10,50,0,2890,0.253367,800.068212,1,0.924
MNIST,FantopeOGD,10,50,0,2891,0.244996,800.313208,1,0.924
MNIST,FantopeOGD,10,50,0,2892,0.213927,800.527134,1,0.925
MNIST,FantopeOGD,10,50,0,2893,0.210484,800.737618,1,0.925
MNIST,FantopeOGD,10,50,0,2894,0.293151,801.030769,1,0.925
MNIST,FantopeOGD,10,50,0,2895,0.088274,801.119042,1,0.926
MNIST,FantopeOGD,10,50,0,2896,0.259147,801.378189,1,0.926
MNIST,FantopeOGD,10,50,0,2897,0.311360,801.689549,1,0.926
MNIST,FantopeOGD,10,50,0,2898,0.421477,802.111026,1,0.927
MNIST,FantopeOGD,10,50,0,2899,0.241450,802.352477,1,0.927
MNIST,FantopeOGD,10,50,0,2900,0.315016,802.667492,1,0.927
MNIST,FantopeOGD,10,50,0,2901,0.326692,802.994184,1,0.928
MNIST,FantopeOGD,10,50,0,2902,0.334372,803.328556,1,0.928
MNIST,FantopeOGD,10,50,0,2903,0.372367,803.700923,1,0.928
MNIST,FantopeOGD,10,50,0,2904,0.265355,803.966278,1,0.929
MNIST,FantopeOGD,10,50,0,2905,0.253967,804.220246,1,0.929
MNIST,FantopeOGD,10,50,0,2906,0.161555,804.381801,1,0.929
MNIST,FantopeOGD,10,50,0,2907,0.372301,804.754102,1,0.930
MNIST,FantopeOGD,10,50,0,2908,0.270382,805.024484,1,0.930
MNIST,FantopeOGD,10,50,0,2909,0.137389,805.161873,1,0.930
MNIST,FantopeOGD,10,50,0,2910,0.318271,805.480144,1,0.930
MNIST,FantopeOGD,10,50,0,2911,0.281284,805.761428,1,0.931
MNIST,FantopeOGD,10,50,0,2912,0.321928,806.083356,1,0.931
MNIST,FantopeOGD,10,50,0,2913,0.250908,806.334264,1,0.931
MNIST,FantopeOGD,10,50,0,2914,0.154539,806.488803,1,0.932
MNIST,FantopeOGD,10,50,0,2915,0.256866,806.745669,1,0.932
MNIST,FantopeOGD,10,50,0,2916,0.144003,806.889672,1,0.932
MNIST,FantopeOGD,10,50,0,2917,0.249938,807.139610,1,0.933
MNIST,FantopeOGD,10,50,0,2918,0.578048,807.717657,1,0.933
MNIST,FantopeOGD,10,50,0,2919,0.373274,808.090932,1,0.933
MNIST,FantopeOGD,10,50,0,2920,0.209999,808.300930,1,0.934
MNIST,FantopeOGD,10,50,0,2921,0.292690,808.593621,1,0.934
MNIST,FantopeOGD,10,50,0,2922,0.323966,808.917586,1,0.934
MNIST,FantopeOGD,10,50,0,2923,0.172874,809.090461,1,0.935
MNIST,FantopeOGD,10,50,0,2924,0.183909,809.274369,1,0.935
MNIST,FantopeOGD,10,50,0,2925,0.214421,809.488790,1,0.935
MNIST,FantopeOGD,10,50,0,2926,0.223381,809.712170,1,0.936
MNIST,FantopeOGD,10,50,0,2927,0.225384,809.937555,1,0.936
MNIST,FantopeOGD,10,50,0,2928,0.157256,810.094810,1,0.936
MNIST,FantopeOGD,10,50,0,2929,0.164155,810.258965,1,0.936
MNIST,FantopeOGD,10,50,0,2930,0.242043,810.501008,1,0.937
MNIST,FantopeOGD,10,50,0,2931,0.349478,810.850485,1,0.937
MNIST,FantopeOGD,10,50,0,2932,0.146404,810.996889,1,0.937
MNIST,FantopeOGD,10,50,0,2933,0.252307,811.249196,1,0.938
MNIST,FantopeOGD,10,50,0,2934,0.203205,811.452402,1,0.938
MNIST,FantopeOGD,10,50,0,2935,0.183061,811.635463,1,0.938
MNIST,FantopeOGD,10,50,0,2936,0.287976,811.923439,1,0.939
MNIST,FantopeOGD,10,50,0,2937,0.228800,812.152238,1,0.939
MNIST,FantopeOGD,10,50,0,2938,0.474356,812.626595,1,0.939
MNIST,FantopeOGD,10,50,0,2939,0.248696,812.875291,1,0.940
MNIST,FantopeOGD,10,50,0,2940,0.280873,813.156165,1,0.940
MNIST,FantopeOGD,10,50,0,2941,0.209288,813.365453,1,0.940
MNIST,FantopeOGD,10,50,0,2942,0.346873,813.712326,1,0.940
MNIST,FantopeOGD,10,50,0,2943,0.131763,813.844088,1,0.941
MNIST,FantopeOGD,10,50,0,2944,0.128510,813.972599,1,0.941
MNIST,FantopeOGD,10,50,0,2945,0.297285,814.269884,1,0.941
MNIST,FantopeOGD,10,50,0,2946,0.204705,814.474589,1,0.942
MNIST,FantopeOGD,10,50,0,2947,0.174324,814.648913,1,0.942
MNIST,FantopeOGD,10,50,0,2948,0.326860,814.975773,1,0.942
MNIST,FantopeOGD,10,50,0,2949,0.214886,815.190659,1,0.943
MNIST,FantopeOGD,10,50,0,2950,0.321398,815.512057,1,0.943
MNIST,FantopeOGD,10,50,0,2951,0.402795,815.914852,1,0.943
MNIST,FantopeOGD,10,50,0,2952,0.324893,816.239745,1,0.944
MNIST,FantopeOGD,10,50,0,2953,0.222669,816.462413,1,0.944
MNIST,FantopeOGD,10,50,0,2954,0.213296,816.675709,1,0.944
MNIST,FantopeOGD,10,50,0,2955,0.114492,816.790201,1,0.945
MNIST,FantopeOGD,10,50,0,2956,0.112401,816.902602,1,0.945
MNIST,FantopeOGD,10,50,0,2957,0.177874,817.080476,1,0.945
MNIST,FantopeOGD,10,50,0,2958,0.329689,817.410166,1,0.946
MNIST,FantopeOGD,10,50,0,2959,0.141566,817.551732,1,0.946
MNIST,FantopeOGD,10,50,0,2960,0.143412,817.695143,1,0.946
MNIST,FantopeOGD,10,50,0,2961,0.117457,817.812600,1,0.947
MNIST,FantopeOGD,10,50,0,2962,0.335281,818.147881,1,0.947
MNIST,FantopeOGD,10,50,0,2963,0.328554,818.476435,1,0.947
MNIST,FantopeOGD,10,50,0,2964,0.299083,818.775518,1,0.947
MNIST,FantopeOGD,10,50,0,2965,0.240279,819.015796,1,0.948
MNIST,FantopeOGD,10,50,0,2966,0.237108,819.252904,1,0.948
MNIST,FantopeOGD,10,50,0,2967,0.267625,819.520529,1,0.948
MNIST,FantopeOGD,10,50,0,2968,0.331744,819.852274,1,0.949
MNIST,FantopeOGD,10,50,0,2969,0.156890,820.009163,1,0.949
MNIST,FantopeOGD,10,50,0,2970,0.167817,820.176980,1,0.949
MNIST,FantopeOGD,10,50,0,2971,0.315019,820.491999,1,0.950
MNIST,FantopeOGD,10,50,0,2972,0.136667,820.628665,1,0.950
MNIST,FantopeOGD,10,50,0,2973,0.185959,820.814624,1,0.950
MNIST,FantopeOGD,10,50,0,2974,0.351807,821.166431,1,0.951
MNIST,FantopeOGD,10,50,0,2975,0.102437,821.268868,1,0.951
MNIST,FantopeOGD,10,50,0,2976,0.288039,821.556907,1,0.951
MNIST,FantopeOGD,10,50,0,2977,0.216916,821.773823,1,0.951
MNIST,FantopeOGD,10,50,0,2978,0.353228,822.127050,1,0.952
MNIST,FantopeOGD,10,50,0,2979,0.380698,822.507749,1,0.952
MNIST,FantopeOGD,10,50,0,2980,0.255033,822.762782,1,0.952
MNIST,FantopeOGD,10,50,0,2981,0.314776,823.077558,1,0.953
MNIST,FantopeOGD,10,50,0,2982,0.493636,823.571194,1,0.953
MNIST,FantopeOGD,10,50,0,2983,0.205019,823.776213,1,0.953
MNIST,FantopeOGD,10,50,0,2984,0.240956,824.017169,1,0.954
MNIST,FantopeOGD,10,50,0,2985,0.251568,824.268737,1,0.954
MNIST,FantopeOGD,10,50,0,2986,0.156130,824.424867,1,0.954
MNIST,FantopeOGD,10,50,0,2987,0.225208,824.650075,1,0.955
MNIST,FantopeOGD,10,50,0,2988,0.241523,824.891598,1,0.955
MNIST,FantopeOGD,10,50,0,2989,0.257715,825.149312,1,0.955
MNIST,FantopeOGD,10,50,0,2990,0.257341,825.406654,1,0.956
MNIST,FantopeOGD,10,50,0,2991,0.275097,825.681751,1,0.956
MNIST,FantopeOGD,10,50,0,2992,0.261389,825.943140,1,0.956
MNIST,FantopeOGD,10,50,0,2993,0.197070,826.140210,1,0.957
MNIST,FantopeOGD,10,50,0,2994,0.345128,826.485338,1,0.957
MNIST,FantopeOGD,10,50,0,2995,0.295010,826.780348,1,0.957
MNIST,FantopeOGD,10,50,0,2996,0.317660,827.098008,1,0.957
MNIST,FantopeOGD,10,50,0,2997,0.232323,827.330331,1,0.958
MNIST,FantopeOGD,10,50,0,2998,0.357425,827.687756,1,0.958
MNIST,FantopeOGD,10,50,0,2999,0.184356,827.872112,1,0.958
MNIST,FantopeOGD,10,50,0,3000,0.337263,828.209375,1,0.959
MNIST,FantopeOGD,10,50,0,3001,0.278474,828.487849,1,0.959
MNIST,FantopeOGD,10,50,0,3002,0.274203,828.762052,1,0.960
MNIST,FantopeOGD,10,50,0,3003,0.167350,828.929402,1,0.960
MNIST,FantopeOGD,10,50,0,3004,0.415635,829.345037,1,0.960
MNIST,FantopeOGD,10,50,0,3005,0.298069,829.643106,1,0.961
MNIST,FantopeOGD,10,50,0,3006,0.315826,829.958932,1,0.961
MNIST,FantopeOGD,10,50,0,3007,0.291231,830.250163,1,0.961
MNIST,FantopeOGD,10,50,0,3008,0.646855,830.897018,1,0.962
MNIST,FantopeOGD,10,50,0,3009,0.317226,831.214244,1,0.962
MNIST,FantopeOGD,10,50,0,3010,0.173924,831.388167,1,0.962
MNIST,FantopeOGD,10,50,0,3011,0.236177,831.624345,1,0.963
MNIST,FantopeOGD,10,50,0,3012,0.279276,831.903620,1,0.963
MNIST,FantopeOGD,10,50,0,3013,0.179132,832.082753,1,0.963
MNIST,FantopeOGD,10,50,0,3014,0.213607,832.296359,1,0.963
MNIST,FantopeOGD,10,50,0,3015,0.095161,832.391521,1,0.964
MNIST,FantopeOGD,10,50,0,3016,0.329922,832.721443,1,0.964
MNIST,FantopeOGD,10,50,0,3017,0.159292,832.880735,1,0.964
MNIST,FantopeOGD,10,50,0,3018,0.287245,833.167980,1,0.965
MNIST,FantopeOGD,10,50,0,3019,0.228104,833.396084,1,0.965
MNIST,FantopeOGD,10,50,0,3020,0.290886,833.686970,1,0.965
MNIST,FantopeOGD,10,50,0,3021,0.355082,834.042051,1,0.966
MNIST,FantopeOGD,10,50,0,3022,0.301440,834.343492,1,0.966
MNIST,FantopeOGD,10,50,0,3023,0.224644,834.568136,1,0.966
MNIST,FantopeOGD,10,50,0,3024,0.316306,834.884442,1,0.967
MNIST,FantopeOGD,10,50,0,3025,0.232617,835.117059,1,0.967
MNIST,FantopeOGD,10,50,0,3026,0.296019,835.413078,1,0.967
MNIST,FantopeOGD,10,50,0,3027,0.171485,835.584563,1,0.968
MNIST,FantopeOGD,10,50,0,3028,0.329050,835.913613,1,0.968
MNIST,FantopeOGD,10,50,0,3029,0.152084,836.065698,1,0.968
MNIST,FantopeOGD,10,50,0,3030,0.343890,836.409588,1,0.968
MNIST,FantopeOGD,10,50,0,3031,0.265877,836.675465,1,0.969
MNIST,FantopeOGD,10,50,0,3032,0.255042,836.930507,1,0.969
MNIST,FantopeOGD,10,50,0,3033,0.300106,837.230613,1,0.969
MNIST,FantopeOGD,10,50,0,3034,0.287634,837.518247,1,0.970
MNIST,FantopeOGD,10,50,0,3035,0.137075,837.655323,1,0.970
MNIST,FantopeOGD,10,50,0,3036,0.220371,837.875694,1,0.970
MNIST,FantopeOGD,10,50,0,3037,0.287866,838.163560,1,0.971
MNIST,FantopeOGD,10,50,0,3038,0.247768,838.411328,1,0.971
MNIST,FantopeOGD,10,50,0,3039,0.411189,838.822516,1,0.971
MNIST,FantopeOGD,10,50,0,3040,0.241585,839.064101,1,0.972
MNIST,FantopeOGD,10,50,0,3041,0.285281,839.349382,1,0.972
MNIST,FantopeOGD,10,50,0,3042,0.239597,839.588979,1,0.972
MNIST,FantopeOGD,10,50,0,3043,0.321205,839.910184,1,0.973
MNIST,FantopeOGD,10,50,0,3044,0.157742,840.067926,1,0.973
MNIST,FantopeOGD,10,50,0,3045,0.325299,840.393225,1,0.973
MNIST,FantopeOGD,10,50,0,3046,0.300357,840.693582,1,0.974
MNIST,FantopeOGD,10,50,0,3047,0.305941,840.999523,1,0.974
MNIST,FantopeOGD,10,50,0,3048,0.310265,841.309789,1,0.974
MNIST,FantopeOGD,10,50,0,3049,0.245665,841.555454,1,0.975
MNIST,FantopeOGD,10,50,0,3050,0.385069,841.940523,1,0.975
MNIST,FantopeOGD,10,50,0,3051,0.272770,842.213293,1,0.975
MNIST,FantopeOGD,10,50,0,3052,0.132267,842.345560,1,0.976
MNIST,FantopeOGD,10,50,0,3053,0.182606,842.528167,1,0.976
MNIST,FantopeOGD,10,50,0,3054,0.222188,842.750355,1,0.976
MNIST,FantopeOGD,10,50,0,3055,0.235795,842.986150,1,0.977
MNIST,FantopeOGD,10,50,0,3056,0.236502,843.222653,1,0.977
MNIST,FantopeOGD,10,50,0,3057,0.369850,843.592503,1,0.977
MNIST,FantopeOGD,10,50,0,3058,0.130087,843.722590,1,0.977
MNIST,FantopeOGD,10,50,0,3059,0.355428,844.078018,1,0.978
MNIST,FantopeOGD,10,50,0,3060,0.268463,844.346480,1,0.978
MNIST,FantopeOGD,10,50,0,3061,0.312440,844.658921,1,0.978
MNIST,FantopeOGD,10,50,0,3062,0.222945,844.881866,1,0.979
MNIST,FantopeOGD,10,50,0,3063,0.296995,845.178861,1,0.979
MNIST,FantopeOGD,10,50,0,3064,0.326607,845.505468,1,0.979
MNIST,FantopeOGD,10,50,0,3065,0.240474,845.745942,1,0.980
MNIST,FantopeOGD,10,50,0,3066,0.215502,845.961444,1,0.980
MNIST,FantopeOGD,10,50,0,3067,0.288474,846.249918,1,0.980
MNIST,FantopeOGD,10,50,0,3068,0.211106,846.461024,1,0.980
MNIST,FantopeOGD,10,50,0,3069,0.259569,846.720593,1,0.981
MNIST,FantopeOGD,10,50,0,3070,0.299729,847.020322,1,0.981
MNIST,FantopeOGD,10,50,0,3071,0.129287,847.149609,1,0.981
MNIST,FantopeOGD,10,50,0,3072,0.276792,847.426401,1,0.982
MNIST,FantopeOGD,10,50,0,3073,0.307101,847.733502,1,0.982
MNIST,FantopeOGD,10,50,0,3074,0.163729,847.897231,1,0.982
MNIST,FantopeOGD,10,50,0,3075,0.209065,848.106296,1,0.983
MNIST,FantopeOGD,10,50,0,3076,0.162207,848.268503,1,0.983
MNIST,FantopeOGD,10,50,0,3077,0.232396,848.500899,1,0.983
MNIST,FantopeOGD,10,50,0,3078,0.299238,848.800137,1,0.984
MNIST,FantopeOGD,10,50,0,3079,0.211837,849.011974,1,0.984
MNIST,FantopeOGD,10,50,0,3080,0.368197,849.380171,1,0.984
MNIST,FantopeOGD,10,50,0,3081,0.234109,849.614280,1,0.985
MNIST,FantopeOGD,10,50,0,3082,0.094346,849.708626,1,0.985
MNIST,FantopeOGD,10,50,0,3083,0.217294,849.925920,1,0.986
MNIST,FantopeOGD,10,50,0,3084,0.266774,850.192693,1,0.986
MNIST,FantopeOGD,10,50,0,3085,0.139238,850.331932,1,0.986
MNIST,FantopeOGD,10,50,0,3086,0.358648,850.690580,1,0.987
MNIST,FantopeOGD,10,50,0,3087,0.065996,850.756576,1,0.987
MNIST,FantopeOGD,10,50,0,3088,0.177498,850.934074,1,0.987
MNIST,FantopeOGD,10,50,0,3089,0.218165,851.152239,1,0.988
MNIST,FantopeOGD,10,50,0,3090,0.218479,851.370718,1,0.988
MNIST,FantopeOGD,10,50,0,3091,0.339135,851.709853,1,0.988
MNIST,FantopeOGD,10,50,0,3092,0.140748,851.850601,1,0.989
MNIST,FantopeOGD,10,50,0,3093,0.330926,852.181527,1,0.989
MNIST,FantopeOGD,10,50,0,3094,0.292352,852.473879,1,0.989
MNIST,FantopeOGD,10,50,0,3095,0.240310,852.714189,1,0.990
MNIST,FantopeOGD,10,50,0,3096,0.321938,853.036127,1,0.990
MNIST,FantopeOGD,10,50,0,3097,0.364174,853.400301,1,0.990
MNIST,FantopeOGD,10,50,0,3098,0.265799,853.666100,1,0.991
MNIST,FantopeOGD,10,50,0,3099,0.167275,853.833375,1,0.991
MNIST,FantopeOGD,10,50,0,3100,0.173446,854.006821,1,0.991
MNIST,FantopeOGD,10,50,0,3101,0.163298,854.170118,1,0.992
MNIST,FantopeOGD,10,50,0,3102,0.258230,854.428348,1,0.992
MNIST,FantopeOGD,10,50,0,3103,0.209619,854.637967,1,0.992
MNIST,FantopeOGD,10,50,0,3104,0.194274,854.832241,1,0.993
MNIST,FantopeOGD,10,50,0,3105,0.281242,855.113483,1,0.993
MNIST,FantopeOGD,10,50,0,3106,0.202627,855.316109,1,0.993
MNIST,FantopeOGD,10,50,0,3107,0.301160,855.617269,1,0.993
MNIST,FantopeOGD,10,50,0,3108,0.226497,855.843766,1,0.994
MNIST,FantopeOGD,10,50,0,3109,0.377414,856.221181,1,0.994
MNIST,FantopeOGD,10,50,0,3110,0.249016,856.470196,1,0.994
MNIST,FantopeOGD,10,50,0,3111,0.384653,856.854849,1,0.995
MNIST,FantopeOGD,10,50,0,3112,0.292456,857.147305,1,0.995
MNIST,FantopeOGD,10,50,0,3113,0.471608,857.618913,1,0.995
MNIST,FantopeOGD,10,50,0,3114,0.326103,857.945016,1,0.996
MNIST,FantopeOGD,10,50,0,3115,0.140038,858.085053,1,0.996
MNIST,FantopeOGD,10,50,0,3116,0.351530,858.436584,1,0.996
MNIST,FantopeOGD,10,50,0,3117,0.308310,858.744894,1,0.997
MNIST,FantopeOGD,10,50,0,3118,0.241249,858.986143,1,0.997
MNIST,FantopeOGD,10,50,0,3119,0.307187,859.293330,1,0.997
MNIST,FantopeOGD,10,50,0,3120,0.176316,859.469646,1,0.997
MNIST,FantopeOGD,10,50,0,3121,0.183809,859.653455,1,0.998
MNIST,FantopeOGD,10,50,0,3122,0.290788,859.944244,1,0.998
MNIST,FantopeOGD,10,50,0,3123,0.181027,860.125271,1,0.998
MNIST,FantopeOGD,10,50,0,3124,0.215696,860.340966,1,0.999
MNIST,FantopeOGD,10,50,0,3125,0.224927,860.565894,1,0.999
MNIST,FantopeOGD,10,50,0,3126,0.232962,860.798856,1,0.999
MNIST,FantopeOGD,10,50,0,3127,0.182634,860.981490,1,1.000
MNIST,FantopeOGD,10,50,0,3128,0.115554,861.097044,1,1.000
MNIST,FantopeOGD,10,50,0,3129,0.259549,861.356594,1,1.000
MNIST,FantopeOGD,10,50,0,3130,0.221995,861.578589,1,1.001
MNIST,FantopeOGD,10,50,0,3131,0.334708,861.913297,1,1.001
MNIST,FantopeOGD,10,50,0,3132,0.476134,862.389430,1,1.001
MNIST,FantopeOGD,10,50,0,3133,0.395206,862.784637,1,1.002
MNIST,FantopeOGD,10,50,0,3134,0.139070,862.923707,1,1.002
MNIST,FantopeOGD,10,50,0,3135,0.217095,863.140802,1,1.002
MNIST,FantopeOGD,10,50,0,3136,0.219401,863.360203,1,1.003
MNIST,FantopeOGD,10,50,0,3137,0.307004,863.667207,1,1.003
MNIST,FantopeOGD,10,50,0,3138,0.136439,863.803646,1,1.003
MNIST,FantopeOGD,10,50,0,3139,0.259093,864.062739,1,1.003
MNIST,FantopeOGD,10,50,0,3140,0.233457,864.296196,1,1.004
MNIST,FantopeOGD,10,50,0,3141,0.296265,864.592461,1,1.004
MNIST,FantopeOGD,10,50,0,3142,0.319473,864.911934,1,1.004
MNIST,FantopeOGD,10,50,0,3143,0.161628,865.073562,1,1.005
MNIST,FantopeOGD,10,50,0,3144,0.136881,865.210443,1,1.005
MNIST,FantopeOGD,10,50,0,3145,0.321467,865.531911,1,1.005
MNIST,FantopeOGD,10,50,0,3146,0.260540,865.792450,1,1.006
MNIST,FantopeOGD,10,50,0,3147,0.253797,866.046247,1,1.006
MNIST,FantopeOGD,10,50,0,3148,0.288261,866.334508,1,1.006
MNIST,FantopeOGD,10,50,0,3149,0.106063,866.440572,1,1.006
MNIST,FantopeOGD,10,50,0,3150,0.157491,866.598063,1,1.007
MNIST,FantopeOGD,10,50,0,3151,0.334646,866.932709,1,1.007
MNIST,FantopeOGD,10,50,0,3152,0.242854,867.175564,1,1.008
MNIST,FantopeOGD,10,50,0,3153,0.202143,867.377706,1,1.008
MNIST,FantopeOGD,10,50,0,3154,0.412831,867.790537,1,1.008
MNIST,FantopeOGD,10,50,0,3155,0.208876,867.999413,1,1.008
MNIST,FantopeOGD,10,50,0,3156,0.134607,868.134020,1,1.009
MNIST,FantopeOGD,10,50,0,3157,0.169196,868.303216,1,1.009
MNIST,FantopeOGD,10,50,0,3158,0.332757,868.635973,1,1.009
MNIST,FantopeOGD,10,50,0,3159,0.345356,868.981328,1,1.010
MNIST,FantopeOGD,10,50,0,3160,0.254103,869.235432,1,1.010
MNIST,FantopeOGD,10,50,0,3161,0.213413,869.448845,1,1.010
MNIST,FantopeOGD,10,50,0,3162,0.265143,869.713987,1,1.011
MNIST,FantopeOGD,10,50,0,3163,0.307584,870.021571,1,1.011
MNIST,FantopeOGD,10,50,0,3164,0.264914,870.286486,1,1.011
MNIST,FantopeOGD,10,50,0,3165,0.204825,870.491310,1,1.012
MNIST,FantopeOGD,10,50,0,3166,0.198031,870.689342,1,1.012
MNIST,FantopeOGD,10,50,0,3167,0.277483,870.966825,1,1.012
MNIST,FantopeOGD,10,50,0,3168,0.155241,871.122066,1,1.012
MNIST,FantopeOGD,10,50,0,3169,0.279482,871.401547,1,1.013
MNIST,FantopeOGD,10,50,0,3170,0.231215,871.632762,1,1.013
MNIST,FantopeOGD,10,50,0,3171,0.256076,871.888838,1,1.013
MNIST,FantopeOGD,10,50,0,3172,0.186584,872.075423,1,1.014
MNIST,FantopeOGD,10,50,0,3173,0.171014,872.246437,1,1.014
MNIST,FantopeOGD,10,50,0,3174,0.296116,872.542552,1,1.014
MNIST,FantopeOGD,10,50,0,3175,0.208060,872.750612,1,1.015
MNIST,FantopeOGD,10,50,0,3176,0.203773,872.954385,1,1.015
MNIST,FantopeOGD,10,50,0,3177,0.301613,873.255998,1,1.015
MNIST,FantopeOGD,10,50,0,3178,0.287378,873.543376,1,1.016
MNIST,FantopeOGD,10,50,0,3179,0.279308,873.822684,1,1.016
MNIST,FantopeOGD,10,50,0,3180,0.279088,874.101772,1,1.016
MNIST,FantopeOGD,10,50,0,3181,0.540638,874.642410,1,1.017
MNIST,FantopeOGD,10,50,0,3182,0.362100,875.004510,1,1.017
MNIST,FantopeOGD,10,50,0,3183,0.271105,875.275615,1,1.017
MNIST,FantopeOGD,10,50,0,3184,0.158550,875.434165,1,1.018
MNIST,FantopeOGD,10,50,0,3185,0.124562,875.558728,1,1.018
MNIST,FantopeOGD,10,50,0,3186,0.372429,875.931157,1,1.018
MNIST,FantopeOGD,10,50,0,3187,0.320483,876.251639,1,1.018
MNIST,FantopeOGD,10,50,0,3188,0.234471,876.486110,1,1.019
MNIST,FantopeOGD,10,50,0,3189,0.244638,876.730748,1,1.019
MNIST,FantopeOGD,10,50,0,3190,0.308669,877.039417,1,1.019
MNIST,FantopeOGD,10,50,0,3191,0.411414,877.450831,1,1.020
MNIST,FantopeOGD,10,50,0,3192,0.223635,877.674466,1,1.020
MNIST,FantopeOGD,10,50,0,3193,0.270884,877.945349,1,1.020
MNIST,FantopeOGD,10,50,0,3194,0.191091,878.136441,1,1.021
MNIST,FantopeOGD,10,50,0,3195,0.185441,878.321882,1,1.021
MNIST,FantopeOGD,10,50,0,3196,0.306195,878.628077,1,1.021
MNIST,FantopeOGD,10,50,0,3197,0.130936,878.759013,1,1.021
MNIST,FantopeOGD,10,50,0,3198,0.213879,878.972892,1,1.022
MNIST,FantopeOGD,10,50,0,3199,0.268748,879.241641,1,1.022
MNIST,FantopeOGD,10,50,0,3200,0.328976,879.570617,1,1.023
MNIST,FantopeOGD,10,50,0,3201,0.279054,879.849671,1,1.023
MNIST,FantopeOGD,10,50,0,3202,0.348372,880.198043,1,1.023
MNIST,FantopeOGD,10,50,0,3203,0.156524,880.354567,1,1.023
MNIST,FantopeOGD,10,50,0,3204,0.190017,880.544584,1,1.024
MNIST,FantopeOGD,10,50,0,3205,0.254445,880.799029,1,1.024
MNIST,FantopeOGD,10,50,0,3206,0.153380,880.952408,1,1.024
MNIST,FantopeOGD,10,50,0,3207,0.266782,881.219190,1,1.025
MNIST,FantopeOGD,10,50,0,3208,0.284914,881.504104,1,1.025
MNIST,FantopeOGD,10,50,0,3209,0.331203,881.835307,1,1.026
MNIST,FantopeOGD,10,50,0,3210,0.510317,882.345624,1,1.026
MNIST,FantopeOGD,10,50,0,3211,0.227228,882.572852,1,1.027
MNIST,FantopeOGD,10,50,0,3212,0.297357,882.870209,1,1.027
MNIST,FantopeOGD,10,50,0,3213,0.356650,883.226859,1,1.027
MNIST,FantopeOGD,10,50,0,3214,0.295615,883.522474,1,1.028
MNIST,FantopeOGD,10,50,0,3215,0.222448,883.744922,1,1.028
MNIST,FantopeOGD,10,50,0,3216,0.377613,884.122536,1,1.028
MNIST,FantopeOGD,10,50,0,3217,0.157188,884.279724,1,1.029
MNIST,FantopeOGD,10,50,0,3218,0.311730,884.591454,1,1.029
MNIST,FantopeOGD,10,50,0,3219,0.167477,884.758931,1,1.029
MNIST,FantopeOGD,10,50,0,3220,0.208113,884.967044,1,1.030
MNIST,FantopeOGD,10,50,0,3221,0.239111,885.206156,1,1.030
MNIST,FantopeOGD,10,50,0,3222,0.172590,885.378745,1,1.030
MNIST,FantopeOGD,10,50,0,3223,0.343491,885.722237,1,1.031
MNIST,FantopeOGD,10,50,0,3224,0.223533,885.945770,1,1.031
MNIST,FantopeOGD,10,50,0,3225,0.221361,886.167130,1,1.031
MNIST,FantopeOGD,10,50,0,3226,0.343141,886.510272,1,1.032
MNIST,FantopeOGD,10,50,0,3227,0.246869,886.757141,1,1.032
MNIST,FantopeOGD,10,50,0,3228,0.189361,886.946501,1,1.032
MNIST,FantopeOGD,10,50,0,3229,0.291014,887.237515,1,1.033
MNIST,FantopeOGD,10,50,0,3230,0.219979,887.457494,1,1.033
MNIST,FantopeOGD,10,50,0,3231,0.277163,887.734658,1,1.033
MNIST,FantopeOGD,10,50,0,3232,0.329666,888.064323,1,1.033
MNIST,FantopeOGD,10,50,0,3233,0.271412,888.335735,1,1.034
MNIST,FantopeOGD,10,50,0,3234,0.269171,888.604906,1,1.034
MNIST,FantopeOGD,10,50,0,3235,0.199675,888.804580,1,1.034
MNIST,FantopeOGD,10,50,0,3236,0.267451,889.072031,1,1.035
MNIST,FantopeOGD,10,50,0,3237,0.290000,889.362031,1,1.035
MNIST,FantopeOGD,10,50,0,3238,0.199583,889.561614,1,1.035
MNIST,FantopeOGD,10,50,0,3239,0.204888,889.766502,1,1.036
MNIST,FantopeOGD,10,50,0,3240,0.276785,890.043287,1,1.036
MNIST,FantopeOGD,10,50,0,3241,0.380371,890.423658,1,1.036
MNIST,FantopeOGD,10,50,0,3242,0.225339,890.648997,1,1.037
MNIST,FantopeOGD,10,50,0,3243,0.236106,890.885103,1,1.037
MNIST,FantopeOGD,10,50,0,3244,0.259266,891.144369,1,1.037
MNIST,FantopeOGD,10,50,0,3245,0.196438,891.340808,1,1.037
MNIST,FantopeOGD,10,50,0,3246,0.326345,891.667153,1,1.038
MNIST,FantopeOGD,10,50,0,3247,0.229095,891.896248,1,1.038
MNIST,FantopeOGD,10,50,0,3248,0.329901,892.226149,1,1.038
MNIST,FantopeOGD,10,50,0,3249,0.231213,892.457362,1,1.039
MNIST,FantopeOGD,10,50,0,3250,0.215005,892.672367,1,1.040
MNIST,FantopeOGD,10,50,0,3251,0.314050,892.986417,1,1.040
MNIST,FantopeOGD,10,50,0,3252,0.243675,893.230093,1,1.040
MNIST,FantopeOGD,10,50,0,3253,0.323590,893.553682,1,1.041
MNIST,FantopeOGD,10,50,0,3254,0.109938,893.663620,1,1.041
MNIST,FantopeOGD,10,50,0,3255,0.299841,893.963461,1,1.041
MNIST,FantopeOGD,10,50,0,3256,0.174106,894.137567,1,1.041
MNIST,FantopeOGD,10,50,0,3257,0.334120,894.471688,1,1.042
MNIST,FantopeOGD,10,50,0,3258,0.333617,894.805305,1,1.042
MNIST,FantopeOGD,10,50,0,3259,0.431176,895.236481,1,1.042
MNIST,FantopeOGD,10,50,0,3260,0.250147,895.486627,1,1.043
MNIST,FantopeOGD,10,50,0,3261,0.131150,895.617777,1,1.043
MNIST,FantopeOGD,10,50,0,3262,0.227639,895.845416,1,1.043
MNIST,FantopeOGD,10,50,0,3263,0.287656,896.133072,1,1.044
MNIST,FantopeOGD,10,50,0,3264,0.276575,896.409647,1,1.044
MNIST,FantopeOGD,10,50,0,3265,0.257236,896.666883,1,1.044
MNIST,FantopeOGD,10,50,0,3266,0.165458,896.832341,1,1.045
MNIST,FantopeOGD,10,50,0,3267,0.375770,897.208110,1,1.045
MNIST,FantopeOGD,10,50,0,3268,0.372671,897.580781,1,1.045
MNIST,FantopeOGD,10,50,0,3269,0.274109,897.854890,1,1.046
MNIST,FantopeOGD,10,50,0,3270,0.175955,898.030845,1,1.046
MNIST,FantopeOGD,10,50,0,3271,0.284087,898.314932,1,1.046
MNIST,FantopeOGD,10,50,0,3272,0.321126,898.636058,1,1.046
MNIST,FantopeOGD,10,50,0,3273,0.083303,898.719361,1,1.047
MNIST,FantopeOGD,10,50,0,3274,0.218831,898.938192,1,1.047
MNIST,FantopeOGD,10,50,0,3275,0.216566,899.154758,1,1.047
MNIST,FantopeOGD,10,50,0,3276,0.362145,899.516902,1,1.048
MNIST,FantopeOGD,10,50,0,3277,0.282208,899.799110,1,1.048
MNIST,FantopeOGD,10,50,0,3278,0.323060,900.122170,1,1.048
MNIST,FantopeOGD,10,50,0,3279,0.237414,900.359584,1,1.049
MNIST,FantopeOGD,10,50,0,3280,0.274427,900.634011,1,1.049
MNIST,FantopeOGD,10,50,0,3281,0.257699,900.891709,1,1.049
MNIST,FantopeOGD,10,50,0,3282,0.222362,901.114071,1,1.050
MNIST,FantopeOGD,10,50,0,3283,0.152242,901.266314,1,1.050
MNIST,FantopeOGD,10,50,0,3284,0.226735,901.493048,1,1.050
MNIST,FantopeOGD,10,50,0,3285,0.181282,901.674330,1,1.051
MNIST,FantopeOGD,10,50,0,3286,0.192093,901.866423,1,1.051
MNIST,FantopeOGD,10,50,0,3287,0.199895,902.066318,1,1.051
MNIST,FantopeOGD,10,50,0,3288,0.182659,902.248977,1,1.051
MNIST,FantopeOGD,10,50,0,3289,0.260124,902.509102,1,1.052
MNIST,FantopeOGD,10,50,0,3290,0.246570,902.755672,1,1.052
MNIST,FantopeOGD,10,50,0,3291,0.235353,902.991025,1,1.052
MNIST,FantopeOGD,10,50,0,3292,0.292138,903.283163,1,1.053
MNIST,FantopeOGD,10,50,0,3293,0.337779,903.620942,1,1.053
MNIST,FantopeOGD,10,50,0,3294,0.267407,903.888349,1,1.053
MNIST,FantopeOGD,10,50,0,3295,0.149805,904.038154,1,1.054
MNIST,FantopeOGD,10,50,0,3296,0.252399,904.290553,1,1.054
MNIST,FantopeOGD,10,50,0,3297,0.279952,904.570505,1,1.054
MNIST,FantopeOGD,10,50,0,3298,0.363259,904.933764,1,1.054
MNIST,FantopeOGD,10,50,0,3299,0.152776,905.086540,1,1.055
MNIST,FantopeOGD,10,50,0,3300,0.261205,905.347745,1,1.055
MNIST,FantopeOGD,10,50,0,3301,0.132857,905.480602,1,1.056
MNIST,FantopeOGD,10,50,0,3302,0.240845,905.721447,1,1.056
MNIST,FantopeOGD,10,50,0,3303,0.199981,905.921428,1,1.056
MNIST,FantopeOGD,10,50,0,3304,0.238372,906.159800,1,1.056
MNIST,FantopeOGD,10,50,0,3305,0.427571,906.587371,1,1.057
MNIST,FantopeOGD,10,50,0,3306,0.199556,906.786927,1,1.057
MNIST,FantopeOGD,10,50,0,3307,0.444503,907.231430,1,1.057
MNIST,FantopeOGD,10,50,0,3308,0.226068,907.457498,1,1.058
MNIST,FantopeOGD,10,50,0,3309,0.256870,907.714368,1,1.058
MNIST,FantopeOGD,10,50,0,3310,0.354350,908.068717,1,1.058
MNIST,FantopeOGD,10,50,0,3311,0.341645,908.410362,1,1.059
MNIST,FantopeOGD,10,50,0,3312,0.312120,908.722482,1,1.059
MNIST,FantopeOGD,10,50,0,3313,0.489843,909.212326,1,1.059
MNIST,FantopeOGD,10,50,0,3314,0.125013,909.337338,1,1.060
MNIST,FantopeOGD,10,50,0,3315,0.234901,909.572239,1,1.060
MNIST,FantopeOGD,10,50,0,3316,0.299062,909.871302,1,1.060
MNIST,FantopeOGD,10,50,0,3317,0.105535,909.976836,1,1.060
MNIST,FantopeOGD,10,50,0,3318,0.325478,910.302314,1,1.061
MNIST,FantopeOGD,10,50,0,3319,0.303695,910.606009,1,1.061
MNIST,FantopeOGD,10,50,0,3320,0.220042,910.826051,1,1.061
MNIST,FantopeOGD,10,50,0,3321,0.161422,910.987474,1,1.062
MNIST,FantopeOGD,10,50,0,3322,0.258138,911.245611,1,1.062
MNIST,FantopeOGD,10,50,0,3323,0.241049,911.486661,1,1.062
MNIST,FantopeOGD,10,50,0,3324,0.359865,911.846525,1,1.063
MNIST,FantopeOGD,10,50,0,3325,0.210443,912.056968,1,1.063
MNIST,FantopeOGD,10,50,0,3326,0.492708,912.549676,1,1.063
MNIST,FantopeOGD,10,50,0,3327,0.201163,912.750839,1,1.063
MNIST,FantopeOGD,10,50,0,3328,0.337509,913.088349,1,1.064
MNIST,FantopeOGD,10,50,0,3329,0.268056,913.356404,1,1.064
MNIST,FantopeOGD,10,50,0,3330,0.130959,913.487364,1,1.064
MNIST,FantopeOGD,10,50,0,3331,0.330196,913.817560,1,1.065
MNIST,FantopeOGD,10,50,0,3332,0.097959,913.915519,1,1.065
MNIST,FantopeOGD,10,50,0,3333,0.183853,914.099371,1,1.065
MNIST,FantopeOGD,10,50,0,3334,0.291116,914.390487,1,1.066
MNIST,FantopeOGD,10,50,0,3335,0.076801,914.467288,1,1.066
MNIST,FantopeOGD,10,50,0,3336,0.287065,914.754353,1,1.066
MNIST,FantopeOGD,10,50,0,3337,0.235657,914.990010,1,1.067
MNIST,FantopeOGD,10,50,0,3338,0.092554,915.082564,1,1.067
MNIST,FantopeOGD,10,50,0,3339,0.228692,915.311256,1,1.067
MNIST,FantopeOGD,10,50,0,3340,0.481364,915.792620,1,1.068
MNIST,FantopeOGD,10,50,0,3341,0.212053,916.004673,1,1.068
MNIST,FantopeOGD,10,50,0,3342,0.238717,916.243391,1,1.068
MNIST,FantopeOGD,10,50,0,3343,0.384400,916.627791,1,1.068
MNIST,FantopeOGD,10,50,0,3344,0.330796,916.958587,1,1.069
MNIST,FantopeOGD,10,50,0,3345,0.178930,917.137517,1,1.069
MNIST,FantopeOGD,10,50,0,3346,0.268429,917.405947,1,1.069
MNIST,FantopeOGD,10,50,0,3347,0.280791,917.686738,1,1.070
MNIST,FantopeOGD,10,50,0,3348,0.130896,917.817634,1,1.070
MNIST,FantopeOGD,10,50,0,3349,0.169363,917.986997,1,1.070
MNIST,FantopeOGD,10,50,0,3350,0.343007,918.330004,1,1.071
MNIST,FantopeOGD,10,50,0,3351,0.257851,918.587856,1,1.071
MNIST,FantopeOGD,10,50,0,3352,0.363521,918.951377,1,1.071
MNIST,FantopeOGD,10,50,0,3353,0.169867,919.121243,1,1.072
MNIST,FantopeOGD,10,50,0,3354,0.249993,919.371237,1,1.072
MNIST,FantopeOGD,10,50,0,3355,0.143525,919.514762,1,1.072
MNIST,FantopeOGD,10,50,0,3356,0.367436,919.882198,1,1.073
MNIST,FantopeOGD,10,50,0,3357,0.240202,920.122400,1,1.073
MNIST,FantopeOGD,10,50,0,3358,0.336276,920.458676,1,1.073
MNIST,FantopeOGD,10,50,0,3359,0.197343,920.656019,1,1.073
MNIST,FantopeOGD,10,50,0,3360,0.242934,920.898953,1,1.074
MNIST,FantopeOGD,10,50,0,3361,0.255792,921.154745,1,1.074
MNIST,FantopeOGD,10,50,0,3362,0.250234,921.404979,1,1.074
MNIST,FantopeOGD,10,50,0,3363,0.484772,921.889751,1,1.075
MNIST,FantopeOGD,10,50,0,3364,0.135497,922.025249,1,1.075
MNIST,FantopeOGD,10,50,0,3365,0.250877,922.276126,1,1.075
MNIST,FantopeOGD,10,50,0,3366,0.291864,922.567990,1,1.076
MNIST,FantopeOGD,10,50,0,3367,0.434792,923.002781,1,1.076
MNIST,FantopeOGD,10,50,0,3368,0.121194,923.123975,1,1.076
MNIST,FantopeOGD,10,50,0,3369,0.160089,923.284063,1,1.077
MNIST,FantopeOGD,10,50,0,3370,0.188002,923.472065,1,1.077
MNIST,FantopeOGD,10,50,0,3371,0.290119,923.762184,1,1.077
MNIST,FantopeOGD,10,50,0,3372,0.222902,923.985086,1,1.077
MNIST,FantopeOGD,10,50,0,3373,0.154993,924.140080,1,1.078
MNIST,FantopeOGD,10,50,0,3374,0.403648,924.543728,1,1.078
MNIST,FantopeOGD,10,50,0,3375,0.180315,924.724043,1,1.078
MNIST,FantopeOGD,10,50,0,3376,0.417215,925.141258,1,1.079
MNIST,FantopeOGD,10,50,0,3377,0.133889,925.275147,1,1.079
MNIST,FantopeOGD,10,50,0,3378,0.381921,925.657068,1,1.079
MNIST,FantopeOGD,10,50,0,3379,0.247886,925.904954,1,1.080
MNIST,FantopeOGD,10,50,0,3380,0.108642,926.013597,1,1.080
MNIST,FantopeOGD,10,50,0,3381,0.139499,926.153096,1,1.080
MNIST,FantopeOGD,10,50,0,3382,0.371946,926.525041,1,1.081
MNIST,FantopeOGD,10,50,0,3383,0.259981,926.785022,1,1.081
MNIST,FantopeOGD,10,50,0,3384,0.325637,927.110659,1,1.081
MNIST,FantopeOGD,10,50,0,3385,0.165113,927.275772,1,1.081
MNIST,FantopeOGD,10,50,0,3386,0.316666,927.592438,1,1.082
MNIST,FantopeOGD,10,50,0,3387,0.264040,927.856478,1,1.082
MNIST,FantopeOGD,10,50,0,3388,0.306035,928.162513,1,1.082
MNIST,FantopeOGD,10,50,0,3389,0.147049,928.309563,1,1.083
MNIST,FantopeOGD,10,50,0,3390,0.261105,928.570668,1,1.083
MNIST,FantopeOGD,10,50,0,3391,0.158292,928.728960,1,1.083
MNIST,FantopeOGD,10,50,0,3392,0.239479,928.968439,1,1.084
MNIST,FantopeOGD,10,50,0,3393,0.199337,929.167776,1,1.084
MNIST,FantopeOGD,10,50,0,3394,0.118506,929.286282,1,1.084
MNIST,FantopeOGD,10,50,0,3395,0.308157,929.594440,1,1.084
MNIST,FantopeOGD,10,50,0,3396,0.171258,929.765698,1,1.085
MNIST,FantopeOGD,10,50,0,3397,0.285295,930.050992,1,1.085
MNIST,FantopeOGD,10,50,0,3398,0.229046,930.280039,1,1.085
MNIST,FantopeOGD,10,50,0,3399,0.166799,930.446838,1,1.086
MNIST,FantopeOGD,10,50,0,3400,0.311578,930.758416,1,1.086
MNIST,FantopeOGD,10,50,0,3401,0.207577,930.965993,1,1.087
MNIST,FantopeOGD,10,50,0,3402,0.257667,931.223660,1,1.087
MNIST,FantopeOGD,10,50,0,3403,0.188352,931.412012,1,1.087
MNIST,FantopeOGD,10,50,0,3404,0.218837,931.630849,1,1.087
MNIST,FantopeOGD,10,50,0,3405,0.221627,931.852476,1,1.088
MNIST,FantopeOGD,10,50,0,3406,0.254728,932.107203,1,1.088
MNIST,FantopeOGD,10,50,0,3407,0.165525,932.272728,1,1.088
MNIST,FantopeOGD,10,50,0,3408,0.126871,932.399599,1,1.089
MNIST,FantopeOGD,10,50,0,3409,0.333713,932.733312,1,1.089
MNIST,FantopeOGD,10,50,0,3410,0.133948,932.867260,1,1.089
MNIST,FantopeOGD,10,50,0,3411,0.143703,933.010963,1,1.090
MNIST,FantopeOGD,10,50,0,3412,0.294299,933.305263,1,1.090
MNIST,FantopeOGD,10,50,0,3413,0.270240,933.575503,1,1.090
MNIST,FantopeOGD,10,50,0,3414,0.237807,933.813310,1,1.091
MNIST,FantopeOGD,10,50,0,3415,0.194674,934.007984,1,1.091
MNIST,FantopeOGD,10,50,0,3416,0.442401,934.450385,1,1.091
MNIST,FantopeOGD,10,50,0,3417,0.147548,934.597933,1,1.091
MNIST,FantopeOGD,10,50,0,3418,0.308776,934.906708,1,1.092
MNIST,FantopeOGD,10,50,0,3419,0.269073,935.175781,1,1.092
MNIST,FantopeOGD,10,50,0,3420,0.259321,935.435103,1,1.092
MNIST,FantopeOGD,10,50,0,3421,0.249033,935.684136,1,1.093
MNIST,FantopeOGD,10,50,0,3422,0.272777,935.956913,1,1.093
MNIST,FantopeOGD,10,50,0,3423,0.100111,936.057024,1,1.093
MNIST,FantopeOGD,10,50,0,3424,0.278564,936.335588,1,1.094
MNIST,FantopeOGD,10,50,0,3425,0.143466,936.479054,1,1.094
MNIST,FantopeOGD,10,50,0,3426,0.275335,936.754389,1,1.094
MNIST,FantopeOGD,10,50,0,3427,0.265129,937.019518,1,1.095
MNIST,FantopeOGD,10,50,0,3428,0.194390,937.213909,1,1.095
MNIST,FantopeOGD,10,50,0,3429,0.257811,937.471720,1,1.095
MNIST,FantopeOGD,10,50,0,3430,0.248668,937.720388,1,1.095
MNIST,FantopeOGD,10,50,0,3431,0.244730,937.965118,1,1.096
MNIST,FantopeOGD,10,50,0,3432,0.320252,938.285369,1,1.096
MNIST,FantopeOGD,10,50,0,3433,0.240519,938.525888,1,1.096
MNIST,FantopeOGD,10,50,0,3434,0.266427,938.792315,1,1.097
MNIST,FantopeOGD,10,50,0,3435,0.312533,939.104848,1,1.097
MNIST,FantopeOGD,10,50,0,3436,0.216577,939.321426,1,1.097
MNIST,FantopeOGD,10,50,0,3437,0.148432,939.469858,1,1.098
MNIST,FantopeOGD,10,50,0,3438,0.151818,939.621676,1,1.098
MNIST,FantopeOGD,10,50,0,3439,0.280829,939.902505,1,1.098
MNIST,FantopeOGD,10,50,0,3440,0.311572,940.214077,1,1.099
MNIST,FantopeOGD,10,50,0,3441,0.245362,940.459439,1,1.099
MNIST,FantopeOGD,10,50,0,3442,0.249403,940.708842,1,1.099
MNIST,FantopeOGD,10,50,0,3443,0.184070,940.892912,1,1.099
MNIST,FantopeOGD,10,50,0,3444,0.209623,941.102535,1,1.100
MNIST,FantopeOGD,10,50,0,3445,0.127665,941.230200,1,1.100
MNIST,FantopeOGD,10,50,0,3446,0.130053,941.360253,1,1.100
MNIST,FantopeOGD,10,50,0,3447,0.267848,941.628101,1,1.101
MNIST,FantopeOGD,10,50,0,3448,0.158323,941.786424,1,1.101
MNIST,FantopeOGD,10,50,0,3449,0.230514,942.016937,1,1.101
MNIST,FantopeOGD,10,50,0,3450,0.468527,942.485464,1,1.102
MNIST,FantopeOGD,10,50,0,3451,0.129522,942.614986,1,1.102
MNIST,FantopeOGD,10,50,0,3452,0.176070,942.791056,1,1.102
MNIST,FantopeOGD,10,50,0,3453,0.282329,943.073385,1,1.103
MNIST,FantopeOGD,10,50,0,3454,0.249842,943.323227,1,1.103
MNIST,FantopeOGD,10,50,0,3455,0.156010,943.479237,1,1.103
MNIST,FantopeOGD,10,50,0,3456,0.161617,943.640854,1,1.104
MNIST,FantopeOGD,10,50,0,3457,0.230967,943.871821,1,1.104
MNIST,FantopeOGD,10,50,0,3458,0.460908,944.332729,1,1.104
MNIST,FantopeOGD,10,50,0,3459,0.366379,944.699108,1,1.105
MNIST,FantopeOGD,10,50,0,3460,0.384184,945.083292,1,1.105
MNIST,FantopeOGD,10,50,0,3461,0.116763,945.200055,1,1.105
MNIST,FantopeOGD,10,50,0,3462,0.226333,945.426388,1,1.106
MNIST,FantopeOGD,10,50,0,3463,0.229584,945.655972,1,1.106
MNIST,FantopeOGD,10,50,0,3464,0.279497,945.935469,1,1.106
MNIST,FantopeOGD,10,50,0,3465,0.136179,946.071648,1,1.106
MNIST,FantopeOGD,10,50,0,3466,0.260898,946.332546,1,1.107
MNIST,FantopeOGD,10,50,0,3467,0.118723,946.451269,1,1.107
MNIST,FantopeOGD,10,50,0,3468,0.235173,946.686442,1,1.107
MNIST,FantopeOGD,10,50,0,3469,0.280079,946.966521,1,1.108
MNIST,FantopeOGD,10,50,0,3470,0.263828,947.230350,1,1.108
MNIST,FantopeOGD,10,50,0,3471,0.175954,947.406303,1,1.108
MNIST,FantopeOGD,10,50,0,3472,0.151727,947.558030,1,1.109
MNIST,FantopeOGD,10,50,0,3473,0.232126,947.790157,1,1.109
MNIST,FantopeOGD,10,50,0,3474,0.395717,948.185873,1,1.109
MNIST,FantopeOGD,10,50,0,3475,0.163210,948.349084,1,1.110
MNIST,FantopeOGD,10,50,0,3476,0.182976,948.532059,1,1.110
MNIST,FantopeOGD,10,50,0,3477,0.274918,948.806977,1,1.110
MNIST,FantopeOGD,10,50,0,3478,0.083798,948.890775,1,1.110
MNIST,FantopeOGD,10,50,0,3479,0.271379,949.162154,1,1.111
MNIST,FantopeOGD,10,50,0,3480,0.251076,949.413230,1,1.111
MNIST,FantopeOGD,10,50,0,3481,0.211246,949.624476,1,1.111
MNIST,FantopeOGD,10,50,0,3482,0.261731,949.886207,1,1.112
MNIST,FantopeOGD,10,50,0,3483,0.231403,950.117610,1,1.112
MNIST,FantopeOGD,10,50,0,3484,0.205052,950.322662,1,1.112
MNIST,FantopeOGD,10,50,0,3485,0.175226,950.497888,1,1.113
MNIST,FantopeOGD,10,50,0,3486,0.179983,950.677871,1,1.113
MNIST,FantopeOGD,10,50,0,3487,0.161922,950.839792,1,1.113
MNIST,FantopeOGD,10,50,0,3488,0.210671,951.050463,1,1.114
MNIST,FantopeOGD,10,50,0,3489,0.346063,951.396526,1,1.114
MNIST,FantopeOGD,10,50,0,3490,0.174609,951.571135,1,1.114
MNIST,FantopeOGD,10,50,0,3491,0.308610,951.879746,1,1.114
MNIST,FantopeOGD,10,50,0,3492,0.238187,952.117933,1,1.115
MNIST,FantopeOGD,10,50,0,3493,0.467713,952.585646,1,1.115
MNIST,FantopeOGD,10,50,0,3494,0.189922,952.775568,1,1.115
MNIST,FantopeOGD,10,50,0,3495,0.183913,952.959481,1,1.116
MNIST,FantopeOGD,10,50,0,3496,0.223004,953.182484,1,1.116
MNIST,FantopeOGD,10,50,0,3497,0.389315,953.571799,1,1.116
MNIST,FantopeOGD,10,50,0,3498,0.215009,953.786808,1,1.117
MNIST,FantopeOGD,10,50,0,3499,0.246480,954.033288,1,1.117
MNIST,FantopeOGD,10,50,0,3500,0.290484,954.323772,1,1.117
MNIST,FantopeOGD,10,50,0,3501,0.468616,954.792388,1,1.118
MNIST,FantopeOGD,10,50,0,3502,0.261408,955.053796,1,1.118
MNIST,FantopeOGD,10,50,0,3503,0.199393,955.253189,1,1.118
MNIST,FantopeOGD,10,50,0,3504,0.161892,955.415081,1,1.119
MNIST,FantopeOGD,10,50,0,3505,0.192988,955.608069,1,1.119
MNIST,FantopeOGD,10,50,0,3506,0.178897,955.786966,1,1.119
MNIST,FantopeOGD,10,50,0,3507,0.330286,956.117252,1,1.120
MNIST,FantopeOGD,10,50,0,3508,0.173998,956.291250,1,1.120
MNIST,FantopeOGD,10,50,0,3509,0.318187,956.609436,1,1.120
MNIST,FantopeOGD,10,50,0,3510,0.245621,956.855057,1,1.120
MNIST,FantopeOGD,10,50,0,3511,0.173260,957.028317,1,1.121
MNIST,FantopeOGD,10,50,0,3512,0.181672,957.209989,1,1.121
MNIST,FantopeOGD,10,50,0,3513,0.399037,957.609027,1,1.121
MNIST,FantopeOGD,10,50,0,3514,0.270996,957.880023,1,1.122
MNIST,FantopeOGD,10,50,0,3515,0.378715,958.258738,1,1.122
MNIST,FantopeOGD,10,50,0,3516,0.183511,958.442249,1,1.122
MNIST,FantopeOGD,10,50,0,3517,0.270535,958.712785,1,1.123
MNIST,FantopeOGD,10,50,0,3518,0.303192,959.015976,1,1.123
MNIST,FantopeOGD,10,50,0,3519,0.257701,959.273677,1,1.123
MNIST,FantopeOGD,10,50,0,3520,0.304460,959.578138,1,1.124
MNIST,FantopeOGD,10,50,0,3521,0.245199,959.823337,1,1.124
MNIST,FantopeOGD,10,50,0,3522,0.244406,960.067743,1,1.124
MNIST,FantopeOGD,10,50,0,3523,0.246813,960.314556,1,1.124
MNIST,FantopeOGD,10,50,0,3524,0.118180,960.432736,1,1.125
MNIST,FantopeOGD,10,50,0,3525,0.137856,960.570591,1,1.125
MNIST,FantopeOGD,10,50,0,3526,0.381409,960.952001,1,1.126
MNIST,FantopeOGD,10,50,0,3527,0.254715,961.206715,1,1.126
MNIST,FantopeOGD,10,50,0,3528,0.206762,961.413477,1,1.126
MNIST,FantopeOGD,10,50,0,3529,0.277947,961.691424,1,1.127
MNIST,FantopeOGD,10,50,0,3530,0.234458,961.925882,1,1.127
MNIST,FantopeOGD,10,50,0,3531,0.190316,962.116198,1,1.128
MNIST,FantopeOGD,10,50,0,3532,0.245253,962.361451,1,1.128
MNIST,FantopeOGD,10,50,0,3533,0.348109,962.709560,1,1.128
MNIST,FantopeOGD,10,50,0,3534,0.154830,962.864390,1,1.129
MNIST,FantopeOGD,10,50,0,3535,0.224098,963.088488,1,1.129
MNIST,FantopeOGD,10,50,0,3536,0.187296,963.275784,1,1.129
MNIST,FantopeOGD,10,50,0,3537,0.156929,963.432713,1,1.130
MNIST,FantopeOGD,10,50,0,3538,0.142454,963.575167,1,1.130
MNIST,FantopeOGD,10,50,0,3539,0.251074,963.826241,1,1.130
MNIST,FantopeOGD,10,50,0,3540,0.249255,964.075495,1,1.131
MNIST,FantopeOGD,10,50,0,3541,0.171079,964.246574,1,1.131
MNIST,FantopeOGD,10,50,0,3542,0.430670,964.677244,1,1.131
MNIST,FantopeOGD,10,50,0,3543,0.157903,964.835147,1,1.132
MNIST,FantopeOGD,10,50,0,3544,0.135548,964.970695,1,1.132
MNIST,FantopeOGD,10,50,0,3545,0.339621,965.310316,1,1.132
MNIST,FantopeOGD,10,50,0,3546,0.147010,965.457327,1,1.132
MNIST,FantopeOGD,10,50,0,3547,0.172798,965.630125,1,1.133
MNIST,FantopeOGD,10,50,0,3548,0.263106,965.893231,1,1.133
MNIST,FantopeOGD,10,50,0,3549,0.136746,966.029977,1,1.133
MNIST,FantopeOGD,10,50,0,3550,0.262506,966.292482,1,1.134
MNIST,FantopeOGD,10,50,0,3551,0.193501,966.485983,1,1.134
MNIST,FantopeOGD,10,50,0,3552,0.125507,966.611490,1,1.134
MNIST,FantopeOGD,10,50,0,3553,0.380971,966.992461,1,1.135
MNIST,FantopeOGD,10,50,0,3554,0.326332,967.318793,1,1.135
MNIST,FantopeOGD,10,50,0,3555,0.280665,967.599457,1,1.135
MNIST,FantopeOGD,10,50,0,3556,0.218599,967.818057,1,1.136
MNIST,FantopeOGD,10,50,0,3557,0.271458,968.089515,1,1.136
MNIST,FantopeOGD,10,50,0,3558,0.153688,968.243203,1,1.136
MNIST,FantopeOGD,10,50,0,3559,0.167961,968.411164,1,1.137
MNIST,FantopeOGD,10,50,0,3560,0.162515,968.573679,1,1.137
MNIST,FantopeOGD,10,50,0,3561,0.178792,968.752471,1,1.137
MNIST,FantopeOGD,10,50,0,3562,0.210934,968.963405,1,1.138
MNIST,FantopeOGD,10,50,0,3563,0.226387,969.189792,1,1.138
MNIST,FantopeOGD,10,50,0,3564,0.105287,969.295079,1,1.138
MNIST,FantopeOGD,10,50,0,3565,0.230088,969.525167,1,1.138
MNIST,FantopeOGD,10,50,0,3566,0.296256,969.821423,1,1.139
MNIST,FantopeOGD,10,50,0,3567,0.252549,970.073972,1,1.139
MNIST,FantopeOGD,10,50,0,3568,0.153728,970.227701,1,1.139
MNIST,FantopeOGD,10,50,0,3569,0.370191,970.597891,1,1.140
MNIST,FantopeOGD,10,50,0,3570,0.097867,970.695758,1,1.140
MNIST,FantopeOGD,10,50,0,3571,0.320427,971.016186,1,1.140
MNIST,FantopeOGD,10,50,0,3572,0.180065,971.196251,1,1.141
MNIST,FantopeOGD,10,50,0,3573,0.278675,971.474926,1,1.141
MNIST,FantopeOGD,10,50,0,3574,0.129188,971.604113,1,1.141
MNIST,FantopeOGD,10,50,0,3575,0.298407,971.902520,1,1.142
MNIST,FantopeOGD,10,50,0,3576,0.175261,972.077781,1,1.142
MNIST,FantopeOGD,10,50,0,3577,0.227831,972.305612,1,1.142
MNIST,FantopeOGD,10,50,0,3578,0.187846,972.493458,1,1.142
MNIST,FantopeOGD,10,50,0,3579,0.168108,972.661566,1,1.143
MNIST,FantopeOGD,10,50,0,3580,0.290767,972.952333,1,1.143
MNIST,FantopeOGD,10,50,0,3581,0.205297,973.157629,1,1.143
MNIST,FantopeOGD,10,50,0,3582,0.341294,973.498924,1,1.144
MNIST,FantopeOGD,10,50,0,3583,0.303617,973.802541,1,1.144
MNIST,FantopeOGD,10,50,0,3584,0.454223,974.256764,1,1.144
MNIST,FantopeOGD,10,50,0,3585,0.266825,974.523589,1,1.145
MNIST,FantopeOGD,10,50,0,3586,0.321782,974.845371,1,1.145
MNIST,FantopeOGD,10,50,0,3587,0.367929,975.213300,1,1.145
MNIST,FantopeOGD,10,50,0,3588,0.201729,975.415029,1,1.146
MNIST,FantopeOGD,10,50,0,3589,0.143197,975.558226,1,1.146
MNIST,FantopeOGD,10,50,0,3590,0.247130,975.805356,1,1.146
MNIST,FantopeOGD,10,50,0,3591,0.281859,976.087215,1,1.146
MNIST,FantopeOGD,10,50,0,3592,0.239651,976.326866,1,1.147
MNIST,FantopeOGD,10,50,0,3593,0.305817,976.632683,1,1.147
MNIST,FantopeOGD,10,50,0,3594,0.262102,976.894786,1,1.148
MNIST,FantopeOGD,10,50,0,3595,0.258031,977.152817,1,1.148
MNIST,FantopeOGD,10,50,0,3596,0.224050,977.376868,1,1.148
MNIST,FantopeOGD,10,50,0,3597,0.276874,977.653741,1,1.148
MNIST,FantopeOGD,10,50,0,3598,0.155471,977.809212,1,1.149
MNIST,FantopeOGD,10,50,0,3599,0.396721,978.205932,1,1.149
MNIST,FantopeOGD,10,50,0,3600,0.165918,978.371850,1,1.150
MNIST,FantopeOGD,10,50,0,3601,0.330035,978.701885,1,1.150
MNIST,FantopeOGD,10,50,0,3602,0.353535,979.055420,1,1.150
MNIST,FantopeOGD,10,50,0,3603,0.191013,979.246432,1,1.150
MNIST,FantopeOGD,10,50,0,3604,0.526785,979.773217,1,1.151
MNIST,FantopeOGD,10,50,0,3605,0.233495,980.006712,1,1.151
MNIST,FantopeOGD,10,50,0,3606,0.242241,980.248953,1,1.151
MNIST,FantopeOGD,10,50,0,3607,0.562946,980.811899,1,1.152
MNIST,FantopeOGD,10,50,0,3608,0.464597,981.276495,1,1.152
MNIST,FantopeOGD,10,50,0,3609,0.258420,981.534916,1,1.152
MNIST,FantopeOGD,10,50,0,3610,0.230376,981.765292,1,1.153
MNIST,FantopeOGD,10,50,0,3611,0.138361,981.903653,1,1.153
MNIST,FantopeOGD,10,50,0,3612,0.224308,982.127961,1,1.153
MNIST,FantopeOGD,10,50,0,3613,0.113423,982.241385,1,1.154
MNIST,FantopeOGD,10,50,0,3614,0.279410,982.520794,1,1.154
MNIST,FantopeOGD,10,50,0,3615,0.273731,982.794526,1,1.154
MNIST,FantopeOGD,10,50,0,3616,0.292904,983.087429,1,1.154
MNIST,FantopeOGD,10,50,0,3617,0.143392,983.230821,1,1.155
MNIST,FantopeOGD,10,50,0,3618,0.305525,983.536346,1,1.155
MNIST,FantopeOGD,10,50,0,3619,0.195566,983.731912,1,1.155
MNIST,FantopeOGD,10,50,0,3620,0.387239,984.119151,1,1.156
MNIST,FantopeOGD,10,50,0,3621,0.313279,984.432430,1,1.156
MNIST,FantopeOGD,10,50,0,3622,0.294827,984.727257,1,1.157
MNIST,FantopeOGD,10,50,0,3623,0.138338,984.865594,1,1.157
MNIST,FantopeOGD,10,50,0,3624,0.364352,985.229946,1,1.157
MNIST,FantopeOGD,10,50,0,3625,0.219367,985.449313,1,1.158
MNIST,FantopeOGD,10,50,0,3626,0.177867,985.627180,1,1.158
MNIST,FantopeOGD,10,50,0,3627,0.086637,985.713818,1,1.158
MNIST,FantopeOGD,10,50,0,3628,0.157991,985.871808,1,1.159
MNIST,FantopeOGD,10,50,0,3629,0.286489,986.158298,1,1.159
MNIST,FantopeOGD,10,50,0,3630,0.300791,986.459089,1,1.160
MNIST,FantopeOGD,10,50,0,3631,0.308481,986.767570,1,1.160
MNIST,FantopeOGD,10,50,0,3632,0.339216,987.106786,1,1.161
MNIST,FantopeOGD,10,50,0,3633,0.344258,987.451044,1,1.161
MNIST,FantopeOGD,10,50,0,3634,0.119805,987.570849,1,1.161
MNIST,FantopeOGD,10,50,0,3635,0.113000,987.683848,1,1.162
MNIST,FantopeOGD,10,50,0,3636,0.180479,987.864328,1,1.162
MNIST,FantopeOGD,10,50,0,3637,0.161822,988.026149,1,1.162
MNIST,FantopeOGD,10,50,0,3638,0.221041,988.247191,1,1.163
MNIST,FantopeOGD,10,50,0,3639,0.097238,988.344429,1,1.163
MNIST,FantopeOGD,10,50,0,3640,0.232484,988.576913,1,1.163
MNIST,FantopeOGD,10,50,0,3641,0.256344,988.833257,1,1.164
MNIST,FantopeOGD,10,50,0,3642,0.323002,989.156259,1,1.164
MNIST,FantopeOGD,10,50,0,3643,0.389847,989.546106,1,1.164
MNIST,FantopeOGD,10,50,0,3644,0.323059,989.869164,1,1.165
MNIST,FantopeOGD,10,50,0,3645,0.311174,990.180338,1,1.165
MNIST,FantopeOGD,10,50,0,3646,0.219246,990.399584,1,1.165
MNIST,FantopeOGD,10,50,0,3647,0.188513,990.588097,1,1.165
MNIST,FantopeOGD,10,50,0,3648,0.226873,990.814970,1,1.166
MNIST,FantopeOGD,10,50,0,3649,0.189612,991.004582,1,1.166
MNIST,FantopeOGD,10,50,0,3650,0.439598,991.444181,1,1.167
MNIST,FantopeOGD,10,50,0,3651,0.249636,991.693817,1,1.167
MNIST,FantopeOGD,10,50,0,3652,0.258467,991.952284,1,1.167
MNIST,FantopeOGD,10,50,0,3653,0.230622,992.182906,1,1.167
MNIST,FantopeOGD,10,50,0,3654,0.362176,992.545082,1,1.168
MNIST,FantopeOGD,10,50,0,3655,0.241026,992.786108,1,1.168
MNIST,FantopeOGD,10,50,0,3656,0.329216,993.115325,1,1.168
MNIST,FantopeOGD,10,50,0,3657,0.331253,993.446578,1,1.169
MNIST,FantopeOGD,10,50,0,3658,0.246771,993.693349,1,1.169
MNIST,FantopeOGD,10,50,0,3659,0.158912,993.852260,1,1.169
MNIST,FantopeOGD,10,50,0,3660,0.263929,994.116189,1,1.170
MNIST,FantopeOGD,10,50,0,3661,0.164999,994.281188,1,1.170
MNIST,FantopeOGD,10,50,0,3662,0.144524,994.425712,1,1.170
MNIST,FantopeOGD,10,50,0,3663,0.463185,994.888897,1,1.171
MNIST,FantopeOGD,10,50,0,3664,0.186911,995.075808,1,1.171
MNIST,FantopeOGD,10,50,0,3665,0.200599,995.276407,1,1.171
MNIST,FantopeOGD,10,50,0,3666,0.268566,995.544972,1,1.172
MNIST,FantopeOGD,10,50,0,3667,0.111963,995.656935,1,1.172
MNIST,FantopeOGD,10,50,0,3668,0.288903,995.945838,1,1.173
MNIST,FantopeOGD,10,50,0,3669,0.245034,996.190873,1,1.173
MNIST,FantopeOGD,10,50,0,3670,0.141240,996.332113,1,1.173
MNIST,FantopeOGD,10,50,0,3671,0.259723,996.591836,1,1.174
MNIST,FantopeOGD,10,50,0,3672,0.180294,996.772130,1,1.174
MNIST,FantopeOGD,10,50,0,3673,0.190807,996.962937,1,1.174
MNIST,FantopeOGD,10,50,0,3674,0.166906,997.129843,1,1.175
MNIST,FantopeOGD,10,50,0,3675,0.237151,997.366994,1,1.175
MNIST,FantopeOGD,10,50,0,3676,0.106131,997.473126,1,1.175
MNIST,FantopeOGD,10,50,0,3677,0.145672,997.618797,1,1.176
MNIST,FantopeOGD,10,50,0,3678,0.160828,997.779625,1,1.176
MNIST,FantopeOGD,10,50,0,3679,0.099943,997.879568,1,1.176
MNIST,FantopeOGD,10,50,0,3680,0.334875,998.214443,1,1.176
MNIST,FantopeOGD,10,50,0,3681,0.487440,998.701884,1,1.177
MNIST,FantopeOGD,10,50,0,3682,0.223762,998.925646,1,1.177
MNIST,FantopeOGD,10,50,0,3683,0.159760,999.085406,1,1.177
MNIST,FantopeOGD,10,50,0,3684,0.206015,999.291421,1,1.178
MNIST,FantopeOGD,10,50,0,3685,0.228096,999.519517,1,1.178
MNIST,FantopeOGD,10,50,0,3686,0.413691,999.933208,1,1.178
MNIST,FantopeOGD,10,50,0,3687,0.295138,1000.228346,1,1.179
MNIST,FantopeOGD,10,50,0,3688,0.128704,1000.357051,1,1.179
MNIST,FantopeOGD,10,50,0,3689,0.316493,1000.673544,1,1.179
MNIST,FantopeOGD,10,50,0,3690,0.371031,1001.044574,1,1.180
MNIST,FantopeOGD,10,50,0,3691,0.276324,1001.320898,1,1.180
MNIST,FantopeOGD,10,50,0,3692,0.278485,1001.599383,1,1.180
MNIST,FantopeOGD,10,50,0,3693,0.350991,1001.950374,1,1.181
MNIST,FantopeOGD,10,50,0,3694,0.389995,1002.340369,1,1.181
MNIST,FantopeOGD,10,50,0,3695,0.136943,1002.477312,1,1.181
MNIST,FantopeOGD,10,50,0,3696,0.417230,1002.894543,1,1.181
MNIST,FantopeOGD,10,50,0,3697,0.245431,1003.139974,1,1.182
MNIST,FantopeOGD,10,50,0,3698,0.311068,1003.451042,1,1.182
MNIST,FantopeOGD,10,50,0,3699,0.180620,1003.631662,1,1.182
MNIST,FantopeOGD,10,50,0,3700,0.224006,1003.855667,1,1.183
MNIST,FantopeOGD,10,50,0,3701,0.454485,1004.310152,1,1.183
MNIST,FantopeOGD,10,50,0,3702,0.253201,1004.563353,1,1.183
MNIST,FantopeOGD,10,50,0,3703,0.158725,1004.722079,1,1.184
MNIST,FantopeOGD,10,50,0,3704,0.126371,1004.848450,1,1.184
MNIST,FantopeOGD,10,50,0,3705,0.087300,1004.935750,1,1.184
MNIST,FantopeOGD,10,50,0,3706,0.210928,1005.146678,1,1.185
MNIST,FantopeOGD,10,50,0,3707,0.220104,1005.366782,1,1.185
MNIST,FantopeOGD,10,50,0,3708,0.234882,1005.601663,1,1.185
MNIST,FantopeOGD,10,50,0,3709,0.360685,1005.962348,1,1.186
MNIST,FantopeOGD,10,50,0,3710,0.277380,1006.239728,1,1.186
MNIST,FantopeOGD,10,50,0,3711,0.099482,1006.339210,1,1.186
MNIST,FantopeOGD,10,50,0,3712,0.227413,1006.566623,1,1.187
MNIST,FantopeOGD,10,50,0,3713,0.164321,1006.730943,1,1.187
MNIST,FantopeOGD,10,50,0,3714,0.238958,1006.969902,1,1.187
MNIST,FantopeOGD,10,50,0,3715,0.328896,1007.298798,1,1.187
MNIST,FantopeOGD,10,50,0,3716,0.216541,1007.515339,1,1.188
MNIST,FantopeOGD,10,50,0,3717,0.392992,1007.908331,1,1.188
MNIST,FantopeOGD,10,50,0,3718,0.240443,1008.148774,1,1.188
MNIST,FantopeOGD,10,50,0,3719,0.204940,1008.353713,1,1.189
MNIST,FantopeOGD,10,50,0,3720,0.155933,1008.509647,1,1.189
MNIST,FantopeOGD,10,50,0,3721,0.172269,1008.681915,1,1.189
MNIST,FantopeOGD,10,50,0,3722,0.257735,1008.939650,1,1.190
MNIST,FantopeOGD,10,50,0,3723,0.180922,1009.120573,1,1.190
MNIST,FantopeOGD,10,50,0,3724,0.266034,1009.386606,1,1.190
MNIST,FantopeOGD,10,50,0,3725,0.223610,1009.610216,1,1.191
MNIST,FantopeOGD,10,50,0,3726,0.330581,1009.940797,1,1.191
MNIST,FantopeOGD,10,50,0,3727,0.331063,1010.271859,1,1.191
MNIST,FantopeOGD,10,50,0,3728,0.246303,1010.518163,1,1.191
MNIST,FantopeOGD,10,50,0,3729,0.177509,1010.695672,1,1.192
MNIST,FantopeOGD,10,50,0,3730,0.292941,1010.988613,1,1.192
MNIST,FantopeOGD,10,50,0,3731,0.327162,1011.315775,1,1.192
MNIST,FantopeOGD,10,50,0,3732,0.251264,1011.567039,1,1.193
MNIST,FantopeOGD,10,50,0,3733,0.156807,1011.723846,1,1.193
MNIST,FantopeOGD,10,50,0,3734,0.478344,1012.202189,1,1.193
MNIST,FantopeOGD,10,50,0,3735,0.265539,1012.467728,1,1.194
MNIST,FantopeOGD,10,50,0,3736,0.161025,1012.628753,1,1.194
MNIST,FantopeOGD,10,50,0,3737,0.265712,1012.894465,1,1.194
MNIST,FantopeOGD,10,50,0,3738,0.237070,1013.131535,1,1.194
MNIST,FantopeOGD,10,50,0,3739,0.233110,1013.364645,1,1.195
MNIST,FantopeOGD,10,50,0,3740,0.234392,1013.599036,1,1.195
MNIST,FantopeOGD,10,50,0,3741,0.162432,1013.761469,1,1.195
MNIST,FantopeOGD,10,50,0,3742,0.223858,1013.985327,1,1.196
MNIST,FantopeOGD,10,50,0,3743,0.158940,1014.144267,1,1.196
MNIST,FantopeOGD,10,50,0,3744,0.337089,1014.481356,1,1.196
MNIST,FantopeOGD,10,50,0,3745,0.290034,1014.771389,1,1.197
MNIST,FantopeOGD,10,50,0,3746,0.243673,1015.015063,1,1.197
MNIST,FantopeOGD,10,50,0,3747,0.331766,1015.346829,1,1.197
MNIST,FantopeOGD,10,50,0,3748,0.105476,1015.452305,1,1.198
MNIST,FantopeOGD,10,50,0,3749,0.215107,1015.667412,1,1.198
MNIST,FantopeOGD,10,50,0,3750,0.248854,1015.916265,1,1.198
MNIST,FantopeOGD,10,50,0,3751,0.261757,1016.178022,1,1.199
MNIST,FantopeOGD,10,50,0,3752,0.293477,1016.471500,1,1.199
MNIST,FantopeOGD,10,50,0,3753,0.224452,1016.695951,1,1.199
MNIST,FantopeOGD,10,50,0,3754,0.190059,1016.886010,1,1.200
MNIST,FantopeOGD,10,50,0,3755,0.243456,1017.129466,1,1.200
MNIST,FantopeOGD,10,50,0,3756,0.336303,1017.465769,1,1.200
MNIST,FantopeOGD,10,50,0,3757,0.091610,1017.557380,1,1.200
MNIST,FantopeOGD,10,50,0,3758,0.436915,1017.994294,1,1.201
MNIST,FantopeOGD,10,50,0,3759,0.299813,1018.294108,1,1.201
MNIST,FantopeOGD,10,50,0,3760,0.337391,1018.631499,1,1.201
MNIST,FantopeOGD,10,50,0,3761,0.165606,1018.797105,1,1.202
MNIST,FantopeOGD,10,50,0,3762,0.194027,1018.991132,1,1.202
MNIST,FantopeOGD,10,50,0,3763,0.109016,1019.100149,1,1.202
MNIST,FantopeOGD,10,50,0,3764,0.135587,1019.235736,1,1.203
MNIST,FantopeOGD,10,50,0,3765,0.171779,1019.407514,1,1.203
MNIST,FantopeOGD,10,50,0,3766,0.148901,1019.556416,1,1.203
MNIST,FantopeOGD,10,50,0,3767,0.463149,1020.019564,1,1.203
MNIST,FantopeOGD,10,50,0,3768,0.303204,1020.322768,1,1.204
MNIST,FantopeOGD,10,50,0,3769,0.144429,1020.467197,1,1.204
MNIST,FantopeOGD,10,50,0,3770,0.393549,1020.860746,1,1.205
MNIST,FantopeOGD,10,50,0,3771,0.203312,1021.064058,1,1.205
MNIST,FantopeOGD,10,50,0,3772,0.529580,1021.593638,1,1.205
MNIST,FantopeOGD,10,50,0,3773,0.103908,1021.697546,1,1.206
MNIST,FantopeOGD,10,50,0,3774,0.278212,1021.975758,1,1.206
MNIST,FantopeOGD,10,50,0,3775,0.227231,1022.202989,1,1.206
MNIST,FantopeOGD,10,50,0,3776,0.229788,1022.432777,1,1.207
MNIST,FantopeOGD,10,50,0,3777,0.268296,1022.701073,1,1.207
MNIST,FantopeOGD,10,50,0,3778,0.472562,1023.173635,1,1.207
MNIST,FantopeOGD,10,50,0,3779,0.276631,1023.450267,1,1.207
MNIST,FantopeOGD,10,50,0,3780,0.308234,1023.758501,1,1.208
MNIST,FantopeOGD,10,50,0,3781,0.399586,1024.158087,1,1.208
MNIST,FantopeOGD,10,50,0,3782,0.135379,1024.293467,1,1.208
MNIST,FantopeOGD,10,50,0,3783,0.321924,1024.615391,1,1.209
MNIST,FantopeOGD,10,50,0,3784,0.392210,1025.007601,1,1.209
MNIST,FantopeOGD,10,50,0,3785,0.131192,1025.138793,1,1.209
MNIST,FantopeOGD,10,50,0,3786,0.382438,1025.521231,1,1.210
MNIST,FantopeOGD,10,50,0,3787,0.367308,1025.888539,1,1.210
MNIST,FantopeOGD,10,50,0,3788,0.166719,1026.055258,1,1.210
MNIST,FantopeOGD,10,50,0,3789,0.279676,1026.334934,1,1.211
MNIST,FantopeOGD,10,50,0,3790,0.156238,1026.491173,1,1.211
MNIST,FantopeOGD,10,50,0,3791,0.156302,1026.647475,1,1.211
MNIST,FantopeOGD,10,50,0,3792,0.305471,1026.952945,1,1.211
MNIST,FantopeOGD,10,50,0,3793,0.245354,1027.198299,1,1.212
MNIST,FantopeOGD,10,50,0,3794,0.397891,1027.596190,1,1.212
MNIST,FantopeOGD,10,50,0,3795,0.436728,1028.032918,1,1.212
MNIST,FantopeOGD,10,50,0,3796,0.169788,1028.202706,1,1.213
MNIST,FantopeOGD,10,50,0,3797,0.274145,1028.476851,1,1.213
MNIST,FantopeOGD,10,50,0,3798,0.064177,1028.541029,1,1.213
MNIST,FantopeOGD,10,50,0,3799,0.487734,1029.028763,1,1.214
MNIST,FantopeOGD,10,50,0,3800,0.217455,1029.246218,1,1.214
MNIST,FantopeOGD,10,50,0,3801,0.323082,1029.569300,1,1.214
MNIST,FantopeOGD,10,50,0,3802,0.194897,1029.764197,1,1.215
MNIST,FantopeOGD,10,50,0,3803,0.195274,1029.959471,1,1.215
MNIST,FantopeOGD,10,50,0,3804,0.290533,1030.250004,1,1.215
MNIST,FantopeOGD,10,50,0,3805,0.176178,1030.426182,1,1.216
MNIST,FantopeOGD,10,50,0,3806,0.266337,1030.692520,1,1.216
MNIST,FantopeOGD,10,50,0,3807,0.333377,1031.025897,1,1.216
MNIST,FantopeOGD,10,50,0,3808,0.105777,1031.131673,1,1.217
MNIST,FantopeOGD,10,50,0,3809,0.226913,1031.358587,1,1.217
MNIST,FantopeOGD,10,50,0,3810,0.192865,1031.551451,1,1.217
MNIST,FantopeOGD,10,50,0,3811,0.237778,1031.789229,1,1.217
MNIST,FantopeOGD,10,50,0,3812,0.293631,1032.082860,1,1.218
MNIST,FantopeOGD,10,50,0,3813,0.193527,1032.276387,1,1.218
MNIST,FantopeOGD,10,50,0,3814,0.152543,1032.428930,1,1.218
MNIST,FantopeOGD,10,50,0,3815,0.158678,1032.587608,1,1.219
MNIST,FantopeOGD,10,50,0,3816,0.219720,1032.807328,1,1.219
MNIST,FantopeOGD,10,50,0,3817,0.366911,1033.174239,1,1.219
MNIST,FantopeOGD,10,50,0,3818,0.324175,1033.498414,1,1.220
MNIST,FantopeOGD,10,50,0,3819,0.185594,1033.684008,1,1.220
MNIST,FantopeOGD,10,50,0,3820,0.109451,1033.793459,1,1.220
MNIST,FantopeOGD,10,50,0,3821,0.202131,1033.995589,1,1.221
MNIST,FantopeOGD,10,50,0,3822,0.322432,1034.318021,1,1.221
MNIST,FantopeOGD,10,50,0,3823,0.298276,1034.616297,1,1.221
MNIST,FantopeOGD,10,50,0,3824,0.223649,1034.839945,1,1.222
MNIST,FantopeOGD,10,50,0,3825,0.219515,1035.059460,1,1.222
MNIST,FantopeOGD,10,50,0,3826,0.343655,1035.403115,1,1.222
MNIST,FantopeOGD,10,50,0,3827,0.203236,1035.606351,1,1.223
MNIST,FantopeOGD,10,50,0,3828,0.310525,1035.916876,1,1.223
MNIST,FantopeOGD,10,50,0,3829,0.309544,1036.226419,1,1.223
MNIST,FantopeOGD,10,50,0,3830,0.348361,1036.574781,1,1.223
MNIST,FantopeOGD,10,50,0,3831,0.175512,1036.750292,1,1.224
MNIST,FantopeOGD,10,50,0,3832,0.361770,1037.112062,1,1.224
MNIST,FantopeOGD,10,50,0,3833,0.246630,1037.358693,1,1.224
MNIST,FantopeOGD,10,50,0,3834,0.295247,1037.653939,1,1.225
MNIST,FantopeOGD,10,50,0,3835,0.327001,1037.980940,1,1.225
MNIST,FantopeOGD,10,50,0,3836,0.205671,1038.186611,1,1.225
MNIST,FantopeOGD,10,50,0,3837,0.295849,1038.482460,1,1.226
MNIST,FantopeOGD,10,50,0,3838,0.237433,1038.719893,1,1.226
MNIST,FantopeOGD,10,50,0,3839,0.239882,1038.959775,1,1.226
MNIST,FantopeOGD,10,50,0,3840,0.210890,1039.170665,1,1.227
MNIST,FantopeOGD,10,50,0,3841,0.265250,1039.435915,1,1.227
MNIST,FantopeOGD,10,50,0,3842,0.335387,1039.771303,1,1.227
MNIST,FantopeOGD,10,50,0,3843,0.282518,1040.053821,1,1.228
MNIST,FantopeOGD,10,50,0,3844,0.206919,1040.260741,1,1.228
MNIST,FantopeOGD,10,50,0,3845,0.367289,1040.628030,1,1.228
MNIST,FantopeOGD,10,50,0,3846,0.318650,1040.946679,1,1.228
MNIST,FantopeOGD,10,50,0,3847,0.131787,1041.078466,1,1.229
MNIST,FantopeOGD,10,50,0,3848,0.236407,1041.314874,1,1.229
MNIST,FantopeOGD,10,50,0,3849,0.078209,1041.393083,1,1.229
MNIST,FantopeOGD,10,50,0,3850,0.139999,1041.533082,1,1.230
MNIST,FantopeOGD,10,50,0,3851,0.296079,1041.829161,1,1.230
MNIST,FantopeOGD,10,50,0,3852,0.396120,1042.225282,1,1.230
MNIST,FantopeOGD,10,50,0,3853,0.278052,1042.503333,1,1.231
MNIST,FantopeOGD,10,50,0,3854,0.295304,1042.798637,1,1.231
MNIST,FantopeOGD,10,50,0,3855,0.318998,1043.117635,1,1.231
MNIST,FantopeOGD,10,50,0,3856,0.286228,1043.403863,1,1.232
MNIST,FantopeOGD,10,50,0,3857,0.314371,1043.718234,1,1.232
MNIST,FantopeOGD,10,50,0,3858,0.193327,1043.911560,1,1.232
MNIST,FantopeOGD,10,50,0,3859,0.301495,1044.213055,1,1.233
MNIST,FantopeOGD,10,50,0,3860,0.105455,1044.318510,1,1.233
MNIST,FantopeOGD,10,50,0,3861,0.269913,1044.588423,1,1.233
MNIST,FantopeOGD,10,50,0,3862,0.123868,1044.712291,1,1.234
MNIST,FantopeOGD,10,50,0,3863,0.152849,1044.865140,1,1.234
MNIST,FantopeOGD,10,50,0,3864,0.336106,1045.201246,1,1.234
MNIST,FantopeOGD,10,50,0,3865,0.276753,1045.477998,1,1.234
MNIST,FantopeOGD,10,50,0,3866,0.207640,1045.685639,1,1.235
MNIST,FantopeOGD,10,50,0,3867,0.127051,1045.812690,1,1.235
MNIST,FantopeOGD,10,50,0,3868,0.168454,1045.981144,1,1.235
MNIST,FantopeOGD,10,50,0,3869,0.246902,1046.228046,1,1.236
MNIST,FantopeOGD,10,50,0,3870,0.159219,1046.387264,1,1.236
MNIST,FantopeOGD,10,50,0,3871,0.262692,1046.649957,1,1.236
MNIST,FantopeOGD,10,50,0,3872,0.277904,1046.927860,1,1.237
MNIST,FantopeOGD,10,50,0,3873,0.278711,1047.206571,1,1.237
MNIST,FantopeOGD,10,50,0,3874,0.271802,1047.478373,1,1.237
MNIST,FantopeOGD,10,50,0,3875,0.084534,1047.562907,1,1.238
MNIST,FantopeOGD,10,50,0,3876,0.194674,1047.757581,1,1.238
MNIST,FantopeOGD,10,50,0,3877,0.159631,1047.917212,1,1.238
MNIST,FantopeOGD,10,50,0,3878,0.288726,1048.205938,1,1.238
MNIST,FantopeOGD,10,50,0,3879,0.330675,1048.536613,1,1.239
MNIST,FantopeOGD,10,50,0,3880,0.177579,1048.714192,1,1.239
MNIST,FantopeOGD,10,50,0,3881,0.312895,1049.027087,1,1.239
MNIST,FantopeOGD,10,50,0,3882,0.180342,1049.207429,1,1.240
MNIST,FantopeOGD,10,50,0,3883,0.253678,1049.461107,1,1.240
MNIST,FantopeOGD,10,50,0,3884,0.221979,1049.683085,1,1.240
MNIST,FantopeOGD,10,50,0,3885,0.356387,1050.039472,1,1.241
MNIST,FantopeOGD,10,50,0,3886,0.126101,1050.165573,1,1.241
MNIST,FantopeOGD,10,50,0,3887,0.257832,1050.423405,1,1.241
MNIST,FantopeOGD,10,50,0,3888,0.224080,1050.647484,1,1.242
MNIST,FantopeOGD,10,50,0,3889,0.325102,1050.972586,1,1.242
MNIST,FantopeOGD,10,50,0,3890,0.219970,1051.192556,1,1.242
MNIST,FantopeOGD,10,50,0,3891,0.177006,1051.369562,1,1.243
MNIST,FantopeOGD,10,50,0,3892,0.256183,1051.625745,1,1.243
MNIST,FantopeOGD,10,50,0,3893,0.261798,1051.887542,1,1.243
MNIST,FantopeOGD,10,50,0,3894,0.296524,1052.184067,1,1.244
MNIST,FantopeOGD,10,50,0,3895,0.221485,1052.405551,1,1.244
MNIST,FantopeOGD,10,50,0,3896,0.184299,1052.589850,1,1.244
MNIST,FantopeOGD,10,50,0,3897,0.120105,1052.709955,1,1.244
MNIST,FantopeOGD,10,50,0,3898,0.268062,1052.978017,1,1.245
MNIST,FantopeOGD,10,50,0,3899,0.197887,1053.175904,1,1.245
MNIST,FantopeOGD,10,50,0,3900,0.227142,1053.403046,1,1.246
MNIST,FantopeOGD,10,50,0,3901,0.094928,1053.497974,1,1.246
MNIST,FantopeOGD,10,50,0,3902,0.232434,1053.730409,1,1.246
MNIST,FantopeOGD,10,50,0,3903,0.224702,1053.955111,1,1.246
MNIST,FantopeOGD,10,50,0,3904,0.497621,1054.452732,1,1.247
MNIST,FantopeOGD,10,50,0,3905,0.208796,1054.661528,1,1.247
MNIST,FantopeOGD,10,50,0,3906,0.253403,1054.914931,1,1.247
MNIST,FantopeOGD,10,50,0,3907,0.244154,1055.159085,1,1.248
MNIST,FantopeOGD,10,50,0,3908,0.212857,1055.371942,1,1.248
MNIST,FantopeOGD,10,50,0,3909,0.186580,1055.558522,1,1.248
MNIST,FantopeOGD,10,50,0,3910,0.430053,1055.988575,1,1.249
MNIST,FantopeOGD,10,50,0,3911,0.345167,1056.333742,1,1.249
MNIST,FantopeOGD,10,50,0,3912,0.166664,1056.500405,1,1.249
MNIST,FantopeOGD,10,50,0,3913,0.341004,1056.841409,1,1.250
MNIST,FantopeOGD,10,50,0,3914,0.349502,1057.190911,1,1.250
MNIST,FantopeOGD,10,50,0,3915,0.261150,1057.452061,1,1.250
MNIST,FantopeOGD,10,50,0,3916,0.175180,1057.627241,1,1.250
MNIST,FantopeOGD,10,50,0,3917,0.190209,1057.817450,1,1.251
MNIST,FantopeOGD,10,50,0,3918,0.419901,1058.237351,1,1.251
MNIST,FantopeOGD,10,50,0,3919,0.227836,1058.465187,1,1.251
MNIST,FantopeOGD,10,50,0,3920,0.339476,1058.804663,1,1.252
MNIST,FantopeOGD,10,50,0,3921,0.146837,1058.951500,1,1.252
MNIST,FantopeOGD,10,50,0,3922,0.288846,1059.240346,1,1.252
MNIST,FantopeOGD,10,50,0,3923,0.286640,1059.526986,1,1.253
MNIST,FantopeOGD,10,50,0,3924,0.127597,1059.654582,1,1.253
MNIST,FantopeOGD,10,50,0,3925,0.299612,1059.954195,1,1.253
MNIST,FantopeOGD,10,50,0,3926,0.113937,1060.068132,1,1.254
MNIST,FantopeOGD,10,50,0,3927,0.272073,1060.340205,1,1.254
MNIST,FantopeOGD,10,50,0,3928,0.346743,1060.686948,1,1.254
MNIST,FantopeOGD,10,50,0,3929,0.155887,1060.842835,1,1.255
MNIST,FantopeOGD,10,50,0,3930,0.312270,1061.155105,1,1.255
MNIST,FantopeOGD,10,50,0,3931,0.354318,1061.509423,1,1.255
MNIST,FantopeOGD,10,50,0,3932,0.099466,1061.608889,1,1.256
MNIST,FantopeOGD,10,50,0,3933,0.115405,1061.724294,1,1.256
MNIST,FantopeOGD,10,50,0,3934,0.165453,1061.889747,1,1.256
MNIST,FantopeOGD,10,50,0,3935,0.384598,1062.274345,1,1.257
MNIST,FantopeOGD,10,50,0,3936,0.325160,1062.599505,1,1.257
MNIST,FantopeOGD,10,50,0,3937,0.328717,1062.928222,1,1.257
MNIST,FantopeOGD,10,50,0,3938,0.400605,1063.328828,1,1.257
MNIST,FantopeOGD,10,50,0,3939,0.300883,1063.629711,1,1.258
MNIST,FantopeOGD,10,50,0,3940,0.307972,1063.937683,1,1.258
MNIST,FantopeOGD,10,50,0,3941,0.332980,1064.270663,1,1.258
MNIST,FantopeOGD,10,50,0,3942,0.371045,1064.641709,1,1.259
MNIST,FantopeOGD,10,50,0,3943,0.366050,1065.007759,1,1.259
MNIST,FantopeOGD,10,50,0,3944,0.300505,1065.308264,1,1.259
MNIST,FantopeOGD,10,50,0,3945,0.261579,1065.569843,1,1.260
MNIST,FantopeOGD,10,50,0,3946,0.256982,1065.826825,1,1.260
MNIST,FantopeOGD,10,50,0,3947,0.235096,1066.061921,1,1.260
MNIST,FantopeOGD,10,50,0,3948,0.303148,1066.365069,1,1.260
MNIST,FantopeOGD,10,50,0,3949,0.156031,1066.521101,1,1.261
MNIST,FantopeOGD,10,50,0,3950,0.268837,1066.789937,1,1.261
MNIST,FantopeOGD,10,50,0,3951,0.198444,1066.988381,1,1.262
MNIST,FantopeOGD,10,50,0,3952,0.192275,1067.180656,1,1.262
MNIST,FantopeOGD,10,50,0,3953,0.330251,1067.510908,1,1.262
MNIST,FantopeOGD,10,50,0,3954,0.130833,1067.641740,1,1.262
MNIST,FantopeOGD,10,50,0,3955,0.241093,1067.882834,1,1.263
MNIST,FantopeOGD,10,50,0,3956,0.197739,1068.080573,1,1.263
MNIST,FantopeOGD,10,50,0,3957,0.233332,1068.313905,1,1.263
MNIST,FantopeOGD,10,50,0,3958,0.368840,1068.682745,1,1.264
MNIST,FantopeOGD,10,50,0,3959,0.167516,1068.850262,1,1.264
MNIST,FantopeOGD,10,50,0,3960,0.113193,1068.963455,1,1.264
MNIST,FantopeOGD,10,50,0,3961,0.249178,1069.212633,1,1.265
MNIST,FantopeOGD,10,50,0,3962,0.200844,1069.413477,1,1.265
MNIST,FantopeOGD,10,50,0,3963,0.228784,1069.642261,1,1.265
MNIST,FantopeOGD,10,50,0,3964,0.226885,1069.869146,1,1.266
MNIST,FantopeOGD,10,50,0,3965,0.233731,1070.102877,1,1.266
MNIST,FantopeOGD,10,50,0,3966,0.358778,1070.461654,1,1.266
MNIST,FantopeOGD,10,50,0,3967,0.207623,1070.669277,1,1.266
MNIST,FantopeOGD,10,50,0,3968,0.342012,1071.011290,1,1.267
MNIST,FantopeOGD,10,50,0,3969,0.255069,1071.266359,1,1.267
MNIST,FantopeOGD,10,50,0,3970,0.337460,1071.603819,1,1.268
MNIST,FantopeOGD,10,50,0,3971,0.390337,1071.994156,1,1.268
MNIST,FantopeOGD,10,50,0,3972,0.376273,1072.370429,1,1.268
MNIST,FantopeOGD,10,50,0,3973,0.258854,1072.629283,1,1.268
MNIST,FantopeOGD,10,50,0,3974,0.185182,1072.814465,1,1.269
MNIST,FantopeOGD,10,50,0,3975,0.236666,1073.051131,1,1.269
MNIST,FantopeOGD,10,50,0,3976,0.355302,1073.406433,1,1.269
MNIST,FantopeOGD,10,50,0,3977,0.171199,1073.577632,1,1.270
MNIST,FantopeOGD,10,50,0,3978,0.165325,1073.742957,1,1.270
MNIST,FantopeOGD,10,50,0,3979,0.335259,1074.078216,1,1.270
MNIST,FantopeOGD,10,50,0,3980,0.369273,1074.447489,1,1.271
MNIST,FantopeOGD,10,50,0,3981,0.226163,1074.673652,1,1.271
MNIST,FantopeOGD,10,50,0,3982,0.254398,1074.928050,1,1.271
MNIST,FantopeOGD,10,50,0,3983,0.268057,1075.196107,1,1.272
MNIST,FantopeOGD,10,50,0,3984,0.298938,1075.495046,1,1.272
MNIST,FantopeOGD,10,50,0,3985,0.393333,1075.888378,1,1.272
MNIST,FantopeOGD,10,50,0,3986,0.282844,1076.171222,1,1.272
MNIST,FantopeOGD,10,50,0,3987,0.143759,1076.314981,1,1.273
MNIST,FantopeOGD,10,50,0,3988,0.268401,1076.583383,1,1.273
MNIST,FantopeOGD,10,50,0,3989,0.271266,1076.854649,1,1.273
MNIST,FantopeOGD,10,50,0,3990,0.259454,1077.114103,1,1.274
MNIST,FantopeOGD,10,50,0,3991,0.093480,1077.207583,1,1.274
MNIST,FantopeOGD,10,50,0,3992,0.376080,1077.583663,1,1.274
MNIST,FantopeOGD,10,50,0,3993,0.169178,1077.752841,1,1.275
MNIST,FantopeOGD,10,50,0,3994,0.277289,1078.030129,1,1.275
MNIST,FantopeOGD,10,50,0,3995,0.320700,1078.350829,1,1.275
MNIST,FantopeOGD,10,50,0,3996,0.209041,1078.559870,1,1.276
MNIST,FantopeOGD,10,50,0,3997,0.267957,1078.827827,1,1.276
MNIST,FantopeOGD,10,50,0,3998,0.135633,1078.963460,1,1.276
MNIST,FantopeOGD,10,50,0,3999,0.237062,1079.200522,1,1.276
MNIST,FantopeOGD,10,50,0,4000,0.184658,1079.385180,1,1.277
MNIST,FantopeOGD,10,50,0,4001,0.254915,1079.640096,1,1.278
MNIST,FantopeOGD,10,50,0,4002,0.383220,1080.023316,1,1.278
MNIST,FantopeOGD,10,50,0,4003,0.236508,1080.259824,1,1.279
MNIST,FantopeOGD,10,50,0,4004,0.263490,1080.523313,1,1.279
MNIST,FantopeOGD,10,50,0,4005,0.318951,1080.842264,1,1.279
MNIST,FantopeOGD,10,50,0,4006,0.206996,1081.049260,1,1.280
MNIST,FantopeOGD,10,50,0,4007,0.321218,1081.370478,1,1.280
MNIST,FantopeOGD,10,50,0,4008,0.257080,1081.627557,1,1.280
MNIST,FantopeOGD,10,50,0,4009,0.244027,1081.871584,1,1.281
MNIST,FantopeOGD,10,50,0,4010,0.368223,1082.239807,1,1.281
MNIST,FantopeOGD,10,50,0,4011,0.284669,1082.524476,1,1.281
MNIST,FantopeOGD,10,50,0,4012,0.218483,1082.742959,1,1.282
MNIST,FantopeOGD,10,50,0,4013,0.597027,1083.339986,1,1.282
MNIST,FantopeOGD,10,50,0,4014,0.257119,1083.597105,1,1.282
MNIST,FantopeOGD,10,50,0,4015,0.334801,1083.931906,1,1.282
MNIST,FantopeOGD,10,50,0,4016,0.175124,1084.107030,1,1.283
MNIST,FantopeOGD,10,50,0,4017,0.247433,1084.354463,1,1.283
MNIST,FantopeOGD,10,50,0,4018,0.246877,1084.601340,1,1.283
MNIST,FantopeOGD,10,50,0,4019,0.291235,1084.892575,1,1.284
MNIST,FantopeOGD,10,50,0,4020,0.150462,1085.043037,1,1.284
MNIST,FantopeOGD,10,50,0,4021,0.382889,1085.425925,1,1.284
MNIST,FantopeOGD,10,50,0,4022,0.118918,1085.544844,1,1.285
MNIST,FantopeOGD,10,50,0,4023,0.195788,1085.740632,1,1.285
MNIST,FantopeOGD,10,50,0,4024,0.271090,1086.011722,1,1.285
MNIST,FantopeOGD,10,50,0,4025,0.248558,1086.260280,1,1.286
MNIST,FantopeOGD,10,50,0,4026,0.245503,1086.505783,1,1.286
MNIST,FantopeOGD,10,50,0,4027,0.329417,1086.835200,1,1.286
MNIST,FantopeOGD,10,50,0,4028,0.302455,1087.137655,1,1.287
MNIST,FantopeOGD,10,50,0,4029,0.356715,1087.494370,1,1.287
MNIST,FantopeOGD,10,50,0,4030,0.233371,1087.727741,1,1.287
MNIST,FantopeOGD,10,50,0,4031,0.531344,1088.259086,1,1.288
MNIST,FantopeOGD,10,50,0,4032,0.185621,1088.444707,1,1.288
MNIST,FantopeOGD,10,50,0,4033,0.144509,1088.589215,1,1.288
MNIST,FantopeOGD,10,50,0,4034,0.141293,1088.730508,1,1.289
MNIST,FantopeOGD,10,50,0,4035,0.407220,1089.137728,1,1.289
MNIST,FantopeOGD,10,50,0,4036,0.278706,1089.416434,1,1.289
MNIST,FantopeOGD,10,50,0,4037,0.226595,1089.643029,1,1.289
MNIST,FantopeOGD,10,50,0,4038,0.207495,1089.850523,1,1.290
MNIST,FantopeOGD,10,50,0,4039,0.299661,1090.150185,1,1.290
MNIST,FantopeOGD,10,50,0,4040,0.228233,1090.378418,1,1.290
MNIST,FantopeOGD,10,50,0,4041,0.258381,1090.636800,1,1.291
MNIST,FantopeOGD,10,50,0,4042,0.220619,1090.857419,1,1.291
MNIST,FantopeOGD,10,50,0,4043,0.205758,1091.063177,1,1.291
MNIST,FantopeOGD,10,50,0,4044,0.254666,1091.317843,1,1.292
MNIST,FantopeOGD,10,50,0,4045,0.168116,1091.485959,1,1.292
MNIST,FantopeOGD,10,50,0,4046,0.309705,1091.795664,1,1.292
MNIST,FantopeOGD,10,50,0,4047,0.386693,1092.182356,1,1.293
MNIST,FantopeOGD,10,50,0,4048,0.323001,1092.505358,1,1.293
MNIST,FantopeOGD,10,50,0,4049,0.123518,1092.628875,1,1.293
MNIST,FantopeOGD,10,50,0,4050,0.177223,1092.806098,1,1.294
MNIST,FantopeOGD,10,50,0,4051,0.135566,1092.941664,1,1.294
MNIST,FantopeOGD,10,50,0,4052,0.265315,1093.206979,1,1.294
MNIST,FantopeOGD,10,50,0,4053,0.232019,1093.438999,1,1.295
MNIST,FantopeOGD,10,50,0,4054,0.260039,1093.699038,1,1.295
MNIST,FantopeOGD,10,50,0,4055,0.173332,1093.872370,1,1.295
MNIST,FantopeOGD,10,50,0,4056,0.306165,1094.178534,1,1.296
MNIST,FantopeOGD,10,50,0,4057,0.376500,1094.555034,1,1.296
MNIST,FantopeOGD,10,50,0,4058,0.370307,1094.925341,1,1.296
MNIST,FantopeOGD,10,50,0,4059,0.317271,1095.242612,1,1.297
MNIST,FantopeOGD,10,50,0,4060,0.225124,1095.467736,1,1.297
MNIST,FantopeOGD,10,50,0,4061,0.215611,1095.683347,1,1.297
MNIST,FantopeOGD,10,50,0,4062,0.256079,1095.939427,1,1.298
MNIST,FantopeOGD,10,50,0,4063,0.177168,1096.116595,1,1.298
MNIST,FantopeOGD,10,50,0,4064,0.291576,1096.408171,1,1.298
MNIST,FantopeOGD,10,50,0,4065,0.378597,1096.786768,1,1.299
MNIST,FantopeOGD,10,50,0,4066,0.260155,1097.046923,1,1.299
MNIST,FantopeOGD,10,50,0,4067,0.433080,1097.480003,1,1.299
MNIST,FantopeOGD,10,50,0,4068,0.211343,1097.691346,1,1.300
MNIST,FantopeOGD,10,50,0,4069,0.114123,1097.805469,1,1.300
MNIST,FantopeOGD,10,50,0,4070,0.153282,1097.958752,1,1.300
MNIST,FantopeOGD,10,50,0,4071,0.371065,1098.329816,1,1.301
MNIST,FantopeOGD,10,50,0,4072,0.150922,1098.480738,1,1.301
MNIST,FantopeOGD,10,50,0,4073,0.176576,1098.657315,1,1.301
MNIST,FantopeOGD,10,50,0,4074,0.304758,1098.962073,1,1.301
MNIST,FantopeOGD,10,50,0,4075,0.256107,1099.218180,1,1.302
MNIST,FantopeOGD,10,50,0,4076,0.232760,1099.450940,1,1.302
MNIST,FantopeOGD,10,50,0,4077,0.223140,1099.674080,1,1.302
MNIST,FantopeOGD,10,50,0,4078,0.242307,1099.916387,1,1.303
MNIST,FantopeOGD,10,50,0,4079,0.188090,1100.104476,1,1.303
MNIST,FantopeOGD,10,50,0,4080,0.301568,1100.406045,1,1.303
MNIST,FantopeOGD,10,50,0,4081,0.609969,1101.016013,1,1.304
MNIST,FantopeOGD,10,50,0,4082,0.192935,1101.208949,1,1.304
MNIST,FantopeOGD,10,50,0,4083,0.138817,1101.347765,1,1.304
MNIST,FantopeOGD,10,50,0,4084,0.321798,1101.669563,1,1.305
MNIST,FantopeOGD,10,50,0,4085,0.222037,1101.891601,1,1.305
MNIST,FantopeOGD,10,50,0,4086,0.200178,1102.091778,1,1.305
MNIST,FantopeOGD,10,50,0,4087,0.239407,1102.331185,1,1.306
MNIST,FantopeOGD,10,50,0,4088,0.193661,1102.524846,1,1.306
MNIST,FantopeOGD,10,50,0,4089,0.248019,1102.772865,1,1.306
MNIST,FantopeOGD,10,50,0,4090,0.322298,1103.095163,1,1.306
MNIST,FantopeOGD,10,50,0,4091,0.215043,1103.310206,1,1.307
MNIST,FantopeOGD,10,50,0,4092,0.197905,1103.508111,1,1.307
MNIST,FantopeOGD,10,50,0,4093,0.267041,1103.775151,1,1.308
MNIST,FantopeOGD,10,50,0,4094,0.347894,1104.123045,1,1.308
MNIST,FantopeOGD,10,50,0,4095,0.199869,1104.322914,1,1.308
MNIST,FantopeOGD,10,50,0,4096,0.302416,1104.625330,1,1.308
MNIST,FantopeOGD,10,50,0,4097,0.169895,1104.795225,1,1.309
MNIST,FantopeOGD,10,50,0,4098,0.230342,1105.025568,1,1.309
MNIST,FantopeOGD,10,50,0,4099,0.224578,1105.250146,1,1.309
MNIST,FantopeOGD,10,50,0,4100,0.261557,1105.511702,1,1.310
MNIST,FantopeOGD,10,50,0,4101,0.221245,1105.732948,1,1.310
MNIST,FantopeOGD,10,50,0,4102,0.332097,1106.065045,1,1.310
MNIST,FantopeOGD,10,50,0,4103,0.301560,1106.366605,1,1.311
MNIST,FantopeOGD,10,50,0,4104,0.145993,1106.512598,1,1.311
MNIST,FantopeOGD,10,50,0,4105,0.250581,1106.763179,1,1.311
MNIST,FantopeOGD,10,50,0,4106,0.175371,1106.938550,1,1.312
MNIST,FantopeOGD,10,50,0,4107,0.154247,1107.092796,1,1.312
MNIST,FantopeOGD,10,50,0,4108,0.330482,1107.423279,1,1.312
MNIST,FantopeOGD,10,50,0,4109,0.182657,1107.605936,1,1.313
MNIST,FantopeOGD,10,50,0,4110,0.264050,1107.869986,1,1.313
MNIST,FantopeOGD,10,50,0,4111,0.243957,1108.113943,1,1.313
MNIST,FantopeOGD,10,50,0,4112,0.220425,1108.334369,1,1.314
MNIST,FantopeOGD,10,50,0,4113,0.230274,1108.564643,1,1.314
MNIST,FantopeOGD,10,50,0,4114,0.157079,1108.721722,1,1.314
MNIST,FantopeOGD,10,50,0,4115,0.250407,1108.972130,1,1.315
MNIST,FantopeOGD,10,50,0,4116,0.270892,1109.243022,1,1.315
MNIST,FantopeOGD,10,50,0,4117,0.264734,1109.507756,1,1.315
MNIST,FantopeOGD,10,50,0,4118,0.402009,1109.909765,1,1.316
MNIST,FantopeOGD,10,50,0,4119,0.248430,1110.158195,1,1.316
MNIST,FantopeOGD,10,50,0,4120,0.234160,1110.392355,1,1.316
MNIST,FantopeOGD,10,50,0,4121,0.381346,1110.773701,1,1.316
MNIST,FantopeOGD,10,50,0,4122,0.312043,1111.085744,1,1.317
MNIST,FantopeOGD,10,50,0,4123,0.263178,1111.348921,1,1.317
MNIST,FantopeOGD,10,50,0,4124,0.141359,1111.490280,1,1.317
MNIST,FantopeOGD,10,50,0,4125,0.314837,1111.805117,1,1.318
MNIST,FantopeOGD,10,50,0,4126,0.241710,1112.046827,1,1.318
MNIST,FantopeOGD,10,50,0,4127,0.239419,1112.286246,1,1.318
MNIST,FantopeOGD,10,50,0,4128,0.329781,1112.616027,1,1.319
MNIST,FantopeOGD,10,50,0,4129,0.270405,1112.886432,1,1.319
MNIST,FantopeOGD,10,50,0,4130,0.237273,1113.123705,1,1.319
MNIST,FantopeOGD,10,50,0,4131,0.142409,1113.266114,1,1.320
MNIST,FantopeOGD,10,50,0,4132,0.166699,1113.432813,1,1.320
MNIST,FantopeOGD,10,50,0,4133,0.167377,1113.600190,1,1.320
MNIST,FantopeOGD,10,50,0,4134,0.338774,1113.938965,1,1.321
MNIST,FantopeOGD,10,50,0,4135,0.343645,1114.282609,1,1.321
MNIST,FantopeOGD,10,50,0,4136,0.247185,1114.529794,1,1.321
MNIST,FantopeOGD,10,50,0,4137,0.176669,1114.706463,1,1.321
MNIST,FantopeOGD,10,50,0,4138,0.219194,1114.925657,1,1.322
MNIST,FantopeOGD,10,50,0,4139,0.318194,1115.243851,1,1.322
MNIST,FantopeOGD,10,50,0,4140,0.129406,1115.373257,1,1.322
MNIST,FantopeOGD,10,50,0,4141,0.317676,1115.690933,1,1.323
MNIST,FantopeOGD,10,50,0,4142,0.256611,1115.947544,1,1.323
MNIST,FantopeOGD,10,50,0,4143,0.115225,1116.062769,1,1.323
MNIST,FantopeOGD,10,50,0,4144,0.314343,1116.377112,1,1.324
MNIST,FantopeOGD,10,50,0,4145,0.201196,1116.578308,1,1.324
MNIST,FantopeOGD,10,50,0,4146,0.279138,1116.857446,1,1.324
MNIST,FantopeOGD,10,50,0,4147,0.423068,1117.280514,1,1.325
MNIST,FantopeOGD,10,50,0,4148,0.120808,1117.401322,1,1.325
MNIST,FantopeOGD,10,50,0,4149,0.296065,1117.697387,1,1.325
MNIST,FantopeOGD,10,50,0,4150,0.234633,1117.932020,1,1.326
MNIST,FantopeOGD,10,50,0,4151,0.161611,1118.093631,1,1.326
MNIST,FantopeOGD,10,50,0,4152,0.095686,1118.189316,1,1.326
MNIST,FantopeOGD,10,50,0,4153,0.286523,1118.475839,1,1.327
MNIST,FantopeOGD,10,50,0,4154,0.130113,1118.605953,1,1.327
MNIST,FantopeOGD,10,50,0,4155,0.254995,1118.860947,1,1.327
MNIST,FantopeOGD,10,50,0,4156,0.398279,1119.259226,1,1.327
MNIST,FantopeOGD,10,50,0,4157,0.436733,1119.695960,1,1.328
MNIST,FantopeOGD,10,50,0,4158,0.160943,1119.856902,1,1.328
MNIST,FantopeOGD,10,50,0,4159,0.126138,1119.983040,1,1.328
MNIST,FantopeOGD,10,50,0,4160,0.196141,1120.179181,1,1.329
MNIST,FantopeOGD,10,50,0,4161,0.353349,1120.532530,1,1.329
MNIST,FantopeOGD,10,50,0,4162,0.237674,1120.770205,1,1.329
MNIST,FantopeOGD,10,50,0,4163,0.108059,1120.878263,1,1.330
MNIST,FantopeOGD,10,50,0,4164,0.228686,1121.106949,1,1.330
MNIST,FantopeOGD,10,50,0,4165,0.585236,1121.692185,1,1.330
MNIST,FantopeOGD,10,50,0,4166,0.120532,1121.812717,1,1.331
MNIST,FantopeOGD,10,50,0,4167,0.163683,1121.976400,1,1.331
MNIST,FantopeOGD,10,50,0,4168,0.219028,1122.195428,1,1.331
MNIST,FantopeOGD,10,50,0,4169,0.325894,1122.521322,1,1.332
MNIST,FantopeOGD,10,50,0,4170,0.232071,1122.753393,1,1.332
MNIST,FantopeOGD,10,50,0,4171,0.260582,1123.013975,1,1.332
MNIST,FantopeOGD,10,50,0,4172,0.442356,1123.456330,1,1.332
MNIST,FantopeOGD,10,50,0,4173,0.274465,1123.730796,1,1.333
MNIST,FantopeOGD,10,50,0,4174,0.128645,1123.859441,1,1.333
MNIST,FantopeOGD,10,50,0,4175,0.203331,1124.062772,1,1.333
MNIST,FantopeOGD,10,50,0,4176,0.198717,1124.261489,1,1.334
MNIST,FantopeOGD,10,50,0,4177,0.263941,1124.525430,1,1.334
MNIST,FantopeOGD,10,50,0,4178,0.272818,1124.798248,1,1.334
MNIST,FantopeOGD,10,50,0,4179,0.233296,1125.031544,1,1.335
MNIST,FantopeOGD,10,50,0,4180,0.111017,1125.142561,1,1.335
MNIST,FantopeOGD,10,50,0,4181,0.173810,1125.316371,1,1.335
MNIST,FantopeOGD,10,50,0,4182,0.226128,1125.542499,1,1.336
MNIST,FantopeOGD,10,50,0,4183,0.259493,1125.801992,1,1.336
MNIST,FantopeOGD,10,50,0,4184,0.467502,1126.269494,1,1.336
MNIST,FantopeOGD,10,50,0,4185,0.105076,1126.374571,1,1.337
MNIST,FantopeOGD,10,50,0,4186,0.183022,1126.557593,1,1.337
MNIST,FantopeOGD,10,50,0,4187,0.259332,1126.816925,1,1.337
MNIST,FantopeOGD,10,50,0,4188,0.346889,1127.163814,1,1.338
MNIST,FantopeOGD,10,50,0,4189,0.247136,1127.410950,1,1.338
MNIST,FantopeOGD,10,50,0,4190,0.274380,1127.685330,1,1.338
MNIST,FantopeOGD,10,50,0,4191,0.192372,1127.877702,1,1.338
MNIST,FantopeOGD,10,50,0,4192,0.248908,1128.126610,1,1.339
MNIST,FantopeOGD,10,50,0,4193,0.277909,1128.404519,1,1.339
MNIST,FantopeOGD,10,50,0,4194,0.129639,1128.534158,1,1.339
MNIST,FantopeOGD,10,50,0,4195,0.299980,1128.834138,1,1.340
MNIST,FantopeOGD,10,50,0,4196,0.235386,1129.069524,1,1.340
MNIST,FantopeOGD,10,50,0,4197,0.135876,1129.205400,1,1.340
MNIST,FantopeOGD,10,50,0,4198,0.195069,1129.400469,1,1.341
MNIST,FantopeOGD,10,50,0,4199,0.068293,1129.468762,1,1.341
MNIST,FantopeOGD,10,50,0,4200,0.104023,1129.572784,1,1.341
MNIST,FantopeOGD,10,50,0,4201,0.507035,1130.079820,1,1.342
MNIST,FantopeOGD,10,50,0,4202,0.256001,1130.335821,1,1.342
MNIST,FantopeOGD,10,50,0,4203,0.203273,1130.539094,1,1.342
MNIST,FantopeOGD,10,50,0,4204,0.314948,1130.854042,1,1.343
MNIST,FantopeOGD,10,50,0,4205,0.193558,1131.047600,1,1.343
MNIST,FantopeOGD,10,50,0,4206,0.264081,1131.311681,1,1.343
MNIST,FantopeOGD,10,50,0,4207,0.325146,1131.636828,1,1.344
MNIST,FantopeOGD,10,50,0,4208,0.160190,1131.797017,1,1.344
MNIST,FantopeOGD,10,50,0,4209,0.215357,1132.012375,1,1.344
MNIST,FantopeOGD,10,50,0,4210,0.321064,1132.333439,1,1.344
MNIST,FantopeOGD,10,50,0,4211,0.181518,1132.514957,1,1.345
MNIST,FantopeOGD,10,50,0,4212,0.246250,1132.761207,1,1.345
MNIST,FantopeOGD,10,50,0,4213,0.189245,1132.950452,1,1.345
MNIST,FantopeOGD,10,50,0,4214,0.121707,1133.072158,1,1.346
MNIST,FantopeOGD,10,50,0,4215,0.153088,1133.225247,1,1.346
MNIST,FantopeOGD,10,50,0,4216,0.324157,1133.549404,1,1.346
MNIST,FantopeOGD,10,50,0,4217,0.152572,1133.701976,1,1.347
MNIST,FantopeOGD,10,50,0,4218,0.223855,1133.925831,1,1.347
MNIST,FantopeOGD,10,50,0,4219,0.369373,1134.295204,1,1.347
MNIST,FantopeOGD,10,50,0,4220,0.309514,1134.604718,1,1.348
MNIST,FantopeOGD,10,50,0,4221,0.288550,1134.893268,1,1.348
MNIST,FantopeOGD,10,50,0,4222,0.277277,1135.170545,1,1.348
MNIST,FantopeOGD,10,50,0,4223,0.294189,1135.464734,1,1.349
MNIST,FantopeOGD,10,50,0,4224,0.164596,1135.629330,1,1.349
MNIST,FantopeOGD,10,50,0,4225,0.157841,1135.787171,1,1.349
MNIST,FantopeOGD,10,50,0,4226,0.302822,1136.089993,1,1.350
MNIST,FantopeOGD,10,50,0,4227,0.266482,1136.356475,1,1.350
MNIST,FantopeOGD,10,50,0,4228,0.329748,1136.686223,1,1.350
MNIST,FantopeOGD,10,50,0,4229,0.302515,1136.988738,1,1.351
MNIST,FantopeOGD,10,50,0,4230,0.324398,1137.313137,1,1.351
MNIST,FantopeOGD,10,50,0,4231,0.344117,1137.657254,1,1.351
MNIST,FantopeOGD,10,50,0,4232,0.255075,1137.912329,1,1.352
MNIST,FantopeOGD,10,50,0,4233,0.115019,1138.027348,1,1.352
MNIST,FantopeOGD,10,50,0,4234,0.222652,1138.250000,1,1.352
MNIST,FantopeOGD,10,50,0,4235,0.304153,1138.554153,1,1.352
MNIST,FantopeOGD,10,50,0,4236,0.278793,1138.832946,1,1.353
MNIST,FantopeOGD,10,50,0,4237,0.360162,1139.193108,1,1.353
MNIST,FantopeOGD,10,50,0,4238,0.210507,1139.403615,1,1.353
MNIST,FantopeOGD,10,50,0,4239,0.265575,1139.669191,1,1.354
MNIST,FantopeOGD,10,50,0,4240,0.267601,1139.936792,1,1.354
MNIST,FantopeOGD,10,50,0,4241,0.252994,1140.189785,1,1.354
MNIST,FantopeOGD,10,50,0,4242,0.289582,1140.479367,1,1.355
MNIST,FantopeOGD,10,50,0,4243,0.244381,1140.723748,1,1.355
MNIST,FantopeOGD,10,50,0,4244,0.197861,1140.921609,1,1.355
MNIST,FantopeOGD,10,50,0,4245,0.200963,1141.122572,1,1.356
MNIST,FantopeOGD,10,50,0,4246,0.256640,1141.379212,1,1.356
MNIST,FantopeOGD,10,50,0,4247,0.233729,1141.612941,1,1.356
MNIST,FantopeOGD,10,50,0,4248,0.311023,1141.923964,1,1.356
MNIST,FantopeOGD,10,50,0,4249,0.199870,1142.123834,1,1.357
MNIST,FantopeOGD,10,50,0,4250,0.299126,1142.422960,1,1.357
MNIST,FantopeOGD,10,50,0,4251,0.163219,1142.586179,1,1.358
MNIST,FantopeOGD,10,50,0,4252,0.167075,1142.753253,1,1.358
MNIST,FantopeOGD,10,50,0,4253,0.234974,1142.988227,1,1.358
MNIST,FantopeOGD,10,50,0,4254,0.256396,1143.244624,1,1.358
MNIST,FantopeOGD,10,50,0,4255,0.263781,1143.508404,1,1.359
MNIST,FantopeOGD,10,50,0,4256,0.365858,1143.874262,1,1.359
MNIST,FantopeOGD,10,50,0,4257,0.278239,1144.152501,1,1.359
MNIST,FantopeOGD,10,50,0,4258,0.363539,1144.516040,1,1.360
MNIST,FantopeOGD,10,50,0,4259,0.139423,1144.655463,1,1.360
MNIST,FantopeOGD,10,50,0,4260,0.107232,1144.762695,1,1.360
MNIST,FantopeOGD,10,50,0,4261,0.293523,1145.056218,1,1.361
MNIST,FantopeOGD,10,50,0,4262,0.279559,1145.335776,1,1.361
MNIST,FantopeOGD,10,50,0,4263,0.184509,1145.520286,1,1.361
MNIST,FantopeOGD,10,50,0,4264,0.337119,1145.857405,1,1.362
MNIST,FantopeOGD,10,50,0,4265,0.270281,1146.127686,1,1.362
MNIST,FantopeOGD,10,50,0,4266,0.269623,1146.397309,1,1.362
MNIST,FantopeOGD,10,50,0,4267,0.231682,1146.628991,1,1.362
MNIST,FantopeOGD,10,50,0,4268,0.176891,1146.805882,1,1.363
MNIST,FantopeOGD,10,50,0,4269,0.185464,1146.991346,1,1.363
MNIST,FantopeOGD,10,50,0,4270,0.401635,1147.392982,1,1.363
MNIST,FantopeOGD,10,50,0,4271,0.467887,1147.860868,1,1.364
MNIST,FantopeOGD,10,50,0,4272,0.149898,1148.010766,1,1.364
MNIST,FantopeOGD,10,50,0,4273,0.210623,1148.221389,1,1.364
MNIST,FantopeOGD,10,50,0,4274,0.313603,1148.534993,1,1.365
MNIST,FantopeOGD,10,50,0,4275,0.241112,1148.776104,1,1.365
MNIST,FantopeOGD,10,50,0,4276,0.248993,1149.025097,1,1.365
MNIST,FantopeOGD,10,50,0,4277,0.353013,1149.378110,1,1.366
MNIST,FantopeOGD,10,50,0,4278,0.250339,1149.628449,1,1.366
MNIST,FantopeOGD,10,50,0,4279,0.324579,1149.953029,1,1.366
MNIST,FantopeOGD,10,50,0,4280,0.153654,1150.106682,1,1.367
MNIST,FantopeOGD,10,50,0,4281,0.282604,1150.389286,1,1.367
MNIST,FantopeOGD,10,50,0,4282,0.091471,1150.480757,1,1.367
MNIST,FantopeOGD,10,50,0,4283,0.297631,1150.778388,1,1.367
MNIST,FantopeOGD,10,50,0,4284,0.219987,1150.998375,1,1.368
MNIST,FantopeOGD,10,50,0,4285,0.269620,1151.267995,1,1.368
MNIST,FantopeOGD,10,50,0,4286,0.275677,1151.543672,1,1.368
MNIST,FantopeOGD,10,50,0,4287,0.393046,1151.936718,1,1.369
MNIST,FantopeOGD,10,50,0,4288,0.121310,1152.058028,1,1.369
MNIST,FantopeOGD,10,50,0,4289,0.256610,1152.314638,1,1.369
MNIST,FantopeOGD,10,50,0,4290,0.136631,1152.451269,1,1.370
MNIST,FantopeOGD,10,50,0,4291,0.249095,1152.700364,1,1.370
MNIST,FantopeOGD,10,50,0,4292,0.335133,1153.035498,1,1.370
MNIST,FantopeOGD,10,50,0,4293,0.298193,1153.333690,1,1.370
MNIST,FantopeOGD,10,50,0,4294,0.083906,1153.417596,1,1.371
MNIST,FantopeOGD,10,50,0,4295,0.261986,1153.679582,1,1.371
MNIST,FantopeOGD,10,50,0,4296,0.126373,1153.805955,1,1.371
MNIST,FantopeOGD,10,50,0,4297,0.190441,1153.996396,1,1.372
MNIST,FantopeOGD,10,50,0,4298,0.168433,1154.164829,1,1.372
MNIST,FantopeOGD,10,50,0,4299,0.238097,1154.402927,1,1.372
MNIST,FantopeOGD,10,50,0,4300,0.159218,1154.562145,1,1.373
MNIST,FantopeOGD,10,50,0,4301,0.229219,1154.791364,1,1.373
MNIST,FantopeOGD,10,50,0,4302,0.207036,1154.998400,1,1.373
MNIST,FantopeOGD,10,50,0,4303,0.553352,1155.551752,1,1.374
MNIST,FantopeOGD,10,50,0,4304,0.177458,1155.729210,1,1.374
MNIST,FantopeOGD,10,50,0,4305,0.271287,1156.000497,1,1.374
MNIST,FantopeOGD,10,50,0,4306,0.114932,1156.115428,1,1.375
MNIST,FantopeOGD,10,50,0,4307,0.200775,1156.316203,1,1.375
MNIST,FantopeOGD,10,50,0,4308,0.295830,1156.612033,1,1.375
MNIST,FantopeOGD,10,50,0,4309,0.244988,1156.857022,1,1.376
MNIST,FantopeOGD,10,50,0,4310,0.170244,1157.027266,1,1.376
MNIST,FantopeOGD,10,50,0,4311,0.138203,1157.165469,1,1.376
MNIST,FantopeOGD,10,50,0,4312,0.160355,1157.325824,1,1.377
MNIST,FantopeOGD,10,50,0,4313,0.148477,1157.474301,1,1.377
MNIST,FantopeOGD,10,50,0,4314,0.474748,1157.949049,1,1.377
MNIST,FantopeOGD,10,50,0,4315,0.215311,1158.164360,1,1.377
MNIST,FantopeOGD,10,50,0,4316,0.290949,1158.455309,1,1.378
MNIST,FantopeOGD,10,50,0,4317,0.114228,1158.569537,1,1.378
MNIST,FantopeOGD,10,50,0,4318,0.312169,1158.881706,1,1.378
MNIST,FantopeOGD,10,50,0,4319,0.321397,1159.203103,1,1.379
MNIST,FantopeOGD,10,50,0,4320,0.129389,1159.332492,1,1.379
MNIST,FantopeOGD,10,50,0,4321,0.189674,1159.522166,1,1.379
MNIST,FantopeOGD,10,50,0,4322,0.227044,1159.749211,1,1.380
MNIST,FantopeOGD,10,50,0,4323,0.315702,1160.064913,1,1.380
MNIST,FantopeOGD,10,50,0,4324,0.222518,1160.287430,1,1.380
MNIST,FantopeOGD,10,50,0,4325,0.346984,1160.634414,1,1.381
MNIST,FantopeOGD,10,50,0,4326,0.368782,1161.003197,1,1.381
MNIST,FantopeOGD,10,50,0,4327,0.284135,1161.287332,1,1.381
MNIST,FantopeOGD,10,50,0,4328,0.211503,1161.498835,1,1.382
MNIST,FantopeOGD,10,50,0,4329,0.213309,1161.712143,1,1.382
MNIST,FantopeOGD,10,50,0,4330,0.186576,1161.898720,1,1.382
MNIST,FantopeOGD,10,50,0,4331,0.237554,1162.136273,1,1.382
MNIST,FantopeOGD,10,50,0,4332,0.214338,1162.350611,1,1.383
MNIST,FantopeOGD,10,50,0,4333,0.224137,1162.574748,1,1.383
MNIST,FantopeOGD,10,50,0,4334,0.244044,1162.818792,1,1.383
MNIST,FantopeOGD,10,50,0,4335,0.302698,1163.121490,1,1.384
MNIST,FantopeOGD,10,50,0,4336,0.191873,1163.313364,1,1.384
MNIST,FantopeOGD,10,50,0,4337,0.374265,1163.687629,1,1.384
MNIST,FantopeOGD,10,50,0,4338,0.246557,1163.934185,1,1.385
MNIST,FantopeOGD,10,50,0,4339,0.211740,1164.145925,1,1.385
MNIST,FantopeOGD,10,50,0,4340,0.434988,1164.580914,1,1.385
MNIST,FantopeOGD,10,50,0,4341,0.257011,1164.837924,1,1.386
MNIST,FantopeOGD,10,50,0,4342,0.297781,1165.135705,1,1.386
MNIST,FantopeOGD,10,50,0,4343,0.452202,1165.587907,1,1.386
MNIST,FantopeOGD,10,50,0,4344,0.441128,1166.029035,1,1.386
MNIST,FantopeOGD,10,50,0,4345,0.280256,1166.309290,1,1.387
MNIST,FantopeOGD,10,50,0,4346,0.215529,1166.524819,1,1.387
MNIST,FantopeOGD,10,50,0,4347,0.262897,1166.787716,1,1.387
MNIST,FantopeOGD,10,50,0,4348,0.210890,1166.998606,1,1.388
MNIST,FantopeOGD,10,50,0,4349,0.153978,1167.152584,1,1.388
MNIST,FantopeOGD,10,50,0,4350,0.209265,1167.361849,1,1.388
MNIST,FantopeOGD,10,50,0,4351,0.181211,1167.543060,1,1.389
MNIST,FantopeOGD,10,50,0,4352,0.277096,1167.820156,1,1.389
MNIST,FantopeOGD,10,50,0,4353,0.307255,1168.127411,1,1.389
MNIST,FantopeOGD,10,50,0,4354,0.298907,1168.426318,1,1.390
MNIST,FantopeOGD,10,50,0,4355,0.222053,1168.648371,1,1.390
MNIST,FantopeOGD,10,50,0,4356,0.270898,1168.919269,1,1.390
MNIST,FantopeOGD,10,50,0,4357,0.225307,1169.144576,1,1.391
MNIST,FantopeOGD,10,50,0,4358,0.140639,1169.285215,1,1.391
MNIST,FantopeOGD,10,50,0,4359,0.203202,1169.488417,1,1.391
MNIST,FantopeOGD,10,50,0,4360,0.311241,1169.799658,1,1.392
MNIST,FantopeOGD,10,50,0,4361,0.510085,1170.309743,1,1.392
MNIST,FantopeOGD,10,50,0,4362,0.223126,1170.532870,1,1.392
MNIST,FantopeOGD,10,50,0,4363,0.192649,1170.725519,1,1.392
MNIST,FantopeOGD,10,50,0,4364,0.168485,1170.894004,1,1.393
MNIST,FantopeOGD,10,50,0,4365,0.353290,1171.247293,1,1.393
MNIST,FantopeOGD,10,50,0,4366,0.322476,1171.569769,1,1.393
MNIST,FantopeOGD,10,50,0,4367,0.267933,1171.837702,1,1.394
MNIST,FantopeOGD,10,50,0,4368,0.133952,1171.971654,1,1.394
MNIST,FantopeOGD,10,50,0,4369,0.214652,1172.186306,1,1.394
MNIST,FantopeOGD,10,50,0,4370,0.297489,1172.483795,1,1.395
MNIST,FantopeOGD,10,50,0,4371,0.319267,1172.803062,1,1.395
MNIST,FantopeOGD,10,50,0,4372,0.150170,1172.953232,1,1.395
MNIST,FantopeOGD,10,50,0,4373,0.181290,1173.134522,1,1.396
MNIST,FantopeOGD,10,50,0,4374,0.345557,1173.480079,1,1.396
MNIST,FantopeOGD,10,50,0,4375,0.152666,1173.632745,1,1.396
MNIST,FantopeOGD,10,50,0,4376,0.153983,1173.786727,1,1.396
MNIST,FantopeOGD,10,50,0,4377,0.376084,1174.162812,1,1.397
MNIST,FantopeOGD,10,50,0,4378,0.049720,1174.212532,1,1.397
MNIST,FantopeOGD,10,50,0,4379,0.267987,1174.480519,1,1.397
MNIST,FantopeOGD,10,50,0,4380,0.132887,1174.613406,1,1.398
MNIST,FantopeOGD,10,50,0,4381,0.145361,1174.758767,1,1.398
MNIST,FantopeOGD,10,50,0,4382,0.205649,1174.964416,1,1.398
MNIST,FantopeOGD,10,50,0,4383,0.184883,1175.149300,1,1.399
MNIST,FantopeOGD,10,50,0,4384,0.243256,1175.392556,1,1.399
MNIST,FantopeOGD,10,50,0,4385,0.266122,1175.658678,1,1.399
MNIST,FantopeOGD,10,50,0,4386,0.401059,1176.059737,1,1.399
MNIST,FantopeOGD,10,50,0,4387,0.206335,1176.266072,1,1.400
MNIST,FantopeOGD,10,50,0,4388,0.269134,1176.535206,1,1.400
MNIST,FantopeOGD,10,50,0,4389,0.264726,1176.799931,1,1.400
MNIST,FantopeOGD,10,50,0,4390,0.224418,1177.024349,1,1.401
MNIST,FantopeOGD,10,50,0,4391,0.191091,1177.215441,1,1.401
MNIST,FantopeOGD,10,50,0,4392,0.216290,1177.431730,1,1.401
MNIST,FantopeOGD,10,50,0,4393,0.308599,1177.740329,1,1.402
MNIST,FantopeOGD,10,50,0,4394,0.249353,1177.989682,1,1.402
MNIST,FantopeOGD,10,50,0,4395,0.203408,1178.193090,1,1.402
MNIST,FantopeOGD,10,50,0,4396,0.150929,1178.344019,1,1.403
MNIST,FantopeOGD,10,50,0,4397,0.346653,1178.690673,1,1.403
MNIST,FantopeOGD,10,50,0,4398,0.372875,1179.063547,1,1.403
MNIST,FantopeOGD,10,50,0,4399,0.319990,1179.383538,1,1.403
MNIST,FantopeOGD,10,50,0,4400,0.221026,1179.604564,1,1.404
MNIST,FantopeOGD,10,50,0,4401,0.407135,1180.011699,1,1.404
MNIST,FantopeOGD,10,50,0,4402,0.193473,1180.205172,1,1.405
MNIST,FantopeOGD,10,50,0,4403,0.187043,1180.392215,1,1.405
MNIST,FantopeOGD,10,50,0,4404,0.156841,1180.549056,1,1.405
MNIST,FantopeOGD,10,50,0,4405,0.279880,1180.828937,1,1.406
MNIST,FantopeOGD,10,50,0,4406,0.327075,1181.156012,1,1.406
MNIST,FantopeOGD,10,50,0,4407,0.127763,1181.283775,1,1.406
MNIST,FantopeOGD,10,50,0,4408,0.149814,1181.433589,1,1.406
MNIST,FantopeOGD,10,50,0,4409,0.199637,1181.633226,1,1.407
MNIST,FantopeOGD,10,50,0,4410,0.215379,1181.848605,1,1.407
MNIST,FantopeOGD,10,50,0,4411,0.156893,1182.005498,1,1.407
MNIST,FantopeOGD,10,50,0,4412,0.294975,1182.300474,1,1.408
MNIST,FantopeOGD,10,50,0,4413,0.191775,1182.492249,1,1.408
MNIST,FantopeOGD,10,50,0,4414,0.168140,1182.660389,1,1.408
MNIST,FantopeOGD,10,50,0,4415,0.216465,1182.876853,1,1.409
MNIST,FantopeOGD,10,50,0,4416,0.109736,1182.986589,1,1.409
MNIST,FantopeOGD,10,50,0,4417,0.227850,1183.214439,1,1.409
MNIST,FantopeOGD,10,50,0,4418,0.296097,1183.510535,1,1.410
MNIST,FantopeOGD,10,50,0,4419,0.262877,1183.773413,1,1.410
MNIST,FantopeOGD,10,50,0,4420,0.283832,1184.057244,1,1.410
MNIST,FantopeOGD,10,50,0,4421,0.250663,1184.307908,1,1.411
MNIST,FantopeOGD,10,50,0,4422,0.137919,1184.445826,1,1.411
MNIST,FantopeOGD,10,50,0,4423,0.366963,1184.812789,1,1.411
MNIST,FantopeOGD,10,50,0,4424,0.201083,1185.013873,1,1.411
MNIST,FantopeOGD,10,50,0,4425,0.184297,1185.198169,1,1.412
MNIST,FantopeOGD,10,50,0,4426,0.247068,1185.445238,1,1.412
MNIST,FantopeOGD,10,50,0,4427,0.196734,1185.641972,1,1.412
MNIST,FantopeOGD,10,50,0,4428,0.447379,1186.089351,1,1.413
MNIST,FantopeOGD,10,50,0,4429,0.236338,1186.325689,1,1.413
MNIST,FantopeOGD,10,50,0,4430,0.137092,1186.462781,1,1.413
MNIST,FantopeOGD,10,50,0,4431,0.293825,1186.756607,1,1.414
MNIST,FantopeOGD,10,50,0,4432,0.251587,1187.008193,1,1.414
MNIST,FantopeOGD,10,50,0,4433,0.334830,1187.343024,1,1.414
MNIST,FantopeOGD,10,50,0,4434,0.211312,1187.554336,1,1.414
MNIST,FantopeOGD,10,50,0,4435,0.211357,1187.765692,1,1.415
MNIST,FantopeOGD,10,50,0,4436,0.281469,1188.047161,1,1.415
MNIST,FantopeOGD,10,50,0,4437,0.252548,1188.299709,1,1.415
MNIST,FantopeOGD,10,50,0,4438,0.171008,1188.470717,1,1.416
MNIST,FantopeOGD,10,50,0,4439,0.302579,1188.773296,1,1.416
MNIST,FantopeOGD,10,50,0,4440,0.324668,1189.097964,1,1.416
MNIST,FantopeOGD,10,50,0,4441,0.211547,1189.309511,1,1.417
MNIST,FantopeOGD,10,50,0,4442,0.244840,1189.554351,1,1.417
MNIST,FantopeOGD,10,50,0,4443,0.224758,1189.779109,1,1.417
MNIST,FantopeOGD,10,50,0,4444,0.261982,1190.041091,1,1.418
MNIST,FantopeOGD,10,50,0,4445,0.295785,1190.336876,1,1.418
MNIST,FantopeOGD,10,50,0,4446,0.196431,1190.533307,1,1.418
MNIST,FantopeOGD,10,50,0,4447,0.329525,1190.862833,1,1.418
MNIST,FantopeOGD,10,50,0,4448,0.429105,1191.291938,1,1.419
MNIST,FantopeOGD,10,50,0,4449,0.302201,1191.594138,1,1.419
MNIST,FantopeOGD,10,50,0,4450,0.188251,1191.782389,1,1.420
MNIST,FantopeOGD,10,50,0,4451,0.362216,1192.144605,1,1.420
MNIST,FantopeOGD,10,50,0,4452,0.207192,1192.351796,1,1.420
MNIST,FantopeOGD,10,50,0,4453,0.167142,1192.518938,1,1.420
MNIST,FantopeOGD,10,50,0,4454,0.252988,1192.771927,1,1.421
MNIST,FantopeOGD,10,50,0,4455,0.163769,1192.935695,1,1.421
MNIST,FantopeOGD,10,50,0,4456,0.320570,1193.256265,1,1.421
MNIST,FantopeOGD,10,50,0,4457,0.125713,1193.381978,1,1.422
MNIST,FantopeOGD,10,50,0,4458,0.263386,1193.645365,1,1.422
MNIST,FantopeOGD,10,50,0,4459,0.225003,1193.870368,1,1.422
MNIST,FantopeOGD,10,50,0,4460,0.202649,1194.073017,1,1.423
MNIST,FantopeOGD,10,50,0,4461,0.162497,1194.235514,1,1.423
MNIST,FantopeOGD,10,50,0,4462,0.278043,1194.513557,1,1.423
MNIST,FantopeOGD,10,50,0,4463,0.139502,1194.653059,1,1.424
MNIST,FantopeOGD,10,50,0,4464,0.442307,1195.095366,1,1.424
MNIST,FantopeOGD,10,50,0,4465,0.204380,1195.299747,1,1.424
MNIST,FantopeOGD,10,50,0,4466,0.138209,1195.437956,1,1.425
MNIST,FantopeOGD,10,50,0,4467,0.305492,1195.743448,1,1.425
MNIST,FantopeOGD,10,50,0,4468,0.185393,1195.928840,1,1.426
MNIST,FantopeOGD,10,50,0,4469,0.233513,1196.162353,1,1.426
MNIST,FantopeOGD,10,50,0,4470,0.119630,1196.281984,1,1.427
MNIST,FantopeOGD,10,50,0,4471,0.285642,1196.567625,1,1.427
MNIST,FantopeOGD,10,50,0,4472,0.372100,1196.939726,1,1.427
MNIST,FantopeOGD,10,50,0,4473,0.515853,1197.455579,1,1.428
MNIST,FantopeOGD,10,50,0,4474,0.295621,1197.751200,1,1.428
MNIST,FantopeOGD,10,50,0,4475,0.177746,1197.928945,1,1.429
MNIST,FantopeOGD,10,50,0,4476,0.171399,1198.100344,1,1.429
MNIST,FantopeOGD,10,50,0,4477,0.197955,1198.298298,1,1.429
MNIST,FantopeOGD,10,50,0,4478,0.308669,1198.606968,1,1.430
MNIST,FantopeOGD,10,50,0,4479,0.350819,1198.957786,1,1.430
MNIST,FantopeOGD,10,50,0,4480,0.277482,1199.235268,1,1.430
MNIST,FantopeOGD,10,50,0,4481,0.217676,1199.452944,1,1.431
MNIST,FantopeOGD,10,50,0,4482,0.252203,1199.705147,1,1.431
MNIST,FantopeOGD,10,50,0,4483,0.197207,1199.902354,1,1.431
MNIST,FantopeOGD,10,50,0,4484,0.407501,1200.309855,1,1.431
MNIST,FantopeOGD,10,50,0,4485,0.323364,1200.633219,1,1.432
MNIST,FantopeOGD,10,50,0,4486,0.264624,1200.897843,1,1.432
MNIST,FantopeOGD,10,50,0,4487,0.263378,1201.161221,1,1.432
MNIST,FantopeOGD,10,50,0,4488,0.167196,1201.328416,1,1.433
MNIST,FantopeOGD,10,50,0,4489,0.263336,1201.591752,1,1.433
MNIST,FantopeOGD,10,50,0,4490,0.091509,1201.683261,1,1.433
MNIST,FantopeOGD,10,50,0,4491,0.201450,1201.884711,1,1.434
MNIST,FantopeOGD,10,50,0,4492,0.247138,1202.131849,1,1.434
MNIST,FantopeOGD,10,50,0,4493,0.180819,1202.312668,1,1.434
MNIST,FantopeOGD,10,50,0,4494,0.329004,1202.641672,1,1.435
MNIST,FantopeOGD,10,50,0,4495,0.147386,1202.789058,1,1.435
MNIST,FantopeOGD,10,50,0,4496,0.223818,1203.012876,1,1.435
MNIST,FantopeOGD,10,50,0,4497,0.214881,1203.227757,1,1.435
MNIST,FantopeOGD,10,50,0,4498,0.196848,1203.424605,1,1.436
MNIST,FantopeOGD,10,50,0,4499,0.323354,1203.747958,1,1.436
MNIST,FantopeOGD,10,50,0,4500,0.311832,1204.059791,1,1.437
MNIST,FantopeOGD,10,50,0,4501,0.177114,1204.236904,1,1.437
MNIST,FantopeOGD,10,50,0,4502,0.229068,1204.465972,1,1.437
MNIST,FantopeOGD,10,50,0,4503,0.166634,1204.632606,1,1.438
MNIST,FantopeOGD,10,50,0,4504,0.390263,1205.022869,1,1.438
MNIST,FantopeOGD,10,50,0,4505,0.195036,1205.217905,1,1.438
MNIST,FantopeOGD,10,50,0,4506,0.478017,1205.695922,1,1.438
MNIST,FantopeOGD,10,50,0,4507,0.367977,1206.063899,1,1.439
MNIST,FantopeOGD,10,50,0,4508,0.280234,1206.344133,1,1.439
MNIST,FantopeOGD,10,50,0,4509,0.199630,1206.543763,1,1.439
MNIST,FantopeOGD,10,50,0,4510,0.296785,1206.840548,1,1.440
MNIST,FantopeOGD,10,50,0,4511,0.285169,1207.125717,1,1.440
MNIST,FantopeOGD,10,50,0,4512,0.217249,1207.342966,1,1.440
MNIST,FantopeOGD,10,50,0,4513,0.116117,1207.459083,1,1.441
MNIST,FantopeOGD,10,50,0,4514,0.335708,1207.794791,1,1.441
MNIST,FantopeOGD,10,50,0,4515,0.171171,1207.965962,1,1.441
MNIST,FantopeOGD,10,50,0,4516,0.340588,1208.306549,1,1.442
MNIST,FantopeOGD,10,50,0,4517,0.282436,1208.588985,1,1.442
MNIST,FantopeOGD,10,50,0,4518,0.258963,1208.847948,1,1.442
MNIST,FantopeOGD,10,50,0,4519,0.319565,1209.167513,1,1.442
MNIST,FantopeOGD,10,50,0,4520,0.325311,1209.492823,1,1.443
MNIST,FantopeOGD,10,50,0,4521,0.253257,1209.746080,1,1.443
MNIST,FantopeOGD,10,50,0,4522,0.251061,1209.997141,1,1.443
MNIST,FantopeOGD,10,50,0,4523,0.275582,1210.272723,1,1.444
MNIST,FantopeOGD,10,50,0,4524,0.374007,1210.646729,1,1.444
MNIST,FantopeOGD,10,50,0,4525,0.258358,1210.905087,1,1.444
MNIST,FantopeOGD,10,50,0,4526,0.070164,1210.975251,1,1.445
MNIST,FantopeOGD,10,50,0,4527,0.354016,1211.329267,1,1.445
MNIST,FantopeOGD,10,50,0,4528,0.127691,1211.456958,1,1.445
MNIST,FantopeOGD,10,50,0,4529,0.223078,1211.680036,1,1.446
MNIST,FantopeOGD,10,50,0,4530,0.114940,1211.794976,1,1.446
MNIST,FantopeOGD,10,50,0,4531,0.142670,1211.937646,1,1.446
MNIST,FantopeOGD,10,50,0,4532,0.315936,1212.253583,1,1.446
MNIST,FantopeOGD,10,50,0,4533,0.158651,1212.412234,1,1.447
MNIST,FantopeOGD,10,50,0,4534,0.123842,1212.536076,1,1.447
MNIST,FantopeOGD,10,50,0,4535,0.194246,1212.730323,1,1.447
MNIST,FantopeOGD,10,50,0,4536,0.253825,1212.984147,1,1.448
MNIST,FantopeOGD,10,50,0,4537,0.210536,1213.194683,1,1.448
MNIST,FantopeOGD,10,50,0,4538,0.428807,1213.623490,1,1.448
MNIST,FantopeOGD,10,50,0,4539,0.256312,1213.879803,1,1.449
MNIST,FantopeOGD,10,50,0,4540,0.141875,1214.021677,1,1.449
MNIST,FantopeOGD,10,50,0,4541,0.199480,1214.221157,1,1.449
MNIST,FantopeOGD,10,50,0,4542,0.286647,1214.507804,1,1.449
MNIST,FantopeOGD,10,50,0,4543,0.141856,1214.649659,1,1.450
MNIST,FantopeOGD,10,50,0,4544,0.455061,1215.104720,1,1.450
MNIST,FantopeOGD,10,50,0,4545,0.533166,1215.637886,1,1.450
MNIST,FantopeOGD,10,50,0,4546,0.163171,1215.801057,1,1.451
MNIST,FantopeOGD,10,50,0,4547,0.307401,1216.108458,1,1.451
MNIST,FantopeOGD,10,50,0,4548,0.204928,1216.313386,1,1.451
MNIST,FantopeOGD,10,50,0,4549,0.290929,1216.604315,1,1.452
MNIST,FantopeOGD,10,50,0,4550,0.302373,1216.906688,1,1.452
MNIST,FantopeOGD,10,50,0,4551,0.221294,1217.127982,1,1.452
MNIST,FantopeOGD,10,50,0,4552,0.273058,1217.401040,1,1.453
MNIST,FantopeOGD,10,50,0,4553,0.170950,1217.571990,1,1.453
MNIST,FantopeOGD,10,50,0,4554,0.130647,1217.702638,1,1.453
MNIST,FantopeOGD,10,50,0,4555,0.252367,1217.955005,1,1.454
MNIST,FantopeOGD,10,50,0,4556,0.426591,1218.381595,1,1.454
MNIST,FantopeOGD,10,50,0,4557,0.336656,1218.718251,1,1.454
MNIST,FantopeOGD,10,50,0,4558,0.240025,1218.958277,1,1.455
MNIST,FantopeOGD,10,50,0,4559,0.210115,1219.168392,1,1.455
MNIST,FantopeOGD,10,50,0,4560,0.092465,1219.260857,1,1.455
MNIST,FantopeOGD,10,50,0,4561,0.328989,1219.589846,1,1.456
MNIST,FantopeOGD,10,50,0,4562,0.255610,1219.845455,1,1.456
MNIST,FantopeOGD,10,50,0,4563,0.302971,1220.148427,1,1.456
MNIST,FantopeOGD,10,50,0,4564,0.153856,1220.302282,1,1.456
MNIST,FantopeOGD,10,50,0,4565,0.259675,1220.561957,1,1.457
MNIST,FantopeOGD,10,50,0,4566,0.196258,1220.758215,1,1.457
MNIST,FantopeOGD,10,50,0,4567,0.286215,1221.044430,1,1.457
MNIST,FantopeOGD,10,50,0,4568,0.219610,1221.264040,1,1.458
MNIST,FantopeOGD,10,50,0,4569,0.176167,1221.440207,1,1.458
MNIST,FantopeOGD,10,50,0,4570,0.261798,1221.702004,1,1.458
MNIST,FantopeOGD,10,50,0,4571,0.311581,1222.013586,1,1.459
MNIST,FantopeOGD,10,50,0,4572,0.322962,1222.336547,1,1.459
MNIST,FantopeOGD,10,50,0,4573,0.185859,1222.522407,1,1.459
MNIST,FantopeOGD,10,50,0,4574,0.152649,1222.675056,1,1.459
MNIST,FantopeOGD,10,50,0,4575,0.307829,1222.982885,1,1.460
MNIST,FantopeOGD,10,50,0,4576,0.185935,1223.168820,1,1.460
MNIST,FantopeOGD,10,50,0,4577,0.304187,1223.473007,1,1.460
MNIST,FantopeOGD,10,50,0,4578,0.167398,1223.640405,1,1.461
MNIST,FantopeOGD,10,50,0,4579,0.095814,1223.736220,1,1.461
MNIST,FantopeOGD,10,50,0,4580,0.229515,1223.965735,1,1.461
MNIST,FantopeOGD,10,50,0,4581,0.199872,1224.165607,1,1.462
MNIST,FantopeOGD,10,50,0,4582,0.219920,1224.385527,1,1.462
MNIST,FantopeOGD,10,50,0,4583,0.139458,1224.524985,1,1.462
MNIST,FantopeOGD,10,50,0,4584,0.191913,1224.716898,1,1.463
MNIST,FantopeOGD,10,50,0,4585,0.137278,1224.854175,1,1.463
MNIST,FantopeOGD,10,50,0,4586,0.293459,1225.147634,1,1.463
MNIST,FantopeOGD,10,50,0,4587,0.240208,1225.387842,1,1.463
MNIST,FantopeOGD,10,50,0,4588,0.132785,1225.520628,1,1.464
MNIST,FantopeOGD,10,50,0,4589,0.298091,1225.818719,1,1.464
MNIST,FantopeOGD,10,50,0,4590,0.238518,1226.057237,1,1.464
MNIST,FantopeOGD,10,50,0,4591,0.213652,1226.270889,1,1.465
MNIST,FantopeOGD,10,50,0,4592,0.379099,1226.649988,1,1.465
MNIST,FantopeOGD,10,50,0,4593,0.200151,1226.850139,1,1.465
MNIST,FantopeOGD,10,50,0,4594,0.193388,1227.043528,1,1.466
MNIST,FantopeOGD,10,50,0,4595,0.262505,1227.306032,1,1.466
MNIST,FantopeOGD,10,50,0,4596,0.285308,1227.591340,1,1.466
MNIST,FantopeOGD,10,50,0,4597,0.137812,1227.729152,1,1.467
MNIST,FantopeOGD,10,50,0,4598,0.275300,1228.004453,1,1.467
MNIST,FantopeOGD,10,50,0,4599,0.165184,1228.169636,1,1.467
MNIST,FantopeOGD,10,50,0,4600,0.260872,1228.430509,1,1.468
MNIST,FantopeOGD,10,50,0,4601,0.255906,1228.686414,1,1.468
MNIST,FantopeOGD,10,50,0,4602,0.184206,1228.870620,1,1.468
MNIST,FantopeOGD,10,50,0,4603,0.471096,1229.341717,1,1.468
MNIST,FantopeOGD,10,50,0,4604,0.367757,1229.709474,1,1.469
MNIST,FantopeOGD,10,50,0,4605,0.304193,1230.013667,1,1.469
MNIST,FantopeOGD,10,50,0,4606,0.226881,1230.240548,1,1.469
MNIST,FantopeOGD,10,50,0,4607,0.263505,1230.504053,1,1.470
MNIST,FantopeOGD,10,50,0,4608,0.069570,1230.573623,1,1.470
MNIST,FantopeOGD,10,50,0,4609,0.129841,1230.703464,1,1.470
MNIST,FantopeOGD,10,50,0,4610,0.312102,1231.015567,1,1.471
MNIST,FantopeOGD,10,50,0,4611,0.124529,1231.140095,1,1.471
MNIST,FantopeOGD,10,50,0,4612,0.128537,1231.268633,1,1.471
MNIST,FantopeOGD,10,50,0,4613,0.122518,1231.391151,1,1.472
MNIST,FantopeOGD,10,50,0,4614,0.344692,1231.735843,1,1.472
MNIST,FantopeOGD,10,50,0,4615,0.312890,1232.048733,1,1.472
MNIST,FantopeOGD,10,50,0,4616,0.251590,1232.300323,1,1.472
MNIST,FantopeOGD,10,50,0,4617,0.393742,1232.694065,1,1.473
MNIST,FantopeOGD,10,50,0,4618,0.099273,1232.793338,1,1.473
MNIST,FantopeOGD,10,50,0,4619,0.226385,1233.019723,1,1.473
MNIST,FantopeOGD,10,50,0,4620,0.299257,1233.318980,1,1.474
MNIST,FantopeOGD,10,50,0,4621,0.099110,1233.418090,1,1.474
MNIST,FantopeOGD,10,50,0,4622,0.297396,1233.715487,1,1.474
MNIST,FantopeOGD,10,50,0,4623,0.250538,1233.966025,1,1.475
MNIST,FantopeOGD,10,50,0,4624,0.284268,1234.250293,1,1.475
MNIST,FantopeOGD,10,50,0,4625,0.200129,1234.450422,1,1.475
MNIST,FantopeOGD,10,50,0,4626,0.090479,1234.540901,1,1.476
MNIST,FantopeOGD,10,50,0,4627,0.208812,1234.749713,1,1.476
MNIST,FantopeOGD,10,50,0,4628,0.156959,1234.906672,1,1.476
MNIST,FantopeOGD,10,50,0,4629,0.263758,1235.170430,1,1.476
MNIST,FantopeOGD,10,50,0,4630,0.326129,1235.496559,1,1.477
MNIST,FantopeOGD,10,50,0,4631,0.476197,1235.972757,1,1.477
MNIST,FantopeOGD,10,50,0,4632,0.182065,1236.154821,1,1.477
MNIST,FantopeOGD,10,50,0,4633,0.314319,1236.469140,1,1.478
MNIST,FantopeOGD,10,50,0,4634,0.251465,1236.720605,1,1.478
MNIST,FantopeOGD,10,50,0,4635,0.261404,1236.982009,1,1.478
MNIST,FantopeOGD,10,50,0,4636,0.276570,1237.258579,1,1.479
MNIST,FantopeOGD,10,50,0,4637,0.100800,1237.359379,1,1.479
MNIST,FantopeOGD,10,50,0,4638,0.165682,1237.525061,1,1.479
MNIST,FantopeOGD,10,50,0,4639,0.081500,1237.606562,1,1.479
MNIST,FantopeOGD,10,50,0,4640,0.192597,1237.799158,1,1.480
MNIST,FantopeOGD,10,50,0,4641,0.240709,1238.039868,1,1.480
MNIST,FantopeOGD,10,50,0,4642,0.363360,1238.403228,1,1.480
MNIST,FantopeOGD,10,50,0,4643,0.322771,1238.725999,1,1.481
MNIST,FantopeOGD,10,50,0,4644,0.199075,1238.925074,1,1.481
MNIST,FantopeOGD,10,50,0,4645,0.140371,1239.065446,1,1.481
MNIST,FantopeOGD,10,50,0,4646,0.263022,1239.328467,1,1.482
MNIST,FantopeOGD,10,50,0,4647,0.309113,1239.637581,1,1.482
MNIST,FantopeOGD,10,50,0,4648,0.124012,1239.761593,1,1.482
MNIST,FantopeOGD,10,50,0,4649,0.450110,1240.211703,1,1.483
MNIST,FantopeOGD,10,50,0,4650,0.314911,1240.526614,1,1.483
MNIST,FantopeOGD,10,50,0,4651,0.171443,1240.698056,1,1.483
MNIST,FantopeOGD,10,50,0,4652,0.442185,1241.140242,1,1.484
MNIST,FantopeOGD,10,50,0,4653,0.531190,1241.671431,1,1.484
MNIST,FantopeOGD,10,50,0,4654,0.282424,1241.953855,1,1.484
MNIST,FantopeOGD,10,50,0,4655,0.168765,1242.122621,1,1.485
MNIST,FantopeOGD,10,50,0,4656,0.258097,1242.380718,1,1.485
MNIST,FantopeOGD,10,50,0,4657,0.289797,1242.670515,1,1.485
MNIST,FantopeOGD,10,50,0,4658,0.155494,1242.826009,1,1.485
MNIST,FantopeOGD,10,50,0,4659,0.466704,1243.292713,1,1.486
MNIST,FantopeOGD,10,50,0,4660,0.283627,1243.576340,1,1.486
MNIST,FantopeOGD,10,50,0,4661,0.220045,1243.796385,1,1.486
MNIST,FantopeOGD,10,50,0,4662,0.158981,1243.955366,1,1.487
MNIST,FantopeOGD,10,50,0,4663,0.357170,1244.312536,1,1.487
MNIST,FantopeOGD,10,50,0,4664,0.341996,1244.654532,1,1.487
MNIST,FantopeOGD,10,50,0,4665,0.376615,1245.031147,1,1.488
MNIST,FantopeOGD,10,50,0,4666,0.277722,1245.308869,1,1.488
MNIST,FantopeOGD,10,50,0,4667,0.449946,1245.758815,1,1.488
MNIST,FantopeOGD,10,50,0,4668,0.292171,1246.050986,1,1.489
MNIST,FantopeOGD,10,50,0,4669,0.269133,1246.320119,1,1.489
MNIST,FantopeOGD,10,50,0,4670,0.185357,1246.505476,1,1.489
MNIST,FantopeOGD,10,50,0,4671,0.484180,1246.989656,1,1.490
MNIST,FantopeOGD,10,50,0,4672,0.266641,1247.256297,1,1.490
MNIST,FantopeOGD,10,50,0,4673,0.291786,1247.548083,1,1.490
MNIST,FantopeOGD,10,50,0,4674,0.372681,1247.920764,1,1.491
MNIST,FantopeOGD,10,50,0,4675,0.188549,1248.109312,1,1.491
MNIST,FantopeOGD,10,50,0,4676,0.265584,1248.374896,1,1.491
MNIST,FantopeOGD,10,50,0,4677,0.247059,1248.621955,1,1.491
MNIST,FantopeOGD,10,50,0,4678,0.233907,1248.855862,1,1.492
MNIST,FantopeOGD,10,50,0,4679,0.354419,1249.210281,1,1.492
MNIST,FantopeOGD,10,50,0,4680,0.187112,1249.397393,1,1.492
MNIST,FantopeOGD,10,50,0,4681,0.318140,1249.715533,1,1.493
MNIST,FantopeOGD,10,50,0,4682,0.230523,1249.946056,1,1.493
MNIST,FantopeOGD,10,50,0,4683,0.215555,1250.161611,1,1.493
MNIST,FantopeOGD,10,50,0,4684,0.186806,1250.348417,1,1.494
MNIST,FantopeOGD,10,50,0,4685,0.305244,1250.653661,1,1.494
MNIST,FantopeOGD,10,50,0,4686,0.394988,1251.048649,1,1.494
MNIST,FantopeOGD,10,50,0,4687,0.198736,1251.247385,1,1.495
MNIST,FantopeOGD,10,50,0,4688,0.260226,1251.507611,1,1.495
MNIST,FantopeOGD,10,50,0,4689,0.336266,1251.843877,1,1.495
MNIST,FantopeOGD,10,50,0,4690,0.216610,1252.060487,1,1.495
MNIST,FantopeOGD,10,50,0,4691,0.247051,1252.307538,1,1.496
MNIST,FantopeOGD,10,50,0,4692,0.290942,1252.598480,1,1.496
MNIST,FantopeOGD,10,50,0,4693,0.369275,1252.967755,1,1.496
MNIST,FantopeOGD,10,50,0,4694,0.110415,1253.078169,1,1.497
MNIST,FantopeOGD,10,50,0,4695,0.224504,1253.302673,1,1.497
MNIST,FantopeOGD,10,50,0,4696,0.324492,1253.627164,1,1.497
MNIST,FantopeOGD,10,50,0,4697,0.206998,1253.834163,1,1.498
MNIST,FantopeOGD,10,50,0,4698,0.115477,1253.949640,1,1.498
MNIST,FantopeOGD,10,50,0,4699,0.387887,1254.337527,1,1.498
MNIST,FantopeOGD,10,50,0,4700,0.290895,1254.628422,1,1.499
MNIST,FantopeOGD,10,50,0,4701,0.100721,1254.729142,1,1.499
MNIST,FantopeOGD,10,50,0,4702,0.243784,1254.972926,1,1.499
MNIST,FantopeOGD,10,50,0,4703,0.296149,1255.269075,1,1.500
MNIST,FantopeOGD,10,50,0,4704,0.240657,1255.509733,1,1.500
MNIST,FantopeOGD,10,50,0,4705,0.167916,1255.677648,1,1.500
MNIST,FantopeOGD,10,50,0,4706,0.188053,1255.865701,1,1.501
MNIST,FantopeOGD,10,50,0,4707,0.144706,1256.010407,1,1.501
MNIST,FantopeOGD,10,50,0,4708,0.371092,1256.381499,1,1.501
MNIST,FantopeOGD,10,50,0,4709,0.364168,1256.745667,1,1.501
MNIST,FantopeOGD,10,50,0,4710,0.251483,1256.997150,1,1.502
MNIST,FantopeOGD,10,50,0,4711,0.371261,1257.368411,1,1.502
MNIST,FantopeOGD,10,50,0,4712,0.237194,1257.605605,1,1.502
MNIST,FantopeOGD,10,50,0,4713,0.242797,1257.848402,1,1.503
MNIST,FantopeOGD,10,50,0,4714,0.208613,1258.057015,1,1.503
MNIST,FantopeOGD,10,50,0,4715,0.314863,1258.371878,1,1.503
MNIST,FantopeOGD,10,50,0,4716,0.324965,1258.696843,1,1.504
MNIST,FantopeOGD,10,50,0,4717,0.199586,1258.896429,1,1.504
MNIST,FantopeOGD,10,50,0,4718,0.251174,1259.147603,1,1.504
MNIST,FantopeOGD,10,50,0,4719,0.428535,1259.576138,1,1.505
MNIST,FantopeOGD,10,50,0,4720,0.180719,1259.756856,1,1.505
MNIST,FantopeOGD,10,50,0,4721,0.185170,1259.942027,1,1.505
MNIST,FantopeOGD,10,50,0,4722,0.234413,1260.176440,1,1.506
MNIST,FantopeOGD,10,50,0,4723,0.164082,1260.340523,1,1.506
MNIST,FantopeOGD,10,50,0,4724,0.093924,1260.434446,1,1.506
MNIST,FantopeOGD,10,50,0,4725,0.283719,1260.718165,1,1.507
MNIST,FantopeOGD,10,50,0,4726,0.062547,1260.780712,1,1.507
MNIST,FantopeOGD,10,50,0,4727,0.227730,1261.008442,1,1.507
MNIST,FantopeOGD,10,50,0,4728,0.175515,1261.183957,1,1.508
MNIST,FantopeOGD,10,50,0,4729,0.339615,1261.523572,1,1.508
MNIST,FantopeOGD,10,50,0,4730,0.247111,1261.770682,1,1.508
MNIST,FantopeOGD,10,50,0,4731,0.216085,1261.986767,1,1.508
MNIST,FantopeOGD,10,50,0,4732,0.270155,1262.256922,1,1.509
MNIST,FantopeOGD,10,50,0,4733,0.259316,1262.516238,1,1.509
MNIST,FantopeOGD,10,50,0,4734,0.182160,1262.698398,1,1.509
MNIST,FantopeOGD,10,50,0,4735,0.130034,1262.828433,1,1.510
MNIST,FantopeOGD,10,50,0,4736,0.253811,1263.082244,1,1.510
MNIST,FantopeOGD,10,50,0,4737,0.188794,1263.271037,1,1.510
MNIST,FantopeOGD,10,50,0,4738,0.122859,1263.393897,1,1.511
MNIST,FantopeOGD,10,50,0,4739,0.162339,1263.556236,1,1.511
MNIST,FantopeOGD,10,50,0,4740,0.392472,1263.948708,1,1.511
MNIST,FantopeOGD,10,50,0,4741,0.316351,1264.265058,1,1.512
MNIST,FantopeOGD,10,50,0,4742,0.356802,1264.621861,1,1.512
MNIST,FantopeOGD,10,50,0,4743,0.174602,1264.796463,1,1.512
MNIST,FantopeOGD,10,50,0,4744,0.276928,1265.073391,1,1.512
MNIST,FantopeOGD,10,50,0,4745,0.232045,1265.305436,1,1.513
MNIST,FantopeOGD,10,50,0,4746,0.404797,1265.710232,1,1.513
MNIST,FantopeOGD,10,50,0,4747,0.200496,1265.910729,1,1.513
MNIST,FantopeOGD,10,50,0,4748,0.251999,1266.162728,1,1.514
MNIST,FantopeOGD,10,50,0,4749,0.496470,1266.659198,1,1.514
MNIST,FantopeOGD,10,50,0,4750,0.202649,1266.861847,1,1.514
MNIST,FantopeOGD,10,50,0,4751,0.275845,1267.137692,1,1.515
MNIST,FantopeOGD,10,50,0,4752,0.277897,1267.415589,1,1.515
MNIST,FantopeOGD,10,50,0,4753,0.177889,1267.593478,1,1.515
MNIST,FantopeOGD,10,50,0,4754,0.312920,1267.906398,1,1.516
MNIST,FantopeOGD,10,50,0,4755,0.579558,1268.485956,1,1.516
MNIST,FantopeOGD,10,50,0,4756,0.181088,1268.667044,1,1.516
MNIST,FantopeOGD,10,50,0,4757,0.328074,1268.995118,1,1.517
MNIST,FantopeOGD,10,50,0,4758,0.215939,1269.211057,1,1.517
MNIST,FantopeOGD,10,50,0,4759,0.183645,1269.394702,1,1.517
MNIST,FantopeOGD,10,50,0,4760,0.395928,1269.790630,1,1.517
MNIST,FantopeOGD,10,50,0,4761,0.238407,1270.029036,1,1.518
MNIST,FantopeOGD,10,50,0,4762,0.209413,1270.238450,1,1.518
MNIST,FantopeOGD,10,50,0,4763,0.214502,1270.452952,1,1.518
MNIST,FantopeOGD,10,50,0,4764,0.234076,1270.687027,1,1.519
MNIST,FantopeOGD,10,50,0,4765,0.255469,1270.942496,1,1.519
MNIST,FantopeOGD,10,50,0,4766,0.214996,1271.157492,1,1.519
MNIST,FantopeOGD,10,50,0,4767,0.299540,1271.457032,1,1.520
MNIST,FantopeOGD,10,50,0,4768,0.384286,1271.841318,1,1.520
MNIST,FantopeOGD,10,50,0,4769,0.115756,1271.957074,1,1.520
MNIST,FantopeOGD,10,50,0,4770,0.252765,1272.209839,1,1.521
MNIST,FantopeOGD,10,50,0,4771,0.249657,1272.459496,1,1.521
MNIST,FantopeOGD,10,50,0,4772,0.196049,1272.655545,1,1.521
MNIST,FantopeOGD,10,50,0,4773,0.243700,1272.899245,1,1.521
MNIST,FantopeOGD,10,50,0,4774,0.196339,1273.095584,1,1.522
MNIST,FantopeOGD,10,50,0,4775,0.253831,1273.349416,1,1.522
MNIST,FantopeOGD,10,50,0,4776,0.336611,1273.686027,1,1.522
MNIST,FantopeOGD,10,50,0,4777,0.227243,1273.913270,1,1.523
MNIST,FantopeOGD,10,50,0,4778,0.328511,1274.241781,1,1.523
MNIST,FantopeOGD,10,50,0,4779,0.279971,1274.521753,1,1.523
MNIST,FantopeOGD,10,50,0,4780,0.251053,1274.772806,1,1.524
MNIST,FantopeOGD,10,50,0,4781,0.330667,1275.103473,1,1.524
MNIST,FantopeOGD,10,50,0,4782,0.191974,1275.295447,1,1.524
MNIST,FantopeOGD,10,50,0,4783,0.382090,1275.677537,1,1.524
MNIST,FantopeOGD,10,50,0,4784,0.354905,1276.032442,1,1.525
MNIST,FantopeOGD,10,50,0,4785,0.413479,1276.445920,1,1.525
MNIST,FantopeOGD,10,50,0,4786,0.169692,1276.615612,1,1.525
MNIST,FantopeOGD,10,50,0,4787,0.294992,1276.910604,1,1.526
MNIST,FantopeOGD,10,50,0,4788,0.234545,1277.145149,1,1.526
MNIST,FantopeOGD,10,50,0,4789,0.299117,1277.444266,1,1.526
MNIST,FantopeOGD,10,50,0,4790,0.270817,1277.715083,1,1.527
MNIST,FantopeOGD,10,50,0,4791,0.198981,1277.914064,1,1.527
MNIST,FantopeOGD,10,50,0,4792,0.241507,1278.155571,1,1.527
MNIST,FantopeOGD,10,50,0,4793,0.286029,1278.441600,1,1.528
MNIST,FantopeOGD,10,50,0,4794,0.203697,1278.645296,1,1.528
MNIST,FantopeOGD,10,50,0,4795,0.384509,1279.029806,1,1.528
MNIST,FantopeOGD,10,50,0,4796,0.206721,1279.236526,1,1.528
MNIST,FantopeOGD,10,50,0,4797,0.170228,1279.406755,1,1.529
MNIST,FantopeOGD,10,50,0,4798,0.288237,1279.694992,1,1.529
MNIST,FantopeOGD,10,50,0,4799,0.351771,1280.046762,1,1.529
MNIST,FantopeOGD,10,50,0,4800,0.240052,1280.286814,1,1.530
MNIST,FantopeOGD,10,50,0,4801,0.288533,1280.575347,1,1.530
MNIST,FantopeOGD,10,50,0,4802,0.377050,1280.952397,1,1.530
MNIST,FantopeOGD,10,50,0,4803,0.209675,1281.162071,1,1.531
MNIST,FantopeOGD,10,50,0,4804,0.287970,1281.450041,1,1.531
MNIST,FantopeOGD,10,50,0,4805,0.153635,1281.603676,1,1.531
MNIST,FantopeOGD,10,50,0,4806,0.267064,1281.870740,1,1.532
MNIST,FantopeOGD,10,50,0,4807,0.106753,1281.977493,1,1.532
MNIST,FantopeOGD,10,50,0,4808,0.222858,1282.200351,1,1.532
MNIST,FantopeOGD,10,50,0,4809,0.118633,1282.318984,1,1.533
MNIST,FantopeOGD,10,50,0,4810,0.113233,1282.432217,1,1.533
MNIST,FantopeOGD,10,50,0,4811,0.297337,1282.729554,1,1.533
MNIST,FantopeOGD,10,50,0,4812,0.145403,1282.874957,1,1.533
MNIST,FantopeOGD,10,50,0,4813,0.270937,1283.145895,1,1.534
MNIST,FantopeOGD,10,50,0,4814,0.309639,1283.455534,1,1.534
MNIST,FantopeOGD,10,50,0,4815,0.390646,1283.846180,1,1.535
MNIST,FantopeOGD,10,50,0,4816,0.118219,1283.964399,1,1.535
MNIST,FantopeOGD,10,50,0,4817,0.121464,1284.085863,1,1.535
MNIST,FantopeOGD,10,50,0,4818,0.117629,1284.203491,1,1.535
MNIST,FantopeOGD,10,50,0,4819,0.230231,1284.433722,1,1.536
MNIST,FantopeOGD,10,50,0,4820,0.085687,1284.519409,1,1.536
MNIST,FantopeOGD,10,50,0,4821,0.167387,1284.686796,1,1.536
MNIST,FantopeOGD,10,50,0,4822,0.229602,1284.916398,1,1.537
MNIST,FantopeOGD,10,50,0,4823,0.139766,1285.056164,1,1.537
MNIST,FantopeOGD,10,50,0,4824,0.158358,1285.214522,1,1.537
MNIST,FantopeOGD,10,50,0,4825,0.257978,1285.472500,1,1.538
MNIST,FantopeOGD,10,50,0,4826,0.090164,1285.562664,1,1.538
MNIST,FantopeOGD,10,50,0,4827,0.141760,1285.704424,1,1.538
MNIST,FantopeOGD,10,50,0,4828,0.245347,1285.949771,1,1.539
MNIST,FantopeOGD,10,50,0,4829,0.107114,1286.056885,1,1.539
MNIST,FantopeOGD,10,50,0,4830,0.105759,1286.162644,1,1.539
MNIST,FantopeOGD,10,50,0,4831,0.284778,1286.447421,1,1.539
MNIST,FantopeOGD,10,50,0,4832,0.198823,1286.646244,1,1.540
MNIST,FantopeOGD,10,50,0,4833,0.412765,1287.059010,1,1.540
MNIST,FantopeOGD,10,50,0,4834,0.217397,1287.276407,1,1.540
MNIST,FantopeOGD,10,50,0,4835,0.088142,1287.364549,1,1.541
MNIST,FantopeOGD,10,50,0,4836,0.213024,1287.577572,1,1.541
MNIST,FantopeOGD,10,50,0,4837,0.175064,1287.752637,1,1.541
MNIST,FantopeOGD,10,50,0,4838,0.206613,1287.959249,1,1.542
MNIST,FantopeOGD,10,50,0,4839,0.303372,1288.262622,1,1.542
MNIST,FantopeOGD,10,50,0,4840,0.302102,1288.564723,1,1.542
MNIST,FantopeOGD,10,50,0,4841,0.246082,1288.810805,1,1.543
MNIST,FantopeOGD,10,50,0,4842,0.262560,1289.073365,1,1.543
MNIST,FantopeOGD,10,50,0,4843,0.175385,1289.248751,1,1.543
MNIST,FantopeOGD,10,50,0,4844,0.330275,1289.579026,1,1.543
MNIST,FantopeOGD,10,50,0,4845,0.227646,1289.806671,1,1.544
MNIST,FantopeOGD,10,50,0,4846,0.237975,1290.044646,1,1.544
MNIST,FantopeOGD,10,50,0,4847,0.303722,1290.348369,1,1.544
MNIST,FantopeOGD,10,50,0,4848,0.379811,1290.728180,1,1.545
MNIST,FantopeOGD,10,50,0,4849,0.238883,1290.967063,1,1.545
MNIST,FantopeOGD,10,50,0,4850,0.265720,1291.232783,1,1.545
MNIST,FantopeOGD,10,50,0,4851,0.180163,1291.412945,1,1.546
MNIST,FantopeOGD,10,50,0,4852,0.270374,1291.683319,1,1.546
MNIST,FantopeOGD,10,50,0,4853,0.169354,1291.852673,1,1.546
MNIST,FantopeOGD,10,50,0,4854,0.237509,1292.090183,1,1.547
MNIST,FantopeOGD,10,50,0,4855,0.182779,1292.272962,1,1.547
MNIST,FantopeOGD,10,50,0,4856,0.167524,1292.440486,1,1.547
MNIST,FantopeOGD,10,50,0,4857,0.292480,1292.732966,1,1.548
MNIST,FantopeOGD,10,50,0,4858,0.264953,1292.997919,1,1.548
MNIST,FantopeOGD,10,50,0,4859,0.243420,1293.241339,1,1.548
MNIST,FantopeOGD,10,50,0,4860,0.402440,1293.643780,1,1.548
MNIST,FantopeOGD,10,50,0,4861,0.152594,1293.796374,1,1.549
MNIST,FantopeOGD,10,50,0,4862,0.288801,1294.085175,1,1.549
MNIST,FantopeOGD,10,50,0,4863,0.194199,1294.279374,1,1.549
MNIST,FantopeOGD,10,50,0,4864,0.194561,1294.473935,1,1.550
MNIST,FantopeOGD,10,50,0,4865,0.358224,1294.832159,1,1.550
MNIST,FantopeOGD,10,50,0,4866,0.156723,1294.988882,1,1.550
MNIST,FantopeOGD,10,50,0,4867,0.331775,1295.320657,1,1.551
MNIST,FantopeOGD,10,50,0,4868,0.137822,1295.458479,1,1.551
MNIST,FantopeOGD,10,50,0,4869,0.248546,1295.707026,1,1.551
MNIST,FantopeOGD,10,50,0,4870,0.232966,1295.939992,1,1.552
MNIST,FantopeOGD,10,50,0,4871,0.205662,1296.145654,1,1.552
MNIST,FantopeOGD,10,50,0,4872,0.121899,1296.267553,1,1.552
MNIST,FantopeOGD,10,50,0,4873,0.281098,1296.548651,1,1.553
MNIST,FantopeOGD,10,50,0,4874,0.162584,1296.711236,1,1.553
MNIST,FantopeOGD,10,50,0,4875,0.645980,1297.357216,1,1.553
MNIST,FantopeOGD,10,50,0,4876,0.231067,1297.588282,1,1.554
MNIST,FantopeOGD,10,50,0,4877,0.186643,1297.774926,1,1.554
MNIST,FantopeOGD,10,50,0,4878,0.343575,1298.118501,1,1.554
MNIST,FantopeOGD,10,50,0,4879,0.256814,1298.375315,1,1.554
MNIST,FantopeOGD,10,50,0,4880,0.172959,1298.548274,1,1.555
MNIST,FantopeOGD,10,50,0,4881,0.188926,1298.737200,1,1.555
MNIST,FantopeOGD,10,50,0,4882,0.256274,1298.993474,1,1.555
MNIST,FantopeOGD,10,50,0,4883,0.248854,1299.242328,1,1.556
MNIST,FantopeOGD,10,50,0,4884,0.149446,1299.391774,1,1.556
MNIST,FantopeOGD,10,50,0,4885,0.256968,1299.648742,1,1.556
MNIST,FantopeOGD,10,50,0,4886,0.392718,1300.041461,1,1.557
MNIST,FantopeOGD,10,50,0,4887,0.334341,1300.375801,1,1.557
MNIST,FantopeOGD,10,50,0,4888,0.208872,1300.584673,1,1.557
MNIST,FantopeOGD,10,50,0,4889,0.430381,1301.015054,1,1.558
MNIST,FantopeOGD,10,50,0,4890,0.396261,1301.411315,1,1.558
MNIST,FantopeOGD,10,50,0,4891,0.404260,1301.815575,1,1.558
MNIST,FantopeOGD,10,50,0,4892,0.296296,1302.111871,1,1.558
MNIST,FantopeOGD,10,50,0,4893,0.193428,1302.305299,1,1.559
MNIST,FantopeOGD,10,50,0,4894,0.460765,1302.766064,1,1.559
MNIST,FantopeOGD,10,50,0,4895,0.265173,1303.031237,1,1.559
MNIST,FantopeOGD,10,50,0,4896,0.128622,1303.159859,1,1.560
MNIST,FantopeOGD,10,50,0,4897,0.286958,1303.446817,1,1.560
MNIST,FantopeOGD,10,50,0,4898,0.349003,1303.795820,1,1.560
MNIST,FantopeOGD,10,50,0,4899,0.577880,1304.373700,1,1.561
MNIST,FantopeOGD,10,50,0,4900,0.191294,1304.564994,1,1.561
MNIST,FantopeOGD,10,50,0,4901,0.503038,1305.068032,1,1.561
MNIST,FantopeOGD,10,50,0,4902,0.153068,1305.221100,1,1.562
MNIST,FantopeOGD,10,50,0,4903,0.304343,1305.525443,1,1.562
MNIST,FantopeOGD,10,50,0,4904,0.218109,1305.743552,1,1.562
MNIST,FantopeOGD,10,50,0,4905,0.209250,1305.952802,1,1.563
MNIST,FantopeOGD,10,50,0,4906,0.454468,1306.407270,1,1.563
MNIST,FantopeOGD,10,50,0,4907,0.130114,1306.537384,1,1.563
MNIST,FantopeOGD,10,50,0,4908,0.457480,1306.994864,1,1.564
MNIST,FantopeOGD,10,50,0,4909,0.319115,1307.313979,1,1.564
MNIST,FantopeOGD,10,50,0,4910,0.140091,1307.454070,1,1.564
MNIST,FantopeOGD,10,50,0,4911,0.180428,1307.634498,1,1.564
MNIST,FantopeOGD,10,50,0,4912,0.280853,1307.915351,1,1.565
MNIST,FantopeOGD,10,50,0,4913,0.218731,1308.134081,1,1.565
MNIST,FantopeOGD,10,50,0,4914,0.167418,1308.301499,1,1.565
MNIST,FantopeOGD,10,50,0,4915,0.229714,1308.531213,1,1.566
MNIST,FantopeOGD,10,50,0,4916,0.141612,1308.672826,1,1.566
MNIST,FantopeOGD,10,50,0,4917,0.336168,1309.008994,1,1.566
MNIST,FantopeOGD,10,50,0,4918,0.346484,1309.355478,1,1.567
MNIST,FantopeOGD,10,50,0,4919,0.176584,1309.532062,1,1.567
MNIST,FantopeOGD,10,50,0,4920,0.298111,1309.830173,1,1.567
MNIST,FantopeOGD,10,50,0,4921,0.275895,1310.106067,1,1.568
MNIST,FantopeOGD,10,50,0,4922,0.237394,1310.343461,1,1.568
MNIST,FantopeOGD,10,50,0,4923,0.189834,1310.533296,1,1.568
MNIST,FantopeOGD,10,50,0,4924,0.245787,1310.779082,1,1.569
MNIST,FantopeOGD,10,50,0,4925,0.286571,1311.065653,1,1.569
MNIST,FantopeOGD,10,50,0,4926,0.237656,1311.303309,1,1.569
MNIST,FantopeOGD,10,50,0,4927,0.254686,1311.557996,1,1.569
MNIST,FantopeOGD,10,50,0,4928,0.407840,1311.965836,1,1.570
MNIST,FantopeOGD,10,50,0,4929,0.169062,1312.134898,1,1.570
MNIST,FantopeOGD,10,50,0,4930,0.272615,1312.407512,1,1.570
MNIST,FantopeOGD,10,50,0,4931,0.335655,1312.743167,1,1.571
MNIST,FantopeOGD,10,50,0,4932,0.237178,1312.980345,1,1.571
MNIST,FantopeOGD,10,50,0,4933,0.207616,1313.187961,1,1.571
MNIST,FantopeOGD,10,50,0,4934,0.236204,1313.424165,1,1.572
MNIST,FantopeOGD,10,50,0,4935,0.296643,1313.720808,1,1.572
MNIST,FantopeOGD,10,50,0,4936,0.253785,1313.974593,1,1.572
MNIST,FantopeOGD,10,50,0,4937,0.096604,1314.071197,1,1.573
MNIST,FantopeOGD,10,50,0,4938,0.475814,1314.547011,1,1.573
MNIST,FantopeOGD,10,50,0,4939,0.276457,1314.823469,1,1.573
MNIST,FantopeOGD,10,50,0,4940,0.168395,1314.991863,1,1.573
MNIST,FantopeOGD,10,50,0,4941,0.374691,1315.366555,1,1.574
MNIST,FantopeOGD,10,50,0,4942,0.327152,1315.693707,1,1.574
MNIST,FantopeOGD,10,50,0,4943,0.218392,1315.912099,1,1.574
MNIST,FantopeOGD,10,50,0,4944,0.215241,1316.127339,1,1.575
MNIST,FantopeOGD,10,50,0,4945,0.391990,1316.519330,1,1.575
MNIST,FantopeOGD,10,50,0,4946,0.207959,1316.727288,1,1.575
MNIST,FantopeOGD,10,50,0,4947,0.195619,1316.922907,1,1.576
MNIST,FantopeOGD,10,50,0,4948,0.377914,1317.300821,1,1.576
MNIST,FantopeOGD,10,50,0,4949,0.403151,1317.703972,1,1.576
MNIST,FantopeOGD,10,50,0,4950,0.254658,1317.958630,1,1.577
MNIST,FantopeOGD,10,50,0,4951,0.118307,1318.076937,1,1.577
MNIST,FantopeOGD,10,50,0,4952,0.111998,1318.188935,1,1.577
MNIST,FantopeOGD,10,50,0,4953,0.318376,1318.507311,1,1.578
MNIST,FantopeOGD,10,50,0,4954,0.325971,1318.833282,1,1.578
MNIST,FantopeOGD,10,50,0,4955,0.128349,1318.961631,1,1.578
MNIST,FantopeOGD,10,50,0,4956,0.211395,1319.173026,1,1.578
MNIST,FantopeOGD,10,50,0,4957,0.213524,1319.386549,1,1.579
MNIST,FantopeOGD,10,50,0,4958,0.272581,1319.659131,1,1.579
MNIST,FantopeOGD,10,50,0,4959,0.166718,1319.825849,1,1.579
MNIST,FantopeOGD,10,50,0,4960,0.287712,1320.113561,1,1.580
MNIST,FantopeOGD,10,50,0,4961,0.177459,1320.291021,1,1.580
MNIST,FantopeOGD,10,50,0,4962,0.191712,1320.482732,1,1.580
MNIST,FantopeOGD,10,50,0,4963,0.138464,1320.621196,1,1.581
MNIST,FantopeOGD,10,50,0,4964,0.304660,1320.925856,1,1.581
MNIST,FantopeOGD,10,50,0,4965,0.320968,1321.246824,1,1.581
MNIST,FantopeOGD,10,50,0,4966,0.232845,1321.479669,1,1.582
MNIST,FantopeOGD,10,50,0,4967,0.316429,1321.796097,1,1.582
MNIST,FantopeOGD,10,50,0,4968,0.357160,1322.153257,1,1.582
MNIST,FantopeOGD,10,50,0,4969,0.121621,1322.274878,1,1.583
MNIST,FantopeOGD,10,50,0,4970,0.233050,1322.507929,1,1.583
MNIST,FantopeOGD,10,50,0,4971,0.272230,1322.780159,1,1.583
MNIST,FantopeOGD,10,50,0,4972,0.170686,1322.950844,1,1.583
MNIST,FantopeOGD,10,50,0,4973,0.263769,1323.214613,1,1.584
MNIST,FantopeOGD,10,50,0,4974,0.212029,1323.426642,1,1.584
MNIST,FantopeOGD,10,50,0,4975,0.342985,1323.769627,1,1.584
MNIST,FantopeOGD,10,50,0,4976,0.424986,1324.194613,1,1.585
MNIST,FantopeOGD,10,50,0,4977,0.417497,1324.612110,1,1.585
MNIST,FantopeOGD,10,50,0,4978,0.175309,1324.787419,1,1.585
MNIST,FantopeOGD,10,50,0,4979,0.166911,1324.954330,1,1.586
MNIST,FantopeOGD,10,50,0,4980,0.168249,1325.122579,1,1.586
MNIST,FantopeOGD,10,50,0,4981,0.265033,1325.387612,1,1.586
MNIST,FantopeOGD,10,50,0,4982,0.361168,1325.748780,1,1.587
MNIST,FantopeOGD,10,50,0,4983,0.213687,1325.962467,1,1.587
MNIST,FantopeOGD,10,50,0,4984,0.203775,1326.166243,1,1.587
MNIST,FantopeOGD,10,50,0,4985,0.207910,1326.374152,1,1.587
MNIST,FantopeOGD,10,50,0,4986,0.223970,1326.598123,1,1.588
MNIST,FantopeOGD,10,50,0,4987,0.145204,1326.743327,1,1.588
MNIST,FantopeOGD,10,50,0,4988,0.341916,1327.085243,1,1.588
MNIST,FantopeOGD,10,50,0,4989,0.064589,1327.149832,1,1.589
MNIST,FantopeOGD,10,50,0,4990,0.096717,1327.246549,1,1.589
MNIST,FantopeOGD,10,50,0,4991,0.312760,1327.559309,1,1.589
MNIST,FantopeOGD,10,50,0,4992,0.190191,1327.749500,1,1.590
MNIST,FantopeOGD,10,50,0,4993,0.243283,1327.992782,1,1.590
MNIST,FantopeOGD,10,50,0,4994,0.231452,1328.224235,1,1.590
MNIST,FantopeOGD,10,50,0,4995,0.353583,1328.577818,1,1.591
MNIST,FantopeOGD,10,50,0,4996,0.288903,1328.866721,1,1.591
MNIST,FantopeOGD,10,50,0,4997,0.279704,1329.146425,1,1.591
MNIST,FantopeOGD,10,50,0,4998,0.345916,1329.492341,1,1.591
MNIST,FantopeOGD,10,50,0,4999,0.289908,1329.782250,1,1.592
